{
  "welcomeFile": "index.html",
  "routes": [
    {
      "path": "/sap/opu/odata/sap/YMFACV_P2P_DASHBOARD_SRV",
      "target": {
        "type": "destination",
        "name": "FED",
        "entryPath": "/sap/opu/odata/sap/YMFACV_P2P_DASHBOARD_SRV"
      },
      "description": "FED_TSL"
    },
    {
      "path": "/resources",
      "target": {
        "type": "service",
        "name": "sapui5",
        "preferLocal": true,
        "entryPath": "/resources",
        "version": "1.44.22"
      },
      "description": "SAPUI5 Resources"
    },
    {
      "path": "/test-resources",
      "target": {
        "type": "service",
        "name": "sapui5",
        "entryPath": "/test-resources",
        "version": "1.44.22"
      },
      "description": "SAPUI5 Test Resources"
    },
    {
      "path": "/sap/opu/odata",
      "target": {
        "type": "destination",
        "name": "FEW",
        "entryPath": "/sap/opu/odata"
      },
      "description": "FEW"
    },
    {
      "path": "/sap/bc/ui5_ui5",
      "target": {
        "type": "destination",
        "name": "FEW",
        "entryPath": "/sap/bc/ui5_ui5"
      },
      "description": "FEW"
    },
    {
      "path": "/resources/YMFACV_P2P_DASHBOARD_SRV/Component",
      "target": {
        "type": "destination",
        "name": "FEW",
        "entryPath": "/sap/bc/lrep/flex/data/YMFACV_P2P_DASHBOARD_SRV.Component/~xQc06HXmD3r5dsxzLqrFtpC6zRM=~",
        "preferLocal": true
      },
      "description": "YMFACV_P2P_DASHBOARD_SRV/Component Reuse Library"
    }
  ]
}