{
    "resources": [
        {
            "name": ".che/project.json"
        },
        {
            "name": ".gitignore"
        },
        {
            "name": ".project.json"
        },
        {
            "name": ".user.project.json"
        },
        {
            "name": "Component-preload.js",
            "merged": true
        },
        {
            "name": "Component.js"
        },
        {
            "name": "Custom/CustomNavFilter.controller.js"
        },
        {
            "name": "Gruntfile.js"
        },
        {
            "name": "dist"
        },
        {
            "name": "ext/readme.txt"
        },
        {
            "name": "i18n/i18n.properties",
            "raw": "i18n/i18n.properties"
        },
        {
            "name": "img/readme.txt"
        },
        {
            "name": "localService/Darshboard_Alias/metadata.xml"
        },
        {
            "name": "localService/annotation0.xml"
        },
        {
            "name": "localService/metadata.xml"
        },
        {
            "name": "localService/mockserver.js"
        },
        {
            "name": "maniFestbkp.txt"
        },
        {
            "name": "manifest.json"
        },
        {
            "name": "neo-app.json"
        },
        {
            "name": "node_modules"
        },
        {
            "name": "package-lock.json"
        },
        {
            "name": "package.json"
        },
        {
            "name": "resources.json",
            "merged": true
        },
        {
            "name": "sap-ui-cachebuster-info.json"
        }
    ]
}