{
  ".che/project.json": 1549530777506,
  ".gitignore": 1549530777500,
  ".project.json": 1549530777434,
  ".user.project.json": 1549530777451,
  "Component-preload.js": 1549530827715,
  "Component.js": 1549530777438,
  "Custom/CustomNavFilter.controller.js": 1549530777511,
  "Gruntfile.js": 1549530777491,
  "ext/readme.txt": 1549530777508,
  "i18n/i18n.properties": 1549530777513,
  "img/readme.txt": 1549530777515,
  "localService/Darshboard_Alias/metadata.xml": 1549530777544,
  "localService/annotation0.xml": 1549530777525,
  "localService/metadata.xml": 1549530777517,
  "localService/mockserver.js": 1549530777520,
  "maniFestbkp.txt": 1549530777505,
  "manifest.json": 1549530777482,
  "neo-app.json": 1549530777454,
  "package-lock.json": 1549530777496,
  "package.json": 1549530777499,
  "resources.json": 1549530827728
}