{
  "projectType": [
    "sap.watt.uitools.ide.fiori",
    "com.watt.common.builder.sapui5clientbuild"
  ],
  "build": {
    "targetFolder": "dist",
    "sourceFolder": "webapp",
    "excludedFolders": [
      "test"
    ],
    "buildRequired": true,
    "lastBuildDateTime": "Fri, 08 Dec 2017 11:56:48 GMT"
  },
  "generation": [
    {
      "templateId": "OVP.smartovptemplate",
      "templateVersion": "1.41.1",
      "dateTimeStamp": "Thu, 02 Nov 2017 06:25:58 GMT"
    },
    {
      "templateId": "OVP.cardtemplate",
      "templateVersion": "0.0.0",
      "dateTimeStamp": "Thu, 02 Nov 2017 12:08:32 GMT"
    }
  ],
  "translation": {
    "translationDomain": "",
    "supportedLanguages": "en,fr,de",
    "defaultLanguage": "en",
    "defaultI18NPropertyFile": "i18n.properties",
    "resourceModelName": "i18n"
  },
  "mockpreview": {
    "mockUri": "/sap/opu/odata/sap/YMFACV_P2P_DASHBOARD_SRV",
    "metadataFilePath": "",
    "loadJSONFiles": false,
    "loadCustomRequests": false,
    "mockRequestsFilePath": ""
  },
  "codeCheckingTriggers": {
    "notifyBeforePush": true,
    "notifyBeforePushLevel": "Error",
    "blockPush": false,
    "blockPushLevel": "Error"
  },
  "basevalidator": {
    "services": {
      "xml": "fioriXmlAnalysis",
      "js": "fioriJsValidator"
    }
  },
  "deploy": {
    "destination": "FED",
    "name": "ZP2P_DASHBOARD"
  }
}