<edmx:Edmx
    xmlns:edmx="http://schemas.microsoft.com/ado/2007/06/edmx"
    xmlns:m="http://schemas.microsoft.com/ado/2007/08/dataservices/metadata"
    xmlns:sap="http://www.sap.com/Protocols/SAPData" Version="1.0">
    <edmx:DataServices m:DataServiceVersion="2.0">
        <Schema
            xmlns="http://schemas.microsoft.com/ado/2008/09/edm" Namespace="YMPI_HOME_DELIVERY_SRV" xml:lang="en" sap:schema-version="1">
            <EntityType Name="DELIVERYPOINT" sap:content-version="1">
                <Key>
                    <PropertyRef Name="WEMPF"/>
                </Key>
                <Property Name="WEMPF" Type="Edm.String" Nullable="false" MaxLength="12" sap:unicode="false" sap:label="Delv Point" sap:creatable="false" sap:updatable="false" sap:sortable="false" sap:filterable="false"/>
            </EntityType>
            <EntityType Name="PLANT" sap:content-version="1">
                <Key>
                    <PropertyRef Name="WERKS"/>
                </Key>
                <Property Name="WERKS" Type="Edm.String" Nullable="false" MaxLength="4" sap:unicode="false" sap:label="Plant" sap:creatable="false" sap:updatable="false" sap:sortable="false" sap:filterable="false"/>
            </EntityType>
            <EntityType Name="HANDOVER" sap:content-version="1">
                <Key>
                    <PropertyRef Name="RSNUM"/>
                    <PropertyRef Name="RSPOS"/>
                    <PropertyRef Name="MBLNR"/>
                    <PropertyRef Name="MJAHR"/>
                    <PropertyRef Name="ZEILE"/>
                    <PropertyRef Name="COUNTER"/>
                    <PropertyRef Name="BUDAT"/>
                </Key>
                <Property Name="RSNUM" Type="Edm.String" Nullable="false" MaxLength="10" sap:unicode="false" sap:label="Reservation No" sap:creatable="false" sap:updatable="false" sap:sortable="false" sap:filterable="false"/>
                <Property Name="RSPOS" Type="Edm.String" Nullable="false" MaxLength="4" sap:unicode="false" sap:label="Reservation Item" sap:creatable="false" sap:updatable="false" sap:sortable="false" sap:filterable="false"/>
                <Property Name="MBLNR" Type="Edm.String" Nullable="false" MaxLength="10" sap:unicode="false" sap:label="Number of Material Document" sap:creatable="false" sap:updatable="false" sap:sortable="false" sap:filterable="false"/>
                <Property Name="MJAHR" Type="Edm.String" Nullable="false" MaxLength="4" sap:unicode="false" sap:label="Material Document Year" sap:creatable="false" sap:updatable="false" sap:sortable="false" sap:filterable="false"/>
                <Property Name="ZEILE" Type="Edm.String" Nullable="false" MaxLength="4" sap:unicode="false" sap:label="Item in Material Document" sap:creatable="false" sap:updatable="false" sap:sortable="false" sap:filterable="false"/>
                <Property Name="COUNTER" Type="Edm.String" Nullable="false" MaxLength="3" sap:unicode="false" sap:label="Counter" sap:creatable="false" sap:updatable="false" sap:sortable="false" sap:filterable="false"/>
                <Property Name="BUDAT" Type="Edm.String" Nullable="false" MaxLength="8" sap:unicode="false" sap:label="Issue Date" sap:creatable="false" sap:updatable="false" sap:sortable="false" sap:filterable="false"/>
                <Property Name="ENMNG" Type="Edm.String" Nullable="false" MaxLength="13" sap:unicode="false" sap:label="Issue Quantity" sap:creatable="false" sap:updatable="false" sap:sortable="false" sap:filterable="false"/>
                <Property Name="ROUTE" Type="Edm.String" Nullable="false" MaxLength="20" sap:unicode="false" sap:label="Route" sap:creatable="false" sap:updatable="false" sap:sortable="false" sap:filterable="false"/>
                <Property Name="WEMPF" Type="Edm.String" Nullable="false" MaxLength="12" sap:unicode="false" sap:label="Delv Point" sap:creatable="false" sap:updatable="false" sap:sortable="false" sap:filterable="false"/>
                <Property Name="MATNR" Type="Edm.String" Nullable="false" MaxLength="40" sap:unicode="false" sap:label="Material No" sap:creatable="false" sap:updatable="false" sap:sortable="false" sap:filterable="false"/>
                <Property Name="WERKS" Type="Edm.String" Nullable="false" MaxLength="4" sap:unicode="false" sap:label="Plant" sap:creatable="false" sap:updatable="false" sap:sortable="false" sap:filterable="false"/>
                <Property Name="LGORT" Type="Edm.String" Nullable="false" MaxLength="4" sap:unicode="false" sap:label="StorageLocation" sap:creatable="false" sap:updatable="false" sap:sortable="false" sap:filterable="false"/>
                <Property Name="HANDOVR_QTY" Type="Edm.String" Nullable="false" MaxLength="13" sap:unicode="false" sap:label="Handover Quantity" sap:creatable="false" sap:updatable="false" sap:sortable="false" sap:filterable="false"/>
                <Property Name="HANDOVR_QTY_COMPL" Type="Edm.String" Nullable="false" MaxLength="13" sap:unicode="false" sap:label="Handover Quantity Completed" sap:creatable="false" sap:updatable="false" sap:sortable="false" sap:filterable="false"/>
                <Property Name="HANDOVR_QTY_REMAIN" Type="Edm.String" Nullable="false" MaxLength="13" sap:unicode="false" sap:label="Handover Quantity Reamining" sap:creatable="false" sap:updatable="false" sap:sortable="false" sap:filterable="false"/>
                <Property Name="FINALSTATUS" Type="Edm.String" Nullable="false" MaxLength="1" sap:unicode="false" sap:label="Final Status" sap:creatable="false" sap:updatable="false" sap:sortable="false" sap:filterable="false"/>
                <Property Name="DRIVERNAME" Type="Edm.String" Nullable="false" MaxLength="30" sap:unicode="false" sap:label="Driver Name" sap:creatable="false" sap:updatable="false" sap:sortable="false" sap:filterable="false"/>
                <Property Name="DRIVERCONTACTNO" Type="Edm.String" Nullable="false" MaxLength="10" sap:unicode="false" sap:label="Driver Contact No" sap:creatable="false" sap:updatable="false" sap:sortable="false" sap:filterable="false"/>
                <Property Name="VEHICLENO" Type="Edm.String" Nullable="false" MaxLength="25" sap:unicode="false" sap:label="Vehicle No" sap:creatable="false" sap:updatable="false" sap:sortable="false" sap:filterable="false"/>
                <Property Name="VEHICLEDETAILS" Type="Edm.String" Nullable="false" MaxLength="100" sap:unicode="false" sap:label="Vehicle Details" sap:creatable="false" sap:updatable="false" sap:sortable="false" sap:filterable="false"/>
            </EntityType>
            <EntityType Name="Route" sap:content-version="1">
                <Key>
                    <PropertyRef Name="ROUTE"/>
                </Key>
                <Property Name="ROUTE" Type="Edm.String" Nullable="false" MaxLength="20" sap:unicode="false" sap:label="ROUTE" sap:creatable="false" sap:updatable="false" sap:sortable="false" sap:filterable="false"/>
            </EntityType>
            <EntityType Name="MRNO" sap:content-version="1">
                <Key>
                    <PropertyRef Name="RSNUM"/>
                </Key>
                <Property Name="RSNUM" Type="Edm.String" Nullable="false" MaxLength="10" sap:unicode="false" sap:label="Reservation No" sap:creatable="false" sap:updatable="false" sap:sortable="false" sap:filterable="false"/>
            </EntityType>
            <EntityType Name="MaterialNo" sap:content-version="1">
                <Key>
                    <PropertyRef Name="MATNR"/>
                    <PropertyRef Name="MAKTX"/>
                </Key>
                <Property Name="MATNR" Type="Edm.String" Nullable="false" MaxLength="40" sap:unicode="false" sap:label="Material" sap:creatable="false" sap:updatable="false" sap:sortable="false" sap:filterable="false"/>
                <Property Name="MAKTX" Type="Edm.String" Nullable="false" MaxLength="40" sap:unicode="false" sap:label="Desc" sap:creatable="false" sap:updatable="false" sap:sortable="false" sap:filterable="false"/>
            </EntityType>
            <EntityContainer Name="YMPI_HOME_DELIVERY_SRV_Entities" m:IsDefaultEntityContainer="true" sap:supported-formats="atom json xlsx">
                <EntitySet Name="DELIVERYPOINTSet" EntityType="YMPI_HOME_DELIVERY_SRV.DELIVERYPOINT" sap:creatable="false" sap:updatable="false" sap:deletable="false" sap:pageable="false" sap:addressable="false" sap:content-version="1"/>
                <EntitySet Name="PLANTSet" EntityType="YMPI_HOME_DELIVERY_SRV.PLANT" sap:creatable="false" sap:updatable="false" sap:deletable="false" sap:pageable="false" sap:addressable="false" sap:content-version="1"/>
                <EntitySet Name="HANDOVERSet" EntityType="YMPI_HOME_DELIVERY_SRV.HANDOVER" sap:creatable="false" sap:updatable="false" sap:deletable="false" sap:pageable="false" sap:addressable="false" sap:content-version="1"/>
                <EntitySet Name="RouteSet" EntityType="YMPI_HOME_DELIVERY_SRV.Route" sap:creatable="false" sap:updatable="false" sap:deletable="false" sap:pageable="false" sap:addressable="false" sap:content-version="1"/>
                <EntitySet Name="MRNOSet" EntityType="YMPI_HOME_DELIVERY_SRV.MRNO" sap:creatable="false" sap:updatable="false" sap:deletable="false" sap:pageable="false" sap:addressable="false" sap:content-version="1"/>
                <EntitySet Name="MaterialNoSet" EntityType="YMPI_HOME_DELIVERY_SRV.MaterialNo" sap:creatable="false" sap:updatable="false" sap:deletable="false" sap:pageable="false" sap:addressable="false" sap:content-version="1"/>
            </EntityContainer>
            <atom:link
                xmlns:atom="http://www.w3.org/2005/Atom" rel="self" href="./sap/YMPI_HOME_DELIVERY_SRV/$metadata"/>
                <atom:link
                    xmlns:atom="http://www.w3.org/2005/Atom" rel="latest-version" href="./sap/YMPI_HOME_DELIVERY_SRV/$metadata"/>
                </Schema>
            </edmx:DataServices>
        </edmx:Edmx>