<edmx:Edmx
    xmlns:edmx="http://schemas.microsoft.com/ado/2007/06/edmx"
    xmlns:m="http://schemas.microsoft.com/ado/2007/08/dataservices/metadata"
    xmlns:sap="http://www.sap.com/Protocols/SAPData" Version="1.0">
    <edmx:DataServices m:DataServiceVersion="2.0">
        <Schema
            xmlns="http://schemas.microsoft.com/ado/2008/09/edm" Namespace="YMSDOD_INVOICE_PRINT_SRV" xml:lang="en" sap:schema-version="1">
            <EntityType Name="CtData" m:HasStream="true" sap:content-version="1">
                <Key>
                    <PropertyRef Name="Vbeln"/>
                </Key>
                <Property Name="Vbeln" Type="Edm.String" Nullable="false" MaxLength="10" sap:unicode="false" sap:label="Billing Doc." sap:creatable="false" sap:updatable="false" sap:sortable="false" sap:filterable="false"/>
                <Property Name="Fkart" Type="Edm.String" MaxLength="4" sap:unicode="false" sap:label="Billing Type" sap:creatable="false" sap:updatable="false" sap:sortable="false" sap:filterable="false"/>
                <Property Name="Vkorg" Type="Edm.String" MaxLength="4" sap:unicode="false" sap:label="Sales Org." sap:creatable="false" sap:updatable="false" sap:sortable="false" sap:filterable="false"/>
                <Property Name="Vtweg" Type="Edm.String" MaxLength="2" sap:unicode="false" sap:label="Distr. Channel" sap:creatable="false" sap:updatable="false" sap:sortable="false" sap:filterable="false"/>
                <Property Name="Spart" Type="Edm.String" MaxLength="2" sap:unicode="false" sap:label="Division" sap:creatable="false" sap:updatable="false" sap:sortable="false" sap:filterable="false"/>
                <Property Name="Werks" Type="Edm.String" MaxLength="4" sap:unicode="false" sap:label="Plant" sap:creatable="false" sap:updatable="false" sap:sortable="false" sap:filterable="false"/>
                <Property Name="Fkdat" Type="Edm.DateTime" Precision="7" sap:unicode="false" sap:label="Billing Date" sap:creatable="false" sap:updatable="false" sap:sortable="false" sap:filterable="false"/>
                <Property Name="Erdat" Type="Edm.DateTime" Precision="7" sap:unicode="false" sap:label="Created on" sap:creatable="false" sap:updatable="false" sap:sortable="false" sap:filterable="false"/>
                <Property Name="Ernam" Type="Edm.String" MaxLength="12" sap:unicode="false" sap:label="Created by" sap:creatable="false" sap:updatable="false" sap:sortable="false" sap:filterable="false"/>
                <Property Name="Original" Type="Edm.String" MaxLength="1" sap:unicode="false" sap:label="Single-Character Flag" sap:creatable="false" sap:updatable="false" sap:sortable="false" sap:filterable="false"/>
                <Property Name="Rpeat" Type="Edm.String" MaxLength="1" sap:unicode="false" sap:label="Single-Character Flag" sap:creatable="false" sap:updatable="false" sap:sortable="false" sap:filterable="false"/>
                <Property Name="Special" Type="Edm.String" MaxLength="1" sap:unicode="false" sap:label="Single-Character Flag" sap:creatable="false" sap:updatable="false" sap:sortable="false" sap:filterable="false"/>
                <Property Name="Duplicate" Type="Edm.String" MaxLength="1" sap:unicode="false" sap:label="Single-Character Flag" sap:creatable="false" sap:updatable="false" sap:sortable="false" sap:filterable="false"/>
                <Property Name="Triplicate" Type="Edm.String" MaxLength="1" sap:unicode="false" sap:label="Single-Character Flag" sap:creatable="false" sap:updatable="false" sap:sortable="false" sap:filterable="false"/>
                <Property Name="Preview" Type="Edm.String" MaxLength="1" sap:unicode="false" sap:label="Single-Character Flag" sap:creatable="false" sap:updatable="false" sap:sortable="false" sap:filterable="false"/>
                <Property Name="Prnt" Type="Edm.String" MaxLength="1" sap:unicode="false" sap:label="Single-Character Flag" sap:creatable="false" sap:updatable="false" sap:sortable="false" sap:filterable="false"/>
                <Property Name="Line" Type="Edm.Binary" sap:unicode="false" sap:label="Binary data" sap:creatable="false" sap:updatable="false" sap:sortable="false" sap:filterable="false"/>
                <Property Name="Error" Type="Edm.String" MaxLength="100" sap:unicode="false" sap:label="Character 100" sap:creatable="false" sap:updatable="false" sap:sortable="false" sap:filterable="false"/>
                <Property Name="URL" Type="Edm.String" MaxLength="200" sap:unicode="false" sap:label="URL" sap:creatable="false" sap:updatable="false" sap:sortable="false" sap:filterable="false"/>
                <Property Name="MimeType" Type="Edm.String" MaxLength="100" sap:unicode="false" sap:label="Mime Type" sap:creatable="false" sap:updatable="false" sap:sortable="false" sap:filterable="false"/>
            </EntityType>
            <EntityType Name="BillType" sap:content-version="1">
                <Key>
                    <PropertyRef Name="Fkart"/>
                </Key>
                <Property Name="Fkart" Type="Edm.String" Nullable="false" MaxLength="4" sap:unicode="false" sap:label="Billing Type" sap:creatable="false" sap:updatable="false" sap:sortable="false" sap:filterable="false"/>
            </EntityType>
            <EntityType Name="SalesOrg" sap:content-version="1">
                <Key>
                    <PropertyRef Name="Vkorg"/>
                </Key>
                <Property Name="Vkorg" Type="Edm.String" Nullable="false" MaxLength="4" sap:unicode="false" sap:label="Sales org." sap:creatable="false" sap:updatable="false" sap:sortable="false" sap:filterable="false"/>
            </EntityType>
            <EntityType Name="DistrChannel" sap:content-version="1">
                <Key>
                    <PropertyRef Name="Vtweg"/>
                </Key>
                <Property Name="Vtweg" Type="Edm.String" Nullable="false" MaxLength="2" sap:unicode="false" sap:label="Distr. Channel" sap:creatable="false" sap:updatable="false" sap:sortable="false" sap:filterable="false"/>
            </EntityType>
            <EntityType Name="Division" sap:content-version="1">
                <Key>
                    <PropertyRef Name="Spart"/>
                </Key>
                <Property Name="Spart" Type="Edm.String" Nullable="false" MaxLength="2" sap:unicode="false" sap:label="Division" sap:creatable="false" sap:updatable="false" sap:sortable="false" sap:filterable="false"/>
            </EntityType>
            <EntityType Name="Plant" sap:content-version="1">
                <Key>
                    <PropertyRef Name="Werks"/>
                </Key>
                <Property Name="Werks" Type="Edm.String" Nullable="false" MaxLength="4" sap:unicode="false" sap:label="Plant" sap:creatable="false" sap:updatable="false" sap:sortable="false" sap:filterable="false"/>
            </EntityType>
            <EntityType Name="BillDate" sap:content-version="1">
                <Key>
                    <PropertyRef Name="Fkdat"/>
                </Key>
                <Property Name="Fkdat" Type="Edm.DateTime" Nullable="false" Precision="7" sap:unicode="false" sap:label="Billing Date" sap:creatable="false" sap:updatable="false" sap:sortable="false" sap:filterable="false"/>
            </EntityType>
            <EntityType Name="Createdby" sap:content-version="1">
                <Key>
                    <PropertyRef Name="Ernam"/>
                </Key>
                <Property Name="Ernam" Type="Edm.String" Nullable="false" MaxLength="12" sap:unicode="false" sap:label="Created by" sap:creatable="false" sap:updatable="false" sap:sortable="false" sap:filterable="false"/>
            </EntityType>
            <EntityContainer Name="YMSDOD_INVOICE_PRINT_SRV_Entities" m:IsDefaultEntityContainer="true" sap:supported-formats="atom json xlsx">
                <EntitySet Name="CtDataSet" EntityType="YMSDOD_INVOICE_PRINT_SRV.CtData" sap:creatable="false" sap:updatable="false" sap:deletable="false" sap:pageable="false" sap:content-version="1"/>
                <EntitySet Name="BillTypeSet" EntityType="YMSDOD_INVOICE_PRINT_SRV.BillType" sap:creatable="false" sap:updatable="false" sap:deletable="false" sap:pageable="false" sap:content-version="1"/>
                <EntitySet Name="SalesOrgSet" EntityType="YMSDOD_INVOICE_PRINT_SRV.SalesOrg" sap:creatable="false" sap:updatable="false" sap:deletable="false" sap:pageable="false" sap:content-version="1"/>
                <EntitySet Name="DistrChannelSet" EntityType="YMSDOD_INVOICE_PRINT_SRV.DistrChannel" sap:creatable="false" sap:updatable="false" sap:deletable="false" sap:pageable="false" sap:content-version="1"/>
                <EntitySet Name="DivisionSet" EntityType="YMSDOD_INVOICE_PRINT_SRV.Division" sap:creatable="false" sap:updatable="false" sap:deletable="false" sap:pageable="false" sap:content-version="1"/>
                <EntitySet Name="PlantSet" EntityType="YMSDOD_INVOICE_PRINT_SRV.Plant" sap:creatable="false" sap:updatable="false" sap:deletable="false" sap:pageable="false" sap:content-version="1"/>
                <EntitySet Name="BillDateSet" EntityType="YMSDOD_INVOICE_PRINT_SRV.BillDate" sap:creatable="false" sap:updatable="false" sap:deletable="false" sap:pageable="false" sap:content-version="1"/>
                <EntitySet Name="CreatedbySet" EntityType="YMSDOD_INVOICE_PRINT_SRV.Createdby" sap:creatable="false" sap:updatable="false" sap:deletable="false" sap:pageable="false" sap:content-version="1"/>
            </EntityContainer>
            <atom:link
                xmlns:atom="http://www.w3.org/2005/Atom" rel="self" href="./sap/YMSDOD_INVOICE_PRINT_SRV/$metadata"/>
                <atom:link
                    xmlns:atom="http://www.w3.org/2005/Atom" rel="latest-version" href="./sap/YMSDOD_INVOICE_PRINT_SRV/$metadata"/>
                </Schema>
            </edmx:DataServices>
        </edmx:Edmx>