{
  "mockpreview": {
    "mockUri": "/sap/opu/odata/sap/YMSDOD_INVOICE_PRINT4_SRV",
    "metadataFilePath": "",
    "loadJSONFiles": false,
    "loadCustomRequests": false,
    "mockRequestsFilePath": ""
  },
  "deploy": {
    "destination": "FEW",
    "name": "ZINVO_PRINT"
  },
  "projectType": [
    "com.watt.common.builder.sapui5clientbuild",
    "sap.watt.uitools.ide.fiori"
  ],
  "build": {
    "buildRequired": true
  },
  "generation": [
    {
      "templateId": "servicecatalog.connectivityComponent",
      "templateVersion": "0.0.0",
      "dateTimeStamp": "Thu, 15 Nov 2018 07:14:49 GMT"
    },
    {
      "templateId": "ui5template.basicSAPUI5ApplicationComponent",
      "templateVersion": "1.4.0",
      "dateTimeStamp": "Tue, 13 Nov 2018 09:32:18 GMT"
    }
  ]
}