{
    "resources": [
        {
            "name": "i18n/i18n.properties",
            "raw": "i18n/i18n.properties"
        },
        {
            "name": "index.html"
        },
        {
            "name": "controller/PDFViewer.controller.js"
        },
        {
            "name": "controller/Main.controller.js"
        },
        {
            "name": "manifest.json"
        },
        {
            "name": "view/PDFViewer.view.xml"
        },
        {
            "name": "view/Main.view.xml"
        },
        {
            "name": "view/BusyDialog.fragment.xml"
        },
        {
            "name": "Component.js"
        },
        {
            "name": "localService/YMSDOD_INVOICE_PRINT4_SRV/metadata.xml"
        },
        {
            "name": "localService/metadata.xml"
        },
        {
            "name": "localService/YMSDOD_INVOICE_PRINT3_SRV/metadata.xml"
        },
        {
            "name": "model/mock.json"
        },
        {
            "name": "model/models.js"
        },
        {
            "name": "css/style.css"
        },
        {
            "name": "Component-preload.js",
            "merged": true
        },
        {
            "name": "neo-app.json"
        }
    ]
}