<?xml version="1.0" encoding="UTF-8"?>
-
<edmx:Edmx xmlns:m="http://schemas.microsoft.com/ado/2007/08/dataservices/metadata" xmlns:sap="http://www.sap.com/Protocols/SAPData"
	xmlns:edmx="http://schemas.microsoft.com/ado/2007/06/edmx" Version="1.0">
	-
	<edmx:DataServices m:DataServiceVersion="2.0">
		-
		<Schema xml:lang="en" xmlns="http://schemas.microsoft.com/ado/2008/09/edm" sap:schema-version="1" Namespace="YMFACV_P2P_DASHBOARD_SRV">
			-
			<EntityType sap:content-version="1" Name="vendorpayables">
				-
				<Key>
					<PropertyRef Name="Mandt"/>
					<PropertyRef Name="Value"/>
					<PropertyRef Name="SumMain"/>
				</Key>
				<Property Name="Mandt" sap:filterable="false" sap:sortable="false" sap:updatable="false" sap:creatable="false" sap:label="Client"
					sap:unicode="false" MaxLength="3" Nullable="false" Type="Edm.String"/>
				<Property Name="Value" sap:filterable="false" sap:sortable="false" sap:updatable="false" sap:creatable="false" sap:label="VALUE"
					sap:unicode="false" MaxLength="9" Nullable="false" Type="Edm.String"/>
				<Property Name="SumMain" sap:filterable="false" sap:sortable="false" sap:updatable="false" sap:creatable="false" sap:label="SUM_MAIN"
					sap:unicode="false" Nullable="false" Type="Edm.Decimal" Scale="2" Precision="31"/>
			</EntityType>
			-
			<EntityType sap:content-version="1" Name="gloablentity">
				-
				<Key>
					<PropertyRef Name="Field1"/>
					<PropertyRef Name="Rbukrs"/>
					<PropertyRef Name="Field2"/>
					<PropertyRef Name="Gjahr"/>
					<PropertyRef Name="Field3"/>
					<PropertyRef Name="Rbusa"/>
					<PropertyRef Name="Field4"/>
					<PropertyRef Name="Zuonr"/>
					<PropertyRef Name="Field5"/>
					<PropertyRef Name="Field6"/>
					<PropertyRef Name="Field7"/>
					<PropertyRef Name="Field8"/>
					<PropertyRef Name="Field9"/>
					<PropertyRef Name="Field10"/>
					<PropertyRef Name="Value1"/>
					<PropertyRef Name="Value2"/>
					<PropertyRef Name="Value3"/>
					<PropertyRef Name="Value4"/>
					<PropertyRef Name="Value5"/>
					<PropertyRef Name="Value6"/>
					<PropertyRef Name="Value7"/>
					<PropertyRef Name="Value8"/>
					<PropertyRef Name="Value9"/>
					<PropertyRef Name="Value10"/>
				</Key>
				<Property Name="Field1" sap:sortable="false" sap:updatable="false" sap:creatable="false" sap:label="Posting Period" sap:unicode="false"
					MaxLength="40" Nullable="false" Type="Edm.String"/>
				<Property Name="Rbukrs" sap:sortable="false" sap:updatable="false" sap:creatable="false" sap:label="Company Code" sap:unicode="false"
					MaxLength="4" Nullable="false" Type="Edm.String"/>
				<Property Name="Field2" sap:sortable="false" sap:updatable="false" sap:creatable="false" sap:label="Bucket" sap:unicode="false"
					MaxLength="40" Nullable="false" Type="Edm.String"/>
				<Property Name="Gjahr" sap:sortable="false" sap:updatable="false" sap:creatable="false" sap:label="Fiscal Year" sap:unicode="false"
					MaxLength="4" Nullable="false" Type="Edm.String"/>
				<Property Name="Field3" sap:sortable="false" sap:updatable="false" sap:creatable="false" sap:label="FIELD3" sap:unicode="false"
					MaxLength="40" Nullable="false" Type="Edm.String"/>
				<Property Name="Rbusa" sap:sortable="false" sap:updatable="false" sap:creatable="false" sap:label="Business Area" sap:unicode="false"
					MaxLength="4" Nullable="false" Type="Edm.String"/>
				<Property Name="Field4" sap:sortable="false" sap:updatable="false" sap:creatable="false" sap:label="FIELD4" sap:unicode="false"
					MaxLength="40" Nullable="false" Type="Edm.String"/>
				<Property Name="Zuonr" sap:sortable="false" sap:updatable="false" sap:creatable="false" sap:label="Branch/Alloc." sap:unicode="false"
					MaxLength="18" Nullable="false" Type="Edm.String"/>
				<Property Name="Field5" sap:sortable="false" sap:updatable="false" sap:creatable="false" sap:label="FIELD5" sap:unicode="false"
					MaxLength="40" Nullable="false" Type="Edm.String"/>
				<Property Name="Field6" sap:sortable="false" sap:updatable="false" sap:creatable="false" sap:label="FIELD6" sap:unicode="false"
					MaxLength="40" Nullable="false" Type="Edm.String"/>
				<Property Name="Field7" sap:sortable="false" sap:updatable="false" sap:creatable="false" sap:label="FIELD7" sap:unicode="false"
					MaxLength="40" Nullable="false" Type="Edm.String"/>
				<Property Name="Field8" sap:sortable="false" sap:updatable="false" sap:creatable="false" sap:label="T code" sap:unicode="false"
					MaxLength="40" Nullable="false" Type="Edm.String"/>
				<Property Name="Field9" sap:sortable="false" sap:updatable="false" sap:creatable="false" sap:label="FIELD9" sap:unicode="false"
					MaxLength="40" Nullable="false" Type="Edm.String"/>
				<Property Name="Field10" sap:sortable="false" sap:updatable="false" sap:creatable="false" sap:label="FIELD10" sap:unicode="false"
					MaxLength="40" Nullable="false" Type="Edm.String"/>
				<Property Name="Value1" sap:filterable="false" sap:sortable="false" sap:updatable="false" sap:creatable="false"
					sap:label="Total Net Value in INR" sap:unicode="false" Nullable="false" Type="Edm.Decimal" Scale="3" Precision="26"/>
				<Property Name="Value2" sap:filterable="false" sap:sortable="false" sap:updatable="false" sap:creatable="false" sap:label="Value2"
					sap:unicode="false" Nullable="false" Type="Edm.Decimal" Scale="3" Precision="26"/>
				<Property Name="Value3" sap:filterable="false" sap:sortable="false" sap:updatable="false" sap:creatable="false" sap:label="Value3"
					sap:unicode="false" Nullable="false" Type="Edm.Decimal" Scale="3" Precision="26"/>
				<Property Name="Value4" sap:filterable="false" sap:sortable="false" sap:updatable="false" sap:creatable="false" sap:label="Value4"
					sap:unicode="false" Nullable="false" Type="Edm.Decimal" Scale="3" Precision="26"/>
				<Property Name="Value5" sap:filterable="false" sap:sortable="false" sap:updatable="false" sap:creatable="false" sap:label="Value5"
					sap:unicode="false" Nullable="false" Type="Edm.Decimal" Scale="3" Precision="26"/>
				<Property Name="Value6" sap:filterable="false" sap:sortable="false" sap:updatable="false" sap:creatable="false" sap:label="Batch Posting"
					sap:unicode="false" Nullable="false" Type="Edm.Int64"/>
				<Property Name="Value7" sap:filterable="false" sap:sortable="false" sap:updatable="false" sap:creatable="false" sap:label="FI Posting"
					sap:unicode="false" Nullable="false" Type="Edm.Int64"/>
				<Property Name="Value8" sap:filterable="false" sap:sortable="false" sap:updatable="false" sap:creatable="false" sap:label="Value8"
					sap:unicode="false" Nullable="false" Type="Edm.Int64"/>
				<Property Name="Value9" sap:filterable="false" sap:sortable="false" sap:updatable="false" sap:creatable="false" sap:label="Total Net Value"
					sap:unicode="false" Nullable="false" Type="Edm.Int64"/>
				<Property Name="Value10" sap:filterable="false" sap:sortable="false" sap:updatable="false" sap:creatable="false" sap:label="Value10"
					sap:unicode="false" Nullable="false" Type="Edm.Int64"/>
			</EntityType>
			-
			<EntityContainer Name="YMFACV_P2P_DASHBOARD_SRV_Entities" sap:supported-formats="atom json xlsx" m:IsDefaultEntityContainer="true">
				<EntitySet sap:content-version="1" Name="vendorpayablesSet" sap:updatable="false" sap:creatable="false" sap:pageable="false"
					sap:deletable="false" EntityType="YMFACV_P2P_DASHBOARD_SRV.vendorpayables"/>
				<EntitySet sap:content-version="1" Name="gloablentitySet" sap:updatable="false" sap:creatable="false" sap:pageable="false"
					sap:deletable="false" EntityType="YMFACV_P2P_DASHBOARD_SRV.gloablentity"/>
			</EntityContainer>
			<atom:link rel="self" href="https://webappmk01.tatasteel.co.in:44300/sap/opu/odata/sap/YMFACV_P2P_DASHBOARD_SRV/$metadata"
				xmlns:atom="http://www.w3.org/2005/Atom"/>
			<atom:link rel="latest-version" href="https://webappmk01.tatasteel.co.in:44300/sap/opu/odata/sap/YMFACV_P2P_DASHBOARD_SRV/$metadata"
				xmlns:atom="http://www.w3.org/2005/Atom"/>
		</Schema>
	</edmx:DataServices>
</edmx:Edmx>