{
  "welcomeFile": "index.html",
  "routes": [
    {
      "path": "/sap/opu/odata/sap/YMFACV_P2P_DASHBOARD_SRV",
      "target": {
        "type": "destination",
        "name": "FED",
        "entryPath": "/sap/opu/odata/sap/YMFACV_P2P_DASHBOARD_SRV"
      },
      "description": "FED_TSL"
    },
    {
      "path": "/resources",
      "target": {
        "type": "service",
        "name": "sapui5",
        "preferLocal": true,
        "entryPath": "/resources",
        "version": "1.48.11"
      },
      "description": "SAPUI5 Resources"
    },
    {
      "path": "/test-resources",
      "target": {
        "type": "service",
        "name": "sapui5",
        "entryPath": "/test-resources",
        "version": "1.48.11"
      },
      "description": "SAPUI5 Test Resources"
    }
  ]
}