<edmx:Edmx xmlns:edmx="http://schemas.microsoft.com/ado/2007/06/edmx"
	xmlns:m="http://schemas.microsoft.com/ado/2007/08/dataservices/metadata" xmlns:sap="http://www.sap.com/Protocols/SAPData" Version="1.0">
	<edmx:DataServices m:DataServiceVersion="2.0">
		<Schema xmlns="http://schemas.microsoft.com/ado/2008/09/edm" Namespace="YMPS_FI_CASH_TRACK_SRV" xml:lang="en" sap:schema-version="1">
			<EntityType Name="Et_MonthWiseProjection" sap:content-version="1">
				<Key><PropertyRef Name="Mandt"/></Key><Property Name="Total" Type="Edm.Decimal" Nullable="false" Precision="13" Scale="3" sap:unicode="false" sap:label="Total in crores"
					sap:creatable="false" sap:updatable="false" sap:sortable="false" sap:filterable="false"/><Property Name="Mandt" Type="Edm.String" Nullable="false" MaxLength="3" sap:unicode="false" sap:label="Client" sap:creatable="false"
					sap:updatable="false" sap:sortable="false" sap:filterable="false"/><Property Name="OprnType" Type="Edm.String" Nullable="false" MaxLength="11" sap:unicode="false"
					sap:label="C-Collection;P-Payments;B-Balances" sap:creatable="false" sap:updatable="false" sap:sortable="false" sap:filterable="false"/><Property Name="OprnCd" Type="Edm.String" Nullable="false" MaxLength="6" sap:unicode="false" sap:label="Code for Collection or Payment"
					sap:creatable="false" sap:updatable="false" sap:sortable="false" sap:filterable="false"/><Property Name="OprnDesc" Type="Edm.String" Nullable="false" MaxLength="50" sap:unicode="false"
					sap:label="Description of Payment or Collection Item" sap:creatable="false" sap:updatable="false" sap:sortable="false"
					sap:filterable="false"/><Property Name="Status" Type="Edm.String" Nullable="false" MaxLength="1" sap:unicode="false"
					sap:label="Status of the tag, A-Active;D-Deferred" sap:creatable="false" sap:updatable="false" sap:sortable="false" sap:filterable="false"/><Property Name="InputType" Type="Edm.String" Nullable="false" MaxLength="1" sap:unicode="false"
					sap:label="M-Monthly Forecast;D-Daily Forecast; A- Actual" sap:creatable="false" sap:updatable="false" sap:sortable="false"
					sap:filterable="false"/><Property Name="CrtBy" Type="Edm.String" Nullable="false" MaxLength="12" sap:unicode="false" sap:label="Created By" sap:creatable="false"
					sap:updatable="false" sap:sortable="false" sap:filterable="false"/><Property Name="CrtDate" Type="Edm.DateTime" Precision="7" sap:unicode="false" sap:label="Created Date" sap:creatable="false"
					sap:updatable="false" sap:sortable="false" sap:filterable="false"/><Property Name="CrtTime" Type="Edm.Time" Precision="0" sap:unicode="false" sap:label="Created Time" sap:creatable="false"
					sap:updatable="false" sap:sortable="false" sap:filterable="false"/><Property Name="ChngBy" Type="Edm.String" Nullable="false" MaxLength="12" sap:unicode="false" sap:label="Changed By" sap:creatable="false"
					sap:updatable="false" sap:sortable="false" sap:filterable="false"/><Property Name="ChngDate" Type="Edm.DateTime" Precision="7" sap:unicode="false" sap:label="Changed Date" sap:creatable="false"
					sap:updatable="false" sap:sortable="false" sap:filterable="false"/><Property Name="ChngTime" Type="Edm.Time" Precision="0" sap:unicode="false" sap:label="Changed Time" sap:creatable="false"
					sap:updatable="false" sap:sortable="false" sap:filterable="false"/><Property Name="BalType" Type="Edm.String" Nullable="false" MaxLength="1" sap:unicode="false" sap:label="balance type" sap:creatable="false"
					sap:updatable="false" sap:sortable="false" sap:filterable="false"/><Property Name="BalAmount" Type="Edm.Decimal" Nullable="false" Precision="14" Scale="3" sap:unicode="false" sap:label="balance amount"
					sap:creatable="false" sap:updatable="false" sap:sortable="false" sap:filterable="false"/><Property Name="Dates" Type="Edm.DateTime" Precision="7" sap:unicode="false" sap:label="Date for which projection/Actual entered"
					sap:creatable="false" sap:updatable="false" sap:sortable="false" sap:filterable="false"/><Property Name="Amount" Type="Edm.Decimal" Nullable="false" Precision="14" Scale="3" sap:unicode="false" sap:label="Amount (In Crores)"
					sap:creatable="false" sap:updatable="false" sap:sortable="false" sap:filterable="false"/><Property Name="Yr" Type="Edm.String" Nullable="false" MaxLength="4" sap:unicode="false" sap:label="Year" sap:creatable="false"
					sap:updatable="false" sap:sortable="false" sap:filterable="false"/><Property Name="Mnt" Type="Edm.String" Nullable="false" MaxLength="2" sap:unicode="false" sap:label="month" sap:creatable="false"
					sap:updatable="false" sap:sortable="false" sap:filterable="false"/><Property Name="Remarks" Type="Edm.String" Nullable="false" MaxLength="2" sap:unicode="false" sap:label="date" sap:creatable="false"
					sap:updatable="false" sap:sortable="false" sap:filterable="false"/><Property Name="D1" Type="Edm.Decimal" Nullable="false" Precision="13" Scale="3" sap:unicode="false" sap:label="Day1" sap:creatable="false"
					sap:updatable="false" sap:sortable="false" sap:filterable="false"/><Property Name="D2" Type="Edm.Decimal" Nullable="false" Precision="13" Scale="3" sap:unicode="false" sap:label="Day2" sap:creatable="false"
					sap:updatable="false" sap:sortable="false" sap:filterable="false"/><Property Name="D3" Type="Edm.Decimal" Nullable="false" Precision="13" Scale="3" sap:unicode="false" sap:label="Day3" sap:creatable="false"
					sap:updatable="false" sap:sortable="false" sap:filterable="false"/><Property Name="D4" Type="Edm.Decimal" Nullable="false" Precision="13" Scale="3" sap:unicode="false" sap:label="Day4" sap:creatable="false"
					sap:updatable="false" sap:sortable="false" sap:filterable="false"/><Property Name="D5" Type="Edm.Decimal" Nullable="false" Precision="13" Scale="3" sap:unicode="false" sap:label="Day5" sap:creatable="false"
					sap:updatable="false" sap:sortable="false" sap:filterable="false"/><Property Name="D6" Type="Edm.Decimal" Nullable="false" Precision="13" Scale="3" sap:unicode="false" sap:label="Day6" sap:creatable="false"
					sap:updatable="false" sap:sortable="false" sap:filterable="false"/><Property Name="D7" Type="Edm.Decimal" Nullable="false" Precision="13" Scale="3" sap:unicode="false" sap:label="Day7" sap:creatable="false"
					sap:updatable="false" sap:sortable="false" sap:filterable="false"/><Property Name="D8" Type="Edm.Decimal" Nullable="false" Precision="13" Scale="3" sap:unicode="false" sap:label="Day8" sap:creatable="false"
					sap:updatable="false" sap:sortable="false" sap:filterable="false"/><Property Name="D9" Type="Edm.Decimal" Nullable="false" Precision="13" Scale="3" sap:unicode="false" sap:label="Day9" sap:creatable="false"
					sap:updatable="false" sap:sortable="false" sap:filterable="false"/><Property Name="D10" Type="Edm.Decimal" Nullable="false" Precision="13" Scale="3" sap:unicode="false" sap:label="Day10"
					sap:creatable="false" sap:updatable="false" sap:sortable="false" sap:filterable="false"/><Property Name="D11" Type="Edm.Decimal" Nullable="false" Precision="13" Scale="3" sap:unicode="false" sap:label="Day11"
					sap:creatable="false" sap:updatable="false" sap:sortable="false" sap:filterable="false"/><Property Name="D12" Type="Edm.Decimal" Nullable="false" Precision="13" Scale="3" sap:unicode="false" sap:label="Day12"
					sap:creatable="false" sap:updatable="false" sap:sortable="false" sap:filterable="false"/><Property Name="D13" Type="Edm.Decimal" Nullable="false" Precision="13" Scale="3" sap:unicode="false" sap:label="Day13"
					sap:creatable="false" sap:updatable="false" sap:sortable="false" sap:filterable="false"/><Property Name="D14" Type="Edm.Decimal" Nullable="false" Precision="13" Scale="3" sap:unicode="false" sap:label="Day14"
					sap:creatable="false" sap:updatable="false" sap:sortable="false" sap:filterable="false"/><Property Name="D15" Type="Edm.Decimal" Nullable="false" Precision="13" Scale="3" sap:unicode="false" sap:label="Day15"
					sap:creatable="false" sap:updatable="false" sap:sortable="false" sap:filterable="false"/><Property Name="D16" Type="Edm.Decimal" Nullable="false" Precision="13" Scale="3" sap:unicode="false" sap:label="Day16"
					sap:creatable="false" sap:updatable="false" sap:sortable="false" sap:filterable="false"/><Property Name="D17" Type="Edm.Decimal" Nullable="false" Precision="13" Scale="3" sap:unicode="false" sap:label="Day17"
					sap:creatable="false" sap:updatable="false" sap:sortable="false" sap:filterable="false"/><Property Name="D18" Type="Edm.Decimal" Nullable="false" Precision="13" Scale="3" sap:unicode="false" sap:label="Day18"
					sap:creatable="false" sap:updatable="false" sap:sortable="false" sap:filterable="false"/><Property Name="D19" Type="Edm.Decimal" Nullable="false" Precision="13" Scale="3" sap:unicode="false" sap:label="Day19"
					sap:creatable="false" sap:updatable="false" sap:sortable="false" sap:filterable="false"/><Property Name="D20" Type="Edm.Decimal" Nullable="false" Precision="13" Scale="3" sap:unicode="false" sap:label="Day20"
					sap:creatable="false" sap:updatable="false" sap:sortable="false" sap:filterable="false"/><Property Name="D21" Type="Edm.Decimal" Nullable="false" Precision="13" Scale="3" sap:unicode="false" sap:label="Day21"
					sap:creatable="false" sap:updatable="false" sap:sortable="false" sap:filterable="false"/><Property Name="D22" Type="Edm.Decimal" Nullable="false" Precision="13" Scale="3" sap:unicode="false" sap:label="Day22"
					sap:creatable="false" sap:updatable="false" sap:sortable="false" sap:filterable="false"/><Property Name="D23" Type="Edm.Decimal" Nullable="false" Precision="13" Scale="3" sap:unicode="false" sap:label="Day23"
					sap:creatable="false" sap:updatable="false" sap:sortable="false" sap:filterable="false"/><Property Name="D24" Type="Edm.Decimal" Nullable="false" Precision="13" Scale="3" sap:unicode="false" sap:label="Day24"
					sap:creatable="false" sap:updatable="false" sap:sortable="false" sap:filterable="false"/><Property Name="D25" Type="Edm.Decimal" Nullable="false" Precision="13" Scale="3" sap:unicode="false" sap:label="Day25"
					sap:creatable="false" sap:updatable="false" sap:sortable="false" sap:filterable="false"/><Property Name="D26" Type="Edm.Decimal" Nullable="false" Precision="13" Scale="3" sap:unicode="false" sap:label="Day26"
					sap:creatable="false" sap:updatable="false" sap:sortable="false" sap:filterable="false"/><Property Name="D27" Type="Edm.Decimal" Nullable="false" Precision="13" Scale="3" sap:unicode="false" sap:label="Day27"
					sap:creatable="false" sap:updatable="false" sap:sortable="false" sap:filterable="false"/><Property Name="D28" Type="Edm.Decimal" Nullable="false" Precision="13" Scale="3" sap:unicode="false" sap:label="Day28"
					sap:creatable="false" sap:updatable="false" sap:sortable="false" sap:filterable="false"/><Property Name="D29" Type="Edm.Decimal" Nullable="false" Precision="13" Scale="3" sap:unicode="false" sap:label="Day29"
					sap:creatable="false" sap:updatable="false" sap:sortable="false" sap:filterable="false"/><Property Name="D30" Type="Edm.Decimal" Nullable="false" Precision="13" Scale="3" sap:unicode="false" sap:label="Day30"
					sap:creatable="false" sap:updatable="false" sap:sortable="false" sap:filterable="false"/><Property Name="D31" Type="Edm.Decimal" Nullable="false" Precision="13" Scale="3" sap:unicode="false" sap:label="Day31"
					sap:creatable="false" sap:updatable="false" sap:sortable="false" sap:filterable="false"/></EntityType>
			<EntityType Name="Et_MonthTotal" sap:content-version="1">
				<Key><PropertyRef Name="Mandt"/><PropertyRef Name="OprnType"/></Key><Property Name="Total" Type="Edm.Decimal" Nullable="false" Precision="13" Scale="3" sap:unicode="false" sap:label="Total in crores"
					sap:creatable="false" sap:updatable="false" sap:sortable="false" sap:filterable="false"/><Property Name="D1p" Type="Edm.String" Nullable="false" MaxLength="16" sap:unicode="false" sap:label="Day1 projection" sap:creatable="false"
					sap:updatable="false" sap:sortable="false" sap:filterable="false"/><Property Name="Totalp" Type="Edm.String" Nullable="false" MaxLength="20" sap:unicode="false" sap:label="Total of projection"
					sap:creatable="false" sap:updatable="false" sap:sortable="false" sap:filterable="false"/><Property Name="Mandt" Type="Edm.String" Nullable="false" MaxLength="3" sap:unicode="false" sap:label="Client" sap:creatable="false"
					sap:updatable="false" sap:sortable="false" sap:filterable="false"/><Property Name="Totala" Type="Edm.String" Nullable="false" MaxLength="20" sap:unicode="false" sap:label="Total of Actuals"
					sap:creatable="false" sap:updatable="false" sap:sortable="false" sap:filterable="false"/><Property Name="D2p" Type="Edm.String" Nullable="false" MaxLength="16" sap:unicode="false" sap:label="D2P" sap:creatable="false"
					sap:updatable="false" sap:sortable="false" sap:filterable="false"/><Property Name="Totalv" Type="Edm.String" Nullable="false" MaxLength="20" sap:unicode="false" sap:label="Total of Difference"
					sap:creatable="false" sap:updatable="false" sap:sortable="false" sap:filterable="false"/><Property Name="OprnType" Type="Edm.String" Nullable="false" MaxLength="11" sap:unicode="false"
					sap:label="C-Collection;P-Payments;B-Balances" sap:creatable="false" sap:updatable="false" sap:sortable="false" sap:filterable="false"/><Property Name="D3p" Type="Edm.String" Nullable="false" MaxLength="16" sap:unicode="false" sap:label="D3P" sap:creatable="false"
					sap:updatable="false" sap:sortable="false" sap:filterable="false"/><Property Name="OprnCd" Type="Edm.String" Nullable="false" MaxLength="6" sap:unicode="false" sap:label="Code for Collection or Payment"
					sap:creatable="false" sap:updatable="false" sap:sortable="false" sap:filterable="false"/><Property Name="D4p" Type="Edm.String" Nullable="false" MaxLength="16" sap:unicode="false" sap:label="D4P" sap:creatable="false"
					sap:updatable="false" sap:sortable="false" sap:filterable="false"/><Property Name="OprnDesc" Type="Edm.String" Nullable="false" MaxLength="50" sap:unicode="false"
					sap:label="Description of Payment or Collection Item" sap:creatable="false" sap:updatable="false" sap:sortable="false"
					sap:filterable="false"/><Property Name="D5p" Type="Edm.String" Nullable="false" MaxLength="16" sap:unicode="false" sap:label="D5P" sap:creatable="false"
					sap:updatable="false" sap:sortable="false" sap:filterable="false"/><Property Name="Status" Type="Edm.String" Nullable="false" MaxLength="1" sap:unicode="false"
					sap:label="Status of the tag, A-Active;D-Deferred" sap:creatable="false" sap:updatable="false" sap:sortable="false" sap:filterable="false"/><Property Name="D6p" Type="Edm.String" Nullable="false" MaxLength="16" sap:unicode="false" sap:label="D6P" sap:creatable="false"
					sap:updatable="false" sap:sortable="false" sap:filterable="false"/><Property Name="InputType" Type="Edm.String" Nullable="false" MaxLength="1" sap:unicode="false"
					sap:label="M-Monthly Forecast;D-Daily Forecast; A- Actual" sap:creatable="false" sap:updatable="false" sap:sortable="false"
					sap:filterable="false"/><Property Name="CrtBy" Type="Edm.String" Nullable="false" MaxLength="12" sap:unicode="false" sap:label="Created By" sap:creatable="false"
					sap:updatable="false" sap:sortable="false" sap:filterable="false"/><Property Name="D7p" Type="Edm.String" Nullable="false" MaxLength="16" sap:unicode="false" sap:label="D7P" sap:creatable="false"
					sap:updatable="false" sap:sortable="false" sap:filterable="false"/><Property Name="CrtDate" Type="Edm.DateTime" Precision="7" sap:unicode="false" sap:label="Created Date" sap:creatable="false"
					sap:updatable="false" sap:sortable="false" sap:filterable="false"/><Property Name="D8p" Type="Edm.String" Nullable="false" MaxLength="16" sap:unicode="false" sap:label="D8P" sap:creatable="false"
					sap:updatable="false" sap:sortable="false" sap:filterable="false"/><Property Name="CrtTime" Type="Edm.Time" Precision="0" sap:unicode="false" sap:label="Created Time" sap:creatable="false"
					sap:updatable="false" sap:sortable="false" sap:filterable="false"/><Property Name="D9p" Type="Edm.String" Nullable="false" MaxLength="16" sap:unicode="false" sap:label="D9P" sap:creatable="false"
					sap:updatable="false" sap:sortable="false" sap:filterable="false"/><Property Name="ChngBy" Type="Edm.String" Nullable="false" MaxLength="12" sap:unicode="false" sap:label="Changed By" sap:creatable="false"
					sap:updatable="false" sap:sortable="false" sap:filterable="false"/><Property Name="D10p" Type="Edm.String" Nullable="false" MaxLength="16" sap:unicode="false" sap:label="D10P" sap:creatable="false"
					sap:updatable="false" sap:sortable="false" sap:filterable="false"/><Property Name="ChngDate" Type="Edm.DateTime" Precision="7" sap:unicode="false" sap:label="Changed Date" sap:creatable="false"
					sap:updatable="false" sap:sortable="false" sap:filterable="false"/><Property Name="D11p" Type="Edm.String" Nullable="false" MaxLength="16" sap:unicode="false" sap:label="D11P" sap:creatable="false"
					sap:updatable="false" sap:sortable="false" sap:filterable="false"/><Property Name="ChngTime" Type="Edm.Time" Precision="0" sap:unicode="false" sap:label="Changed Time" sap:creatable="false"
					sap:updatable="false" sap:sortable="false" sap:filterable="false"/><Property Name="D12p" Type="Edm.String" Nullable="false" MaxLength="16" sap:unicode="false" sap:label="D12P" sap:creatable="false"
					sap:updatable="false" sap:sortable="false" sap:filterable="false"/><Property Name="BalType" Type="Edm.String" Nullable="false" MaxLength="1" sap:unicode="false" sap:label="balance type" sap:creatable="false"
					sap:updatable="false" sap:sortable="false" sap:filterable="false"/><Property Name="D13p" Type="Edm.String" Nullable="false" MaxLength="16" sap:unicode="false" sap:label="D13P" sap:creatable="false"
					sap:updatable="false" sap:sortable="false" sap:filterable="false"/><Property Name="BalAmount" Type="Edm.Decimal" Nullable="false" Precision="14" Scale="3" sap:unicode="false" sap:label="balance amount"
					sap:creatable="false" sap:updatable="false" sap:sortable="false" sap:filterable="false"/><Property Name="D14p" Type="Edm.String" Nullable="false" MaxLength="16" sap:unicode="false" sap:label="D14P" sap:creatable="false"
					sap:updatable="false" sap:sortable="false" sap:filterable="false"/><Property Name="D15p" Type="Edm.String" Nullable="false" MaxLength="16" sap:unicode="false" sap:label="D15P" sap:creatable="false"
					sap:updatable="false" sap:sortable="false" sap:filterable="false"/><Property Name="Dates" Type="Edm.DateTime" Precision="7" sap:unicode="false" sap:label="Date for which projection/Actual entered"
					sap:creatable="false" sap:updatable="false" sap:sortable="false" sap:filterable="false"/><Property Name="Amount" Type="Edm.Decimal" Nullable="false" Precision="14" Scale="3" sap:unicode="false" sap:label="Amount (In Crores)"
					sap:creatable="false" sap:updatable="false" sap:sortable="false" sap:filterable="false"/><Property Name="D16p" Type="Edm.String" Nullable="false" MaxLength="16" sap:unicode="false" sap:label="D16P" sap:creatable="false"
					sap:updatable="false" sap:sortable="false" sap:filterable="false"/><Property Name="D17p" Type="Edm.String" Nullable="false" MaxLength="16" sap:unicode="false" sap:label="D17P" sap:creatable="false"
					sap:updatable="false" sap:sortable="false" sap:filterable="false"/><Property Name="Yr" Type="Edm.String" Nullable="false" MaxLength="4" sap:unicode="false" sap:label="Year" sap:creatable="false"
					sap:updatable="false" sap:sortable="false" sap:filterable="false"/><Property Name="D18p" Type="Edm.String" Nullable="false" MaxLength="16" sap:unicode="false" sap:label="D18P" sap:creatable="false"
					sap:updatable="false" sap:sortable="false" sap:filterable="false"/><Property Name="Mnt" Type="Edm.String" Nullable="false" MaxLength="2" sap:unicode="false" sap:label="month" sap:creatable="false"
					sap:updatable="false" sap:sortable="false" sap:filterable="false"/><Property Name="D19p" Type="Edm.String" Nullable="false" MaxLength="16" sap:unicode="false" sap:label="D19P" sap:creatable="false"
					sap:updatable="false" sap:sortable="false" sap:filterable="false"/><Property Name="Remarks" Type="Edm.String" Nullable="false" MaxLength="2" sap:unicode="false" sap:label="date" sap:creatable="false"
					sap:updatable="false" sap:sortable="false" sap:filterable="false"/><Property Name="D1" Type="Edm.Decimal" Nullable="false" Precision="13" Scale="3" sap:unicode="false" sap:label="Day1" sap:creatable="false"
					sap:updatable="false" sap:sortable="false" sap:filterable="false"/><Property Name="D20p" Type="Edm.String" Nullable="false" MaxLength="16" sap:unicode="false" sap:label="D20P" sap:creatable="false"
					sap:updatable="false" sap:sortable="false" sap:filterable="false"/><Property Name="D2" Type="Edm.Decimal" Nullable="false" Precision="13" Scale="3" sap:unicode="false" sap:label="Day2" sap:creatable="false"
					sap:updatable="false" sap:sortable="false" sap:filterable="false"/><Property Name="D21p" Type="Edm.String" Nullable="false" MaxLength="16" sap:unicode="false" sap:label="D21P" sap:creatable="false"
					sap:updatable="false" sap:sortable="false" sap:filterable="false"/><Property Name="D22p" Type="Edm.String" Nullable="false" MaxLength="16" sap:unicode="false" sap:label="D22P" sap:creatable="false"
					sap:updatable="false" sap:sortable="false" sap:filterable="false"/><Property Name="D3" Type="Edm.Decimal" Nullable="false" Precision="13" Scale="3" sap:unicode="false" sap:label="Day3" sap:creatable="false"
					sap:updatable="false" sap:sortable="false" sap:filterable="false"/><Property Name="D23p" Type="Edm.String" Nullable="false" MaxLength="16" sap:unicode="false" sap:label="D23P" sap:creatable="false"
					sap:updatable="false" sap:sortable="false" sap:filterable="false"/><Property Name="D4" Type="Edm.Decimal" Nullable="false" Precision="13" Scale="3" sap:unicode="false" sap:label="Day4" sap:creatable="false"
					sap:updatable="false" sap:sortable="false" sap:filterable="false"/><Property Name="D24p" Type="Edm.String" Nullable="false" MaxLength="16" sap:unicode="false" sap:label="D24P" sap:creatable="false"
					sap:updatable="false" sap:sortable="false" sap:filterable="false"/><Property Name="D5" Type="Edm.Decimal" Nullable="false" Precision="13" Scale="3" sap:unicode="false" sap:label="Day5" sap:creatable="false"
					sap:updatable="false" sap:sortable="false" sap:filterable="false"/><Property Name="D25p" Type="Edm.String" Nullable="false" MaxLength="16" sap:unicode="false" sap:label="D25P" sap:creatable="false"
					sap:updatable="false" sap:sortable="false" sap:filterable="false"/><Property Name="D6" Type="Edm.Decimal" Nullable="false" Precision="13" Scale="3" sap:unicode="false" sap:label="Day6" sap:creatable="false"
					sap:updatable="false" sap:sortable="false" sap:filterable="false"/><Property Name="D26p" Type="Edm.String" Nullable="false" MaxLength="16" sap:unicode="false" sap:label="D26P" sap:creatable="false"
					sap:updatable="false" sap:sortable="false" sap:filterable="false"/><Property Name="D7" Type="Edm.Decimal" Nullable="false" Precision="13" Scale="3" sap:unicode="false" sap:label="Day7" sap:creatable="false"
					sap:updatable="false" sap:sortable="false" sap:filterable="false"/><Property Name="D27p" Type="Edm.String" Nullable="false" MaxLength="16" sap:unicode="false" sap:label="D27P" sap:creatable="false"
					sap:updatable="false" sap:sortable="false" sap:filterable="false"/><Property Name="D8" Type="Edm.Decimal" Nullable="false" Precision="13" Scale="3" sap:unicode="false" sap:label="Day8" sap:creatable="false"
					sap:updatable="false" sap:sortable="false" sap:filterable="false"/><Property Name="D28p" Type="Edm.String" Nullable="false" MaxLength="16" sap:unicode="false" sap:label="D28P" sap:creatable="false"
					sap:updatable="false" sap:sortable="false" sap:filterable="false"/><Property Name="D9" Type="Edm.Decimal" Nullable="false" Precision="13" Scale="3" sap:unicode="false" sap:label="Day9" sap:creatable="false"
					sap:updatable="false" sap:sortable="false" sap:filterable="false"/><Property Name="D10" Type="Edm.Decimal" Nullable="false" Precision="13" Scale="3" sap:unicode="false" sap:label="Day10"
					sap:creatable="false" sap:updatable="false" sap:sortable="false" sap:filterable="false"/><Property Name="D29p" Type="Edm.String" Nullable="false" MaxLength="16" sap:unicode="false" sap:label="D29P" sap:creatable="false"
					sap:updatable="false" sap:sortable="false" sap:filterable="false"/><Property Name="D11" Type="Edm.Decimal" Nullable="false" Precision="13" Scale="3" sap:unicode="false" sap:label="Day11"
					sap:creatable="false" sap:updatable="false" sap:sortable="false" sap:filterable="false"/><Property Name="D30p" Type="Edm.String" Nullable="false" MaxLength="16" sap:unicode="false" sap:label="D30P" sap:creatable="false"
					sap:updatable="false" sap:sortable="false" sap:filterable="false"/><Property Name="D12" Type="Edm.Decimal" Nullable="false" Precision="13" Scale="3" sap:unicode="false" sap:label="Day12"
					sap:creatable="false" sap:updatable="false" sap:sortable="false" sap:filterable="false"/><Property Name="D31p" Type="Edm.String" Nullable="false" MaxLength="16" sap:unicode="false" sap:label="Day 31 Projection"
					sap:creatable="false" sap:updatable="false" sap:sortable="false" sap:filterable="false"/><Property Name="D13" Type="Edm.Decimal" Nullable="false" Precision="13" Scale="3" sap:unicode="false" sap:label="Day13"
					sap:creatable="false" sap:updatable="false" sap:sortable="false" sap:filterable="false"/><Property Name="D1a" Type="Edm.String" Nullable="false" MaxLength="16" sap:unicode="false" sap:label="Day 1 actuals" sap:creatable="false"
					sap:updatable="false" sap:sortable="false" sap:filterable="false"/><Property Name="D14" Type="Edm.Decimal" Nullable="false" Precision="13" Scale="3" sap:unicode="false" sap:label="Day14"
					sap:creatable="false" sap:updatable="false" sap:sortable="false" sap:filterable="false"/><Property Name="D2a" Type="Edm.String" Nullable="false" MaxLength="16" sap:unicode="false" sap:label="D2A" sap:creatable="false"
					sap:updatable="false" sap:sortable="false" sap:filterable="false"/><Property Name="D15" Type="Edm.Decimal" Nullable="false" Precision="13" Scale="3" sap:unicode="false" sap:label="Day15"
					sap:creatable="false" sap:updatable="false" sap:sortable="false" sap:filterable="false"/><Property Name="D3a" Type="Edm.String" Nullable="false" MaxLength="16" sap:unicode="false" sap:label="D3A" sap:creatable="false"
					sap:updatable="false" sap:sortable="false" sap:filterable="false"/><Property Name="D16" Type="Edm.Decimal" Nullable="false" Precision="13" Scale="3" sap:unicode="false" sap:label="Day16"
					sap:creatable="false" sap:updatable="false" sap:sortable="false" sap:filterable="false"/><Property Name="D4a" Type="Edm.String" Nullable="false" MaxLength="16" sap:unicode="false" sap:label="D4A" sap:creatable="false"
					sap:updatable="false" sap:sortable="false" sap:filterable="false"/><Property Name="D17" Type="Edm.Decimal" Nullable="false" Precision="13" Scale="3" sap:unicode="false" sap:label="Day17"
					sap:creatable="false" sap:updatable="false" sap:sortable="false" sap:filterable="false"/><Property Name="D5a" Type="Edm.String" Nullable="false" MaxLength="16" sap:unicode="false" sap:label="D5A" sap:creatable="false"
					sap:updatable="false" sap:sortable="false" sap:filterable="false"/><Property Name="D18" Type="Edm.Decimal" Nullable="false" Precision="13" Scale="3" sap:unicode="false" sap:label="Day18"
					sap:creatable="false" sap:updatable="false" sap:sortable="false" sap:filterable="false"/><Property Name="D6a" Type="Edm.String" Nullable="false" MaxLength="16" sap:unicode="false" sap:label="D6A" sap:creatable="false"
					sap:updatable="false" sap:sortable="false" sap:filterable="false"/><Property Name="D19" Type="Edm.Decimal" Nullable="false" Precision="13" Scale="3" sap:unicode="false" sap:label="Day19"
					sap:creatable="false" sap:updatable="false" sap:sortable="false" sap:filterable="false"/><Property Name="D7a" Type="Edm.String" Nullable="false" MaxLength="16" sap:unicode="false" sap:label="D7A" sap:creatable="false"
					sap:updatable="false" sap:sortable="false" sap:filterable="false"/><Property Name="D20" Type="Edm.Decimal" Nullable="false" Precision="13" Scale="3" sap:unicode="false" sap:label="Day20"
					sap:creatable="false" sap:updatable="false" sap:sortable="false" sap:filterable="false"/><Property Name="D8a" Type="Edm.String" Nullable="false" MaxLength="16" sap:unicode="false" sap:label="D8A" sap:creatable="false"
					sap:updatable="false" sap:sortable="false" sap:filterable="false"/><Property Name="D21" Type="Edm.Decimal" Nullable="false" Precision="13" Scale="3" sap:unicode="false" sap:label="Day21"
					sap:creatable="false" sap:updatable="false" sap:sortable="false" sap:filterable="false"/><Property Name="D9a" Type="Edm.String" Nullable="false" MaxLength="16" sap:unicode="false" sap:label="D9A" sap:creatable="false"
					sap:updatable="false" sap:sortable="false" sap:filterable="false"/><Property Name="D10a" Type="Edm.String" Nullable="false" MaxLength="16" sap:unicode="false" sap:label="D10A" sap:creatable="false"
					sap:updatable="false" sap:sortable="false" sap:filterable="false"/><Property Name="D22" Type="Edm.Decimal" Nullable="false" Precision="13" Scale="3" sap:unicode="false" sap:label="Day22"
					sap:creatable="false" sap:updatable="false" sap:sortable="false" sap:filterable="false"/><Property Name="D11a" Type="Edm.String" Nullable="false" MaxLength="16" sap:unicode="false" sap:label="D11A" sap:creatable="false"
					sap:updatable="false" sap:sortable="false" sap:filterable="false"/><Property Name="D23" Type="Edm.Decimal" Nullable="false" Precision="13" Scale="3" sap:unicode="false" sap:label="Day23"
					sap:creatable="false" sap:updatable="false" sap:sortable="false" sap:filterable="false"/><Property Name="D12a" Type="Edm.String" Nullable="false" MaxLength="16" sap:unicode="false" sap:label="D12A" sap:creatable="false"
					sap:updatable="false" sap:sortable="false" sap:filterable="false"/><Property Name="D24" Type="Edm.Decimal" Nullable="false" Precision="13" Scale="3" sap:unicode="false" sap:label="Day24"
					sap:creatable="false" sap:updatable="false" sap:sortable="false" sap:filterable="false"/><Property Name="D13a" Type="Edm.String" Nullable="false" MaxLength="16" sap:unicode="false" sap:label="D13A" sap:creatable="false"
					sap:updatable="false" sap:sortable="false" sap:filterable="false"/><Property Name="D25" Type="Edm.Decimal" Nullable="false" Precision="13" Scale="3" sap:unicode="false" sap:label="Day25"
					sap:creatable="false" sap:updatable="false" sap:sortable="false" sap:filterable="false"/><Property Name="D14a" Type="Edm.String" Nullable="false" MaxLength="16" sap:unicode="false" sap:label="D14A" sap:creatable="false"
					sap:updatable="false" sap:sortable="false" sap:filterable="false"/><Property Name="D26" Type="Edm.Decimal" Nullable="false" Precision="13" Scale="3" sap:unicode="false" sap:label="Day26"
					sap:creatable="false" sap:updatable="false" sap:sortable="false" sap:filterable="false"/><Property Name="D15a" Type="Edm.String" Nullable="false" MaxLength="16" sap:unicode="false" sap:label="D15A" sap:creatable="false"
					sap:updatable="false" sap:sortable="false" sap:filterable="false"/><Property Name="D27" Type="Edm.Decimal" Nullable="false" Precision="13" Scale="3" sap:unicode="false" sap:label="Day27"
					sap:creatable="false" sap:updatable="false" sap:sortable="false" sap:filterable="false"/><Property Name="D16a" Type="Edm.String" Nullable="false" MaxLength="16" sap:unicode="false" sap:label="D16A" sap:creatable="false"
					sap:updatable="false" sap:sortable="false" sap:filterable="false"/><Property Name="D28" Type="Edm.Decimal" Nullable="false" Precision="13" Scale="3" sap:unicode="false" sap:label="Day28"
					sap:creatable="false" sap:updatable="false" sap:sortable="false" sap:filterable="false"/><Property Name="D17a" Type="Edm.String" Nullable="false" MaxLength="16" sap:unicode="false" sap:label="D17A" sap:creatable="false"
					sap:updatable="false" sap:sortable="false" sap:filterable="false"/><Property Name="D29" Type="Edm.Decimal" Nullable="false" Precision="13" Scale="3" sap:unicode="false" sap:label="Day29"
					sap:creatable="false" sap:updatable="false" sap:sortable="false" sap:filterable="false"/><Property Name="D18a" Type="Edm.String" Nullable="false" MaxLength="16" sap:unicode="false" sap:label="D18A" sap:creatable="false"
					sap:updatable="false" sap:sortable="false" sap:filterable="false"/><Property Name="D30" Type="Edm.Decimal" Nullable="false" Precision="13" Scale="3" sap:unicode="false" sap:label="Day30"
					sap:creatable="false" sap:updatable="false" sap:sortable="false" sap:filterable="false"/><Property Name="D19a" Type="Edm.String" Nullable="false" MaxLength="16" sap:unicode="false" sap:label="D19A" sap:creatable="false"
					sap:updatable="false" sap:sortable="false" sap:filterable="false"/><Property Name="D31" Type="Edm.Decimal" Nullable="false" Precision="13" Scale="3" sap:unicode="false" sap:label="Day31"
					sap:creatable="false" sap:updatable="false" sap:sortable="false" sap:filterable="false"/><Property Name="D20a" Type="Edm.String" Nullable="false" MaxLength="16" sap:unicode="false" sap:label="D20A" sap:creatable="false"
					sap:updatable="false" sap:sortable="false" sap:filterable="false"/><Property Name="D21a" Type="Edm.String" Nullable="false" MaxLength="16" sap:unicode="false" sap:label="D21A" sap:creatable="false"
					sap:updatable="false" sap:sortable="false" sap:filterable="false"/><Property Name="D22a" Type="Edm.String" Nullable="false" MaxLength="16" sap:unicode="false" sap:label="D22A" sap:creatable="false"
					sap:updatable="false" sap:sortable="false" sap:filterable="false"/><Property Name="D23a" Type="Edm.String" Nullable="false" MaxLength="16" sap:unicode="false" sap:label="D23A" sap:creatable="false"
					sap:updatable="false" sap:sortable="false" sap:filterable="false"/><Property Name="D24a" Type="Edm.String" Nullable="false" MaxLength="16" sap:unicode="false" sap:label="D24A" sap:creatable="false"
					sap:updatable="false" sap:sortable="false" sap:filterable="false"/><Property Name="D25a" Type="Edm.String" Nullable="false" MaxLength="16" sap:unicode="false" sap:label="D25A" sap:creatable="false"
					sap:updatable="false" sap:sortable="false" sap:filterable="false"/><Property Name="D26a" Type="Edm.String" Nullable="false" MaxLength="16" sap:unicode="false" sap:label="D26A" sap:creatable="false"
					sap:updatable="false" sap:sortable="false" sap:filterable="false"/><Property Name="D27a" Type="Edm.String" Nullable="false" MaxLength="16" sap:unicode="false" sap:label="D27A" sap:creatable="false"
					sap:updatable="false" sap:sortable="false" sap:filterable="false"/><Property Name="D28a" Type="Edm.String" Nullable="false" MaxLength="16" sap:unicode="false" sap:label="D28A" sap:creatable="false"
					sap:updatable="false" sap:sortable="false" sap:filterable="false"/><Property Name="D29a" Type="Edm.String" Nullable="false" MaxLength="16" sap:unicode="false" sap:label="D29A" sap:creatable="false"
					sap:updatable="false" sap:sortable="false" sap:filterable="false"/><Property Name="D30a" Type="Edm.String" Nullable="false" MaxLength="16" sap:unicode="false" sap:label="D30A" sap:creatable="false"
					sap:updatable="false" sap:sortable="false" sap:filterable="false"/><Property Name="D31a" Type="Edm.String" Nullable="false" MaxLength="16" sap:unicode="false" sap:label="Day 31 Actuals" sap:creatable="false"
					sap:updatable="false" sap:sortable="false" sap:filterable="false"/><Property Name="D1v" Type="Edm.String" Nullable="false" MaxLength="16" sap:unicode="false" sap:label="Day 1 Difference"
					sap:creatable="false" sap:updatable="false" sap:sortable="false" sap:filterable="false"/><Property Name="D2v" Type="Edm.String" Nullable="false" MaxLength="16" sap:unicode="false" sap:label="D2V" sap:creatable="false"
					sap:updatable="false" sap:sortable="false" sap:filterable="false"/><Property Name="D3v" Type="Edm.String" Nullable="false" MaxLength="16" sap:unicode="false" sap:label="D3V" sap:creatable="false"
					sap:updatable="false" sap:sortable="false" sap:filterable="false"/><Property Name="D4v" Type="Edm.String" Nullable="false" MaxLength="16" sap:unicode="false" sap:label="D4V" sap:creatable="false"
					sap:updatable="false" sap:sortable="false" sap:filterable="false"/><Property Name="D5v" Type="Edm.String" Nullable="false" MaxLength="16" sap:unicode="false" sap:label="D5V" sap:creatable="false"
					sap:updatable="false" sap:sortable="false" sap:filterable="false"/><Property Name="D6v" Type="Edm.String" Nullable="false" MaxLength="16" sap:unicode="false" sap:label="D6V" sap:creatable="false"
					sap:updatable="false" sap:sortable="false" sap:filterable="false"/><Property Name="D7v" Type="Edm.String" Nullable="false" MaxLength="16" sap:unicode="false" sap:label="D7V" sap:creatable="false"
					sap:updatable="false" sap:sortable="false" sap:filterable="false"/><Property Name="D8v" Type="Edm.String" Nullable="false" MaxLength="16" sap:unicode="false" sap:label="D8V" sap:creatable="false"
					sap:updatable="false" sap:sortable="false" sap:filterable="false"/><Property Name="D9v" Type="Edm.String" Nullable="false" MaxLength="16" sap:unicode="false" sap:label="D9V" sap:creatable="false"
					sap:updatable="false" sap:sortable="false" sap:filterable="false"/><Property Name="D10v" Type="Edm.String" Nullable="false" MaxLength="16" sap:unicode="false" sap:label="D10V" sap:creatable="false"
					sap:updatable="false" sap:sortable="false" sap:filterable="false"/><Property Name="D11v" Type="Edm.String" Nullable="false" MaxLength="16" sap:unicode="false" sap:label="D11V" sap:creatable="false"
					sap:updatable="false" sap:sortable="false" sap:filterable="false"/><Property Name="D12v" Type="Edm.String" Nullable="false" MaxLength="16" sap:unicode="false" sap:label="D12V" sap:creatable="false"
					sap:updatable="false" sap:sortable="false" sap:filterable="false"/><Property Name="D13v" Type="Edm.String" Nullable="false" MaxLength="16" sap:unicode="false" sap:label="D13V" sap:creatable="false"
					sap:updatable="false" sap:sortable="false" sap:filterable="false"/><Property Name="D14v" Type="Edm.String" Nullable="false" MaxLength="16" sap:unicode="false" sap:label="D14V" sap:creatable="false"
					sap:updatable="false" sap:sortable="false" sap:filterable="false"/><Property Name="D15v" Type="Edm.String" Nullable="false" MaxLength="16" sap:unicode="false" sap:label="D15V" sap:creatable="false"
					sap:updatable="false" sap:sortable="false" sap:filterable="false"/><Property Name="D16v" Type="Edm.String" Nullable="false" MaxLength="16" sap:unicode="false" sap:label="D16V" sap:creatable="false"
					sap:updatable="false" sap:sortable="false" sap:filterable="false"/><Property Name="D17v" Type="Edm.String" Nullable="false" MaxLength="16" sap:unicode="false" sap:label="D17V" sap:creatable="false"
					sap:updatable="false" sap:sortable="false" sap:filterable="false"/><Property Name="D18v" Type="Edm.String" Nullable="false" MaxLength="16" sap:unicode="false" sap:label="D18V" sap:creatable="false"
					sap:updatable="false" sap:sortable="false" sap:filterable="false"/><Property Name="D19v" Type="Edm.String" Nullable="false" MaxLength="16" sap:unicode="false" sap:label="D19V" sap:creatable="false"
					sap:updatable="false" sap:sortable="false" sap:filterable="false"/><Property Name="D20v" Type="Edm.String" Nullable="false" MaxLength="16" sap:unicode="false" sap:label="D20V" sap:creatable="false"
					sap:updatable="false" sap:sortable="false" sap:filterable="false"/><Property Name="D21v" Type="Edm.String" Nullable="false" MaxLength="16" sap:unicode="false" sap:label="D21V" sap:creatable="false"
					sap:updatable="false" sap:sortable="false" sap:filterable="false"/><Property Name="D22v" Type="Edm.String" Nullable="false" MaxLength="16" sap:unicode="false" sap:label="D22V" sap:creatable="false"
					sap:updatable="false" sap:sortable="false" sap:filterable="false"/><Property Name="D23v" Type="Edm.String" Nullable="false" MaxLength="16" sap:unicode="false" sap:label="D23V" sap:creatable="false"
					sap:updatable="false" sap:sortable="false" sap:filterable="false"/><Property Name="D24v" Type="Edm.String" Nullable="false" MaxLength="16" sap:unicode="false" sap:label="D24V" sap:creatable="false"
					sap:updatable="false" sap:sortable="false" sap:filterable="false"/><Property Name="D25v" Type="Edm.String" Nullable="false" MaxLength="16" sap:unicode="false" sap:label="D25V" sap:creatable="false"
					sap:updatable="false" sap:sortable="false" sap:filterable="false"/><Property Name="D26v" Type="Edm.String" Nullable="false" MaxLength="16" sap:unicode="false" sap:label="D26V" sap:creatable="false"
					sap:updatable="false" sap:sortable="false" sap:filterable="false"/><Property Name="D27v" Type="Edm.String" Nullable="false" MaxLength="16" sap:unicode="false" sap:label="D27V" sap:creatable="false"
					sap:updatable="false" sap:sortable="false" sap:filterable="false"/><Property Name="D28v" Type="Edm.String" Nullable="false" MaxLength="16" sap:unicode="false" sap:label="D28V" sap:creatable="false"
					sap:updatable="false" sap:sortable="false" sap:filterable="false"/><Property Name="D29v" Type="Edm.String" Nullable="false" MaxLength="16" sap:unicode="false" sap:label="D29V" sap:creatable="false"
					sap:updatable="false" sap:sortable="false" sap:filterable="false"/><Property Name="D30v" Type="Edm.String" Nullable="false" MaxLength="16" sap:unicode="false" sap:label="D30V" sap:creatable="false"
					sap:updatable="false" sap:sortable="false" sap:filterable="false"/><Property Name="D31v" Type="Edm.String" Nullable="false" MaxLength="16" sap:unicode="false" sap:label="Day 31 Differemce"
					sap:creatable="false" sap:updatable="false" sap:sortable="false" sap:filterable="false"/></EntityType>
			<EntityType Name="Et_BankHoliday" sap:content-version="1">
				<Key><PropertyRef Name="Mandt"/></Key><Property Name="Mandt" Type="Edm.String" Nullable="false" MaxLength="3" sap:unicode="false" sap:label="Client" sap:creatable="false"
					sap:updatable="false" sap:sortable="false" sap:filterable="false"/><Property Name="Dates" Type="Edm.DateTime" Precision="7" sap:unicode="false" sap:label="Date for which projection/Actual entered"
					sap:creatable="false" sap:updatable="false" sap:sortable="false" sap:filterable="false"/><Property Name="Yr" Type="Edm.String" Nullable="false" MaxLength="4" sap:unicode="false" sap:label="Year" sap:creatable="false"
					sap:updatable="false" sap:sortable="false" sap:filterable="false"/><Property Name="Mnt" Type="Edm.String" Nullable="false" MaxLength="2" sap:unicode="false" sap:label="month" sap:creatable="false"
					sap:updatable="false" sap:sortable="false" sap:filterable="false"/></EntityType>
			<EntityType Name="Et_TotalLineItems" sap:content-version="1">
				<Key><PropertyRef Name="Mandt"/><PropertyRef Name="OprnType"/></Key><Property Name="Totalp" Type="Edm.String" Nullable="false" MaxLength="20" sap:unicode="false" sap:label="Total of projection"
					sap:creatable="false" sap:updatable="false" sap:sortable="false" sap:filterable="false"/><Property Name="Mandt" Type="Edm.String" Nullable="false" MaxLength="3" sap:unicode="false" sap:label="Client" sap:creatable="false"
					sap:updatable="false" sap:sortable="false" sap:filterable="false"/><Property Name="Total" Type="Edm.Decimal" Nullable="false" Precision="13" Scale="3" sap:unicode="false" sap:label="Total in crores"
					sap:creatable="false" sap:updatable="false" sap:sortable="false" sap:filterable="false"/><Property Name="Totala" Type="Edm.String" Nullable="false" MaxLength="20" sap:unicode="false" sap:label="Total of Actuals"
					sap:creatable="false" sap:updatable="false" sap:sortable="false" sap:filterable="false"/><Property Name="OprnType" Type="Edm.String" Nullable="false" MaxLength="11" sap:unicode="false"
					sap:label="C-Collection;P-Payments;B-Balances" sap:creatable="false" sap:updatable="false" sap:sortable="false" sap:filterable="false"/><Property Name="D1p" Type="Edm.String" Nullable="false" MaxLength="16" sap:unicode="false" sap:label="Day1 projection" sap:creatable="false"
					sap:updatable="false" sap:sortable="false" sap:filterable="false"/><Property Name="Totalv" Type="Edm.String" Nullable="false" MaxLength="20" sap:unicode="false" sap:label="Total of Difference"
					sap:creatable="false" sap:updatable="false" sap:sortable="false" sap:filterable="false"/><Property Name="OprnCd" Type="Edm.String" Nullable="false" MaxLength="6" sap:unicode="false" sap:label="Code for Collection or Payment"
					sap:creatable="false" sap:updatable="false" sap:sortable="false" sap:filterable="false"/><Property Name="D2p" Type="Edm.String" Nullable="false" MaxLength="16" sap:unicode="false" sap:label="D2P" sap:creatable="false"
					sap:updatable="false" sap:sortable="false" sap:filterable="false"/><Property Name="OprnDesc" Type="Edm.String" Nullable="false" MaxLength="50" sap:unicode="false"
					sap:label="Description of Payment or Collection Item" sap:creatable="false" sap:updatable="false" sap:sortable="false"
					sap:filterable="false"/><Property Name="D3p" Type="Edm.String" Nullable="false" MaxLength="16" sap:unicode="false" sap:label="D3P" sap:creatable="false"
					sap:updatable="false" sap:sortable="false" sap:filterable="false"/><Property Name="D4p" Type="Edm.String" Nullable="false" MaxLength="16" sap:unicode="false" sap:label="D4P" sap:creatable="false"
					sap:updatable="false" sap:sortable="false" sap:filterable="false"/><Property Name="Status" Type="Edm.String" Nullable="false" MaxLength="1" sap:unicode="false"
					sap:label="Status of the tag, A-Active;D-Deferred" sap:creatable="false" sap:updatable="false" sap:sortable="false" sap:filterable="false"/><Property Name="D5p" Type="Edm.String" Nullable="false" MaxLength="16" sap:unicode="false" sap:label="D5P" sap:creatable="false"
					sap:updatable="false" sap:sortable="false" sap:filterable="false"/><Property Name="InputType" Type="Edm.String" Nullable="false" MaxLength="1" sap:unicode="false"
					sap:label="M-Monthly Forecast;D-Daily Forecast; A- Actual" sap:creatable="false" sap:updatable="false" sap:sortable="false"
					sap:filterable="false"/><Property Name="D6p" Type="Edm.String" Nullable="false" MaxLength="16" sap:unicode="false" sap:label="D6P" sap:creatable="false"
					sap:updatable="false" sap:sortable="false" sap:filterable="false"/><Property Name="CrtBy" Type="Edm.String" Nullable="false" MaxLength="12" sap:unicode="false" sap:label="Created By" sap:creatable="false"
					sap:updatable="false" sap:sortable="false" sap:filterable="false"/><Property Name="D7p" Type="Edm.String" Nullable="false" MaxLength="16" sap:unicode="false" sap:label="D7P" sap:creatable="false"
					sap:updatable="false" sap:sortable="false" sap:filterable="false"/><Property Name="CrtDate" Type="Edm.DateTime" Precision="7" sap:unicode="false" sap:label="Created Date" sap:creatable="false"
					sap:updatable="false" sap:sortable="false" sap:filterable="false"/><Property Name="D8p" Type="Edm.String" Nullable="false" MaxLength="16" sap:unicode="false" sap:label="D8P" sap:creatable="false"
					sap:updatable="false" sap:sortable="false" sap:filterable="false"/><Property Name="CrtTime" Type="Edm.Time" Precision="0" sap:unicode="false" sap:label="Created Time" sap:creatable="false"
					sap:updatable="false" sap:sortable="false" sap:filterable="false"/><Property Name="D9p" Type="Edm.String" Nullable="false" MaxLength="16" sap:unicode="false" sap:label="D9P" sap:creatable="false"
					sap:updatable="false" sap:sortable="false" sap:filterable="false"/><Property Name="ChngBy" Type="Edm.String" Nullable="false" MaxLength="12" sap:unicode="false" sap:label="Changed By" sap:creatable="false"
					sap:updatable="false" sap:sortable="false" sap:filterable="false"/><Property Name="ChngDate" Type="Edm.DateTime" Precision="7" sap:unicode="false" sap:label="Changed Date" sap:creatable="false"
					sap:updatable="false" sap:sortable="false" sap:filterable="false"/><Property Name="D10p" Type="Edm.String" Nullable="false" MaxLength="16" sap:unicode="false" sap:label="D10P" sap:creatable="false"
					sap:updatable="false" sap:sortable="false" sap:filterable="false"/><Property Name="ChngTime" Type="Edm.Time" Precision="0" sap:unicode="false" sap:label="Changed Time" sap:creatable="false"
					sap:updatable="false" sap:sortable="false" sap:filterable="false"/><Property Name="D11p" Type="Edm.String" Nullable="false" MaxLength="16" sap:unicode="false" sap:label="D11P" sap:creatable="false"
					sap:updatable="false" sap:sortable="false" sap:filterable="false"/><Property Name="D12p" Type="Edm.String" Nullable="false" MaxLength="16" sap:unicode="false" sap:label="D12P" sap:creatable="false"
					sap:updatable="false" sap:sortable="false" sap:filterable="false"/><Property Name="BalType" Type="Edm.String" Nullable="false" MaxLength="1" sap:unicode="false" sap:label="balance type" sap:creatable="false"
					sap:updatable="false" sap:sortable="false" sap:filterable="false"/><Property Name="BalAmount" Type="Edm.Decimal" Nullable="false" Precision="14" Scale="3" sap:unicode="false" sap:label="balance amount"
					sap:creatable="false" sap:updatable="false" sap:sortable="false" sap:filterable="false"/><Property Name="D13p" Type="Edm.String" Nullable="false" MaxLength="16" sap:unicode="false" sap:label="D13P" sap:creatable="false"
					sap:updatable="false" sap:sortable="false" sap:filterable="false"/><Property Name="Dates" Type="Edm.DateTime" Precision="7" sap:unicode="false" sap:label="Date for which projection/Actual entered"
					sap:creatable="false" sap:updatable="false" sap:sortable="false" sap:filterable="false"/><Property Name="D14p" Type="Edm.String" Nullable="false" MaxLength="16" sap:unicode="false" sap:label="D14P" sap:creatable="false"
					sap:updatable="false" sap:sortable="false" sap:filterable="false"/><Property Name="Amount" Type="Edm.Decimal" Nullable="false" Precision="14" Scale="3" sap:unicode="false" sap:label="Amount (In Crores)"
					sap:creatable="false" sap:updatable="false" sap:sortable="false" sap:filterable="false"/><Property Name="D15p" Type="Edm.String" Nullable="false" MaxLength="16" sap:unicode="false" sap:label="D15P" sap:creatable="false"
					sap:updatable="false" sap:sortable="false" sap:filterable="false"/><Property Name="Yr" Type="Edm.String" Nullable="false" MaxLength="4" sap:unicode="false" sap:label="Year" sap:creatable="false"
					sap:updatable="false" sap:sortable="false" sap:filterable="false"/><Property Name="D16p" Type="Edm.String" Nullable="false" MaxLength="16" sap:unicode="false" sap:label="D16P" sap:creatable="false"
					sap:updatable="false" sap:sortable="false" sap:filterable="false"/><Property Name="Mnt" Type="Edm.String" Nullable="false" MaxLength="2" sap:unicode="false" sap:label="month" sap:creatable="false"
					sap:updatable="false" sap:sortable="false" sap:filterable="false"/><Property Name="D17p" Type="Edm.String" Nullable="false" MaxLength="16" sap:unicode="false" sap:label="D17P" sap:creatable="false"
					sap:updatable="false" sap:sortable="false" sap:filterable="false"/><Property Name="Remarks" Type="Edm.String" Nullable="false" MaxLength="2" sap:unicode="false" sap:label="date" sap:creatable="false"
					sap:updatable="false" sap:sortable="false" sap:filterable="false"/><Property Name="D18p" Type="Edm.String" Nullable="false" MaxLength="16" sap:unicode="false" sap:label="D18P" sap:creatable="false"
					sap:updatable="false" sap:sortable="false" sap:filterable="false"/><Property Name="D1" Type="Edm.Decimal" Nullable="false" Precision="13" Scale="3" sap:unicode="false" sap:label="Day1" sap:creatable="false"
					sap:updatable="false" sap:sortable="false" sap:filterable="false"/><Property Name="D19p" Type="Edm.String" Nullable="false" MaxLength="16" sap:unicode="false" sap:label="D19P" sap:creatable="false"
					sap:updatable="false" sap:sortable="false" sap:filterable="false"/><Property Name="D2" Type="Edm.Decimal" Nullable="false" Precision="13" Scale="3" sap:unicode="false" sap:label="Day2" sap:creatable="false"
					sap:updatable="false" sap:sortable="false" sap:filterable="false"/><Property Name="D20p" Type="Edm.String" Nullable="false" MaxLength="16" sap:unicode="false" sap:label="D20P" sap:creatable="false"
					sap:updatable="false" sap:sortable="false" sap:filterable="false"/><Property Name="D3" Type="Edm.Decimal" Nullable="false" Precision="13" Scale="3" sap:unicode="false" sap:label="Day3" sap:creatable="false"
					sap:updatable="false" sap:sortable="false" sap:filterable="false"/><Property Name="D21p" Type="Edm.String" Nullable="false" MaxLength="16" sap:unicode="false" sap:label="D21P" sap:creatable="false"
					sap:updatable="false" sap:sortable="false" sap:filterable="false"/><Property Name="D4" Type="Edm.Decimal" Nullable="false" Precision="13" Scale="3" sap:unicode="false" sap:label="Day4" sap:creatable="false"
					sap:updatable="false" sap:sortable="false" sap:filterable="false"/><Property Name="D22p" Type="Edm.String" Nullable="false" MaxLength="16" sap:unicode="false" sap:label="D22P" sap:creatable="false"
					sap:updatable="false" sap:sortable="false" sap:filterable="false"/><Property Name="D5" Type="Edm.Decimal" Nullable="false" Precision="13" Scale="3" sap:unicode="false" sap:label="Day5" sap:creatable="false"
					sap:updatable="false" sap:sortable="false" sap:filterable="false"/><Property Name="D23p" Type="Edm.String" Nullable="false" MaxLength="16" sap:unicode="false" sap:label="D23P" sap:creatable="false"
					sap:updatable="false" sap:sortable="false" sap:filterable="false"/><Property Name="D6" Type="Edm.Decimal" Nullable="false" Precision="13" Scale="3" sap:unicode="false" sap:label="Day6" sap:creatable="false"
					sap:updatable="false" sap:sortable="false" sap:filterable="false"/><Property Name="D24p" Type="Edm.String" Nullable="false" MaxLength="16" sap:unicode="false" sap:label="D24P" sap:creatable="false"
					sap:updatable="false" sap:sortable="false" sap:filterable="false"/><Property Name="D7" Type="Edm.Decimal" Nullable="false" Precision="13" Scale="3" sap:unicode="false" sap:label="Day7" sap:creatable="false"
					sap:updatable="false" sap:sortable="false" sap:filterable="false"/><Property Name="D25p" Type="Edm.String" Nullable="false" MaxLength="16" sap:unicode="false" sap:label="D25P" sap:creatable="false"
					sap:updatable="false" sap:sortable="false" sap:filterable="false"/><Property Name="D8" Type="Edm.Decimal" Nullable="false" Precision="13" Scale="3" sap:unicode="false" sap:label="Day8" sap:creatable="false"
					sap:updatable="false" sap:sortable="false" sap:filterable="false"/><Property Name="D26p" Type="Edm.String" Nullable="false" MaxLength="16" sap:unicode="false" sap:label="D26P" sap:creatable="false"
					sap:updatable="false" sap:sortable="false" sap:filterable="false"/><Property Name="D9" Type="Edm.Decimal" Nullable="false" Precision="13" Scale="3" sap:unicode="false" sap:label="Day9" sap:creatable="false"
					sap:updatable="false" sap:sortable="false" sap:filterable="false"/><Property Name="D27p" Type="Edm.String" Nullable="false" MaxLength="16" sap:unicode="false" sap:label="D27P" sap:creatable="false"
					sap:updatable="false" sap:sortable="false" sap:filterable="false"/><Property Name="D28p" Type="Edm.String" Nullable="false" MaxLength="16" sap:unicode="false" sap:label="D28P" sap:creatable="false"
					sap:updatable="false" sap:sortable="false" sap:filterable="false"/><Property Name="D10" Type="Edm.Decimal" Nullable="false" Precision="13" Scale="3" sap:unicode="false" sap:label="Day10"
					sap:creatable="false" sap:updatable="false" sap:sortable="false" sap:filterable="false"/><Property Name="D29p" Type="Edm.String" Nullable="false" MaxLength="16" sap:unicode="false" sap:label="D29P" sap:creatable="false"
					sap:updatable="false" sap:sortable="false" sap:filterable="false"/><Property Name="D11" Type="Edm.Decimal" Nullable="false" Precision="13" Scale="3" sap:unicode="false" sap:label="Day11"
					sap:creatable="false" sap:updatable="false" sap:sortable="false" sap:filterable="false"/><Property Name="D30p" Type="Edm.String" Nullable="false" MaxLength="16" sap:unicode="false" sap:label="D30P" sap:creatable="false"
					sap:updatable="false" sap:sortable="false" sap:filterable="false"/><Property Name="D12" Type="Edm.Decimal" Nullable="false" Precision="13" Scale="3" sap:unicode="false" sap:label="Day12"
					sap:creatable="false" sap:updatable="false" sap:sortable="false" sap:filterable="false"/><Property Name="D31p" Type="Edm.String" Nullable="false" MaxLength="16" sap:unicode="false" sap:label="Day 31 Projection"
					sap:creatable="false" sap:updatable="false" sap:sortable="false" sap:filterable="false"/><Property Name="D13" Type="Edm.Decimal" Nullable="false" Precision="13" Scale="3" sap:unicode="false" sap:label="Day13"
					sap:creatable="false" sap:updatable="false" sap:sortable="false" sap:filterable="false"/><Property Name="D1a" Type="Edm.String" Nullable="false" MaxLength="16" sap:unicode="false" sap:label="Day 1 actuals" sap:creatable="false"
					sap:updatable="false" sap:sortable="false" sap:filterable="false"/><Property Name="D14" Type="Edm.Decimal" Nullable="false" Precision="13" Scale="3" sap:unicode="false" sap:label="Day14"
					sap:creatable="false" sap:updatable="false" sap:sortable="false" sap:filterable="false"/><Property Name="D2a" Type="Edm.String" Nullable="false" MaxLength="16" sap:unicode="false" sap:label="D2A" sap:creatable="false"
					sap:updatable="false" sap:sortable="false" sap:filterable="false"/><Property Name="D15" Type="Edm.Decimal" Nullable="false" Precision="13" Scale="3" sap:unicode="false" sap:label="Day15"
					sap:creatable="false" sap:updatable="false" sap:sortable="false" sap:filterable="false"/><Property Name="D3a" Type="Edm.String" Nullable="false" MaxLength="16" sap:unicode="false" sap:label="D3A" sap:creatable="false"
					sap:updatable="false" sap:sortable="false" sap:filterable="false"/><Property Name="D16" Type="Edm.Decimal" Nullable="false" Precision="13" Scale="3" sap:unicode="false" sap:label="Day16"
					sap:creatable="false" sap:updatable="false" sap:sortable="false" sap:filterable="false"/><Property Name="D4a" Type="Edm.String" Nullable="false" MaxLength="16" sap:unicode="false" sap:label="D4A" sap:creatable="false"
					sap:updatable="false" sap:sortable="false" sap:filterable="false"/><Property Name="D17" Type="Edm.Decimal" Nullable="false" Precision="13" Scale="3" sap:unicode="false" sap:label="Day17"
					sap:creatable="false" sap:updatable="false" sap:sortable="false" sap:filterable="false"/><Property Name="D5a" Type="Edm.String" Nullable="false" MaxLength="16" sap:unicode="false" sap:label="D5A" sap:creatable="false"
					sap:updatable="false" sap:sortable="false" sap:filterable="false"/><Property Name="D18" Type="Edm.Decimal" Nullable="false" Precision="13" Scale="3" sap:unicode="false" sap:label="Day18"
					sap:creatable="false" sap:updatable="false" sap:sortable="false" sap:filterable="false"/><Property Name="D6a" Type="Edm.String" Nullable="false" MaxLength="16" sap:unicode="false" sap:label="D6A" sap:creatable="false"
					sap:updatable="false" sap:sortable="false" sap:filterable="false"/><Property Name="D19" Type="Edm.Decimal" Nullable="false" Precision="13" Scale="3" sap:unicode="false" sap:label="Day19"
					sap:creatable="false" sap:updatable="false" sap:sortable="false" sap:filterable="false"/><Property Name="D7a" Type="Edm.String" Nullable="false" MaxLength="16" sap:unicode="false" sap:label="D7A" sap:creatable="false"
					sap:updatable="false" sap:sortable="false" sap:filterable="false"/><Property Name="D20" Type="Edm.Decimal" Nullable="false" Precision="13" Scale="3" sap:unicode="false" sap:label="Day20"
					sap:creatable="false" sap:updatable="false" sap:sortable="false" sap:filterable="false"/><Property Name="D21" Type="Edm.Decimal" Nullable="false" Precision="13" Scale="3" sap:unicode="false" sap:label="Day21"
					sap:creatable="false" sap:updatable="false" sap:sortable="false" sap:filterable="false"/><Property Name="D8a" Type="Edm.String" Nullable="false" MaxLength="16" sap:unicode="false" sap:label="D8A" sap:creatable="false"
					sap:updatable="false" sap:sortable="false" sap:filterable="false"/><Property Name="D22" Type="Edm.Decimal" Nullable="false" Precision="13" Scale="3" sap:unicode="false" sap:label="Day22"
					sap:creatable="false" sap:updatable="false" sap:sortable="false" sap:filterable="false"/><Property Name="D9a" Type="Edm.String" Nullable="false" MaxLength="16" sap:unicode="false" sap:label="D9A" sap:creatable="false"
					sap:updatable="false" sap:sortable="false" sap:filterable="false"/><Property Name="D23" Type="Edm.Decimal" Nullable="false" Precision="13" Scale="3" sap:unicode="false" sap:label="Day23"
					sap:creatable="false" sap:updatable="false" sap:sortable="false" sap:filterable="false"/><Property Name="D10a" Type="Edm.String" Nullable="false" MaxLength="16" sap:unicode="false" sap:label="D10A" sap:creatable="false"
					sap:updatable="false" sap:sortable="false" sap:filterable="false"/><Property Name="D24" Type="Edm.Decimal" Nullable="false" Precision="13" Scale="3" sap:unicode="false" sap:label="Day24"
					sap:creatable="false" sap:updatable="false" sap:sortable="false" sap:filterable="false"/><Property Name="D11a" Type="Edm.String" Nullable="false" MaxLength="16" sap:unicode="false" sap:label="D11A" sap:creatable="false"
					sap:updatable="false" sap:sortable="false" sap:filterable="false"/><Property Name="D25" Type="Edm.Decimal" Nullable="false" Precision="13" Scale="3" sap:unicode="false" sap:label="Day25"
					sap:creatable="false" sap:updatable="false" sap:sortable="false" sap:filterable="false"/><Property Name="D12a" Type="Edm.String" Nullable="false" MaxLength="16" sap:unicode="false" sap:label="D12A" sap:creatable="false"
					sap:updatable="false" sap:sortable="false" sap:filterable="false"/><Property Name="D26" Type="Edm.Decimal" Nullable="false" Precision="13" Scale="3" sap:unicode="false" sap:label="Day26"
					sap:creatable="false" sap:updatable="false" sap:sortable="false" sap:filterable="false"/><Property Name="D13a" Type="Edm.String" Nullable="false" MaxLength="16" sap:unicode="false" sap:label="D13A" sap:creatable="false"
					sap:updatable="false" sap:sortable="false" sap:filterable="false"/><Property Name="D27" Type="Edm.Decimal" Nullable="false" Precision="13" Scale="3" sap:unicode="false" sap:label="Day27"
					sap:creatable="false" sap:updatable="false" sap:sortable="false" sap:filterable="false"/><Property Name="D14a" Type="Edm.String" Nullable="false" MaxLength="16" sap:unicode="false" sap:label="D14A" sap:creatable="false"
					sap:updatable="false" sap:sortable="false" sap:filterable="false"/><Property Name="D15a" Type="Edm.String" Nullable="false" MaxLength="16" sap:unicode="false" sap:label="D15A" sap:creatable="false"
					sap:updatable="false" sap:sortable="false" sap:filterable="false"/><Property Name="D28" Type="Edm.Decimal" Nullable="false" Precision="13" Scale="3" sap:unicode="false" sap:label="Day28"
					sap:creatable="false" sap:updatable="false" sap:sortable="false" sap:filterable="false"/><Property Name="D16a" Type="Edm.String" Nullable="false" MaxLength="16" sap:unicode="false" sap:label="D16A" sap:creatable="false"
					sap:updatable="false" sap:sortable="false" sap:filterable="false"/><Property Name="D29" Type="Edm.Decimal" Nullable="false" Precision="13" Scale="3" sap:unicode="false" sap:label="Day29"
					sap:creatable="false" sap:updatable="false" sap:sortable="false" sap:filterable="false"/><Property Name="D17a" Type="Edm.String" Nullable="false" MaxLength="16" sap:unicode="false" sap:label="D17A" sap:creatable="false"
					sap:updatable="false" sap:sortable="false" sap:filterable="false"/><Property Name="D30" Type="Edm.Decimal" Nullable="false" Precision="13" Scale="3" sap:unicode="false" sap:label="Day30"
					sap:creatable="false" sap:updatable="false" sap:sortable="false" sap:filterable="false"/><Property Name="D31" Type="Edm.Decimal" Nullable="false" Precision="13" Scale="3" sap:unicode="false" sap:label="Day31"
					sap:creatable="false" sap:updatable="false" sap:sortable="false" sap:filterable="false"/><Property Name="D18a" Type="Edm.String" Nullable="false" MaxLength="16" sap:unicode="false" sap:label="D18A" sap:creatable="false"
					sap:updatable="false" sap:sortable="false" sap:filterable="false"/><Property Name="D19a" Type="Edm.String" Nullable="false" MaxLength="16" sap:unicode="false" sap:label="D19A" sap:creatable="false"
					sap:updatable="false" sap:sortable="false" sap:filterable="false"/><Property Name="D20a" Type="Edm.String" Nullable="false" MaxLength="16" sap:unicode="false" sap:label="D20A" sap:creatable="false"
					sap:updatable="false" sap:sortable="false" sap:filterable="false"/><Property Name="D21a" Type="Edm.String" Nullable="false" MaxLength="16" sap:unicode="false" sap:label="D21A" sap:creatable="false"
					sap:updatable="false" sap:sortable="false" sap:filterable="false"/><Property Name="D22a" Type="Edm.String" Nullable="false" MaxLength="16" sap:unicode="false" sap:label="D22A" sap:creatable="false"
					sap:updatable="false" sap:sortable="false" sap:filterable="false"/><Property Name="D23a" Type="Edm.String" Nullable="false" MaxLength="16" sap:unicode="false" sap:label="D23A" sap:creatable="false"
					sap:updatable="false" sap:sortable="false" sap:filterable="false"/><Property Name="D24a" Type="Edm.String" Nullable="false" MaxLength="16" sap:unicode="false" sap:label="D24A" sap:creatable="false"
					sap:updatable="false" sap:sortable="false" sap:filterable="false"/><Property Name="D25a" Type="Edm.String" Nullable="false" MaxLength="16" sap:unicode="false" sap:label="D25A" sap:creatable="false"
					sap:updatable="false" sap:sortable="false" sap:filterable="false"/><Property Name="D26a" Type="Edm.String" Nullable="false" MaxLength="16" sap:unicode="false" sap:label="D26A" sap:creatable="false"
					sap:updatable="false" sap:sortable="false" sap:filterable="false"/><Property Name="D27a" Type="Edm.String" Nullable="false" MaxLength="16" sap:unicode="false" sap:label="D27A" sap:creatable="false"
					sap:updatable="false" sap:sortable="false" sap:filterable="false"/><Property Name="D28a" Type="Edm.String" Nullable="false" MaxLength="16" sap:unicode="false" sap:label="D28A" sap:creatable="false"
					sap:updatable="false" sap:sortable="false" sap:filterable="false"/><Property Name="D29a" Type="Edm.String" Nullable="false" MaxLength="16" sap:unicode="false" sap:label="D29A" sap:creatable="false"
					sap:updatable="false" sap:sortable="false" sap:filterable="false"/><Property Name="D30a" Type="Edm.String" Nullable="false" MaxLength="16" sap:unicode="false" sap:label="D30A" sap:creatable="false"
					sap:updatable="false" sap:sortable="false" sap:filterable="false"/><Property Name="D31a" Type="Edm.String" Nullable="false" MaxLength="16" sap:unicode="false" sap:label="Day 31 Actuals" sap:creatable="false"
					sap:updatable="false" sap:sortable="false" sap:filterable="false"/><Property Name="D1v" Type="Edm.String" Nullable="false" MaxLength="16" sap:unicode="false" sap:label="Day 1 Difference"
					sap:creatable="false" sap:updatable="false" sap:sortable="false" sap:filterable="false"/><Property Name="D2v" Type="Edm.String" Nullable="false" MaxLength="16" sap:unicode="false" sap:label="D2V" sap:creatable="false"
					sap:updatable="false" sap:sortable="false" sap:filterable="false"/><Property Name="D3v" Type="Edm.String" Nullable="false" MaxLength="16" sap:unicode="false" sap:label="D3V" sap:creatable="false"
					sap:updatable="false" sap:sortable="false" sap:filterable="false"/><Property Name="D4v" Type="Edm.String" Nullable="false" MaxLength="16" sap:unicode="false" sap:label="D4V" sap:creatable="false"
					sap:updatable="false" sap:sortable="false" sap:filterable="false"/><Property Name="D5v" Type="Edm.String" Nullable="false" MaxLength="16" sap:unicode="false" sap:label="D5V" sap:creatable="false"
					sap:updatable="false" sap:sortable="false" sap:filterable="false"/><Property Name="D6v" Type="Edm.String" Nullable="false" MaxLength="16" sap:unicode="false" sap:label="D6V" sap:creatable="false"
					sap:updatable="false" sap:sortable="false" sap:filterable="false"/><Property Name="D7v" Type="Edm.String" Nullable="false" MaxLength="16" sap:unicode="false" sap:label="D7V" sap:creatable="false"
					sap:updatable="false" sap:sortable="false" sap:filterable="false"/><Property Name="D8v" Type="Edm.String" Nullable="false" MaxLength="16" sap:unicode="false" sap:label="D8V" sap:creatable="false"
					sap:updatable="false" sap:sortable="false" sap:filterable="false"/><Property Name="D9v" Type="Edm.String" Nullable="false" MaxLength="16" sap:unicode="false" sap:label="D9V" sap:creatable="false"
					sap:updatable="false" sap:sortable="false" sap:filterable="false"/><Property Name="D10v" Type="Edm.String" Nullable="false" MaxLength="16" sap:unicode="false" sap:label="D10V" sap:creatable="false"
					sap:updatable="false" sap:sortable="false" sap:filterable="false"/><Property Name="D11v" Type="Edm.String" Nullable="false" MaxLength="16" sap:unicode="false" sap:label="D11V" sap:creatable="false"
					sap:updatable="false" sap:sortable="false" sap:filterable="false"/><Property Name="D12v" Type="Edm.String" Nullable="false" MaxLength="16" sap:unicode="false" sap:label="D12V" sap:creatable="false"
					sap:updatable="false" sap:sortable="false" sap:filterable="false"/><Property Name="D13v" Type="Edm.String" Nullable="false" MaxLength="16" sap:unicode="false" sap:label="D13V" sap:creatable="false"
					sap:updatable="false" sap:sortable="false" sap:filterable="false"/><Property Name="D14v" Type="Edm.String" Nullable="false" MaxLength="16" sap:unicode="false" sap:label="D14V" sap:creatable="false"
					sap:updatable="false" sap:sortable="false" sap:filterable="false"/><Property Name="D15v" Type="Edm.String" Nullable="false" MaxLength="16" sap:unicode="false" sap:label="D15V" sap:creatable="false"
					sap:updatable="false" sap:sortable="false" sap:filterable="false"/><Property Name="D16v" Type="Edm.String" Nullable="false" MaxLength="16" sap:unicode="false" sap:label="D16V" sap:creatable="false"
					sap:updatable="false" sap:sortable="false" sap:filterable="false"/><Property Name="D17v" Type="Edm.String" Nullable="false" MaxLength="16" sap:unicode="false" sap:label="D17V" sap:creatable="false"
					sap:updatable="false" sap:sortable="false" sap:filterable="false"/><Property Name="D18v" Type="Edm.String" Nullable="false" MaxLength="16" sap:unicode="false" sap:label="D18V" sap:creatable="false"
					sap:updatable="false" sap:sortable="false" sap:filterable="false"/><Property Name="D19v" Type="Edm.String" Nullable="false" MaxLength="16" sap:unicode="false" sap:label="D19V" sap:creatable="false"
					sap:updatable="false" sap:sortable="false" sap:filterable="false"/><Property Name="D20v" Type="Edm.String" Nullable="false" MaxLength="16" sap:unicode="false" sap:label="D20V" sap:creatable="false"
					sap:updatable="false" sap:sortable="false" sap:filterable="false"/><Property Name="D21v" Type="Edm.String" Nullable="false" MaxLength="16" sap:unicode="false" sap:label="D21V" sap:creatable="false"
					sap:updatable="false" sap:sortable="false" sap:filterable="false"/><Property Name="D22v" Type="Edm.String" Nullable="false" MaxLength="16" sap:unicode="false" sap:label="D22V" sap:creatable="false"
					sap:updatable="false" sap:sortable="false" sap:filterable="false"/><Property Name="D23v" Type="Edm.String" Nullable="false" MaxLength="16" sap:unicode="false" sap:label="D23V" sap:creatable="false"
					sap:updatable="false" sap:sortable="false" sap:filterable="false"/><Property Name="D24v" Type="Edm.String" Nullable="false" MaxLength="16" sap:unicode="false" sap:label="D24V" sap:creatable="false"
					sap:updatable="false" sap:sortable="false" sap:filterable="false"/><Property Name="D25v" Type="Edm.String" Nullable="false" MaxLength="16" sap:unicode="false" sap:label="D25V" sap:creatable="false"
					sap:updatable="false" sap:sortable="false" sap:filterable="false"/><Property Name="D26v" Type="Edm.String" Nullable="false" MaxLength="16" sap:unicode="false" sap:label="D26V" sap:creatable="false"
					sap:updatable="false" sap:sortable="false" sap:filterable="false"/><Property Name="D27v" Type="Edm.String" Nullable="false" MaxLength="16" sap:unicode="false" sap:label="D27V" sap:creatable="false"
					sap:updatable="false" sap:sortable="false" sap:filterable="false"/><Property Name="D28v" Type="Edm.String" Nullable="false" MaxLength="16" sap:unicode="false" sap:label="D28V" sap:creatable="false"
					sap:updatable="false" sap:sortable="false" sap:filterable="false"/><Property Name="D29v" Type="Edm.String" Nullable="false" MaxLength="16" sap:unicode="false" sap:label="D29V" sap:creatable="false"
					sap:updatable="false" sap:sortable="false" sap:filterable="false"/><Property Name="D30v" Type="Edm.String" Nullable="false" MaxLength="16" sap:unicode="false" sap:label="D30V" sap:creatable="false"
					sap:updatable="false" sap:sortable="false" sap:filterable="false"/><Property Name="D31v" Type="Edm.String" Nullable="false" MaxLength="16" sap:unicode="false" sap:label="Day 31 Differemce"
					sap:creatable="false" sap:updatable="false" sap:sortable="false" sap:filterable="false"/></EntityType>
			<EntityType Name="CollectionsDailyVariation" sap:content-version="1">
				<Key><PropertyRef Name="Day"/></Key><Property Name="Day" Type="Edm.String" Nullable="false" sap:unicode="false" sap:label="Date" sap:creatable="false" sap:updatable="false"
					sap:sortable="false" sap:filterable="false"/><Property Name="Projection" Type="Edm.Decimal" Nullable="false" Precision="13" Scale="2" sap:unicode="false" sap:label="Projection"
					sap:creatable="false" sap:updatable="false" sap:sortable="false" sap:filterable="false"/><Property Name="Actuals" Type="Edm.Decimal" Nullable="false" Precision="13" Scale="2" sap:unicode="false" sap:label="Actuals"
					sap:creatable="false" sap:updatable="false" sap:sortable="false" sap:filterable="false"/><Property Name="Variance" Type="Edm.Decimal" Nullable="false" Precision="13" Scale="2" sap:unicode="false" sap:label="Variance"
					sap:creatable="false" sap:updatable="false" sap:sortable="false" sap:filterable="false"/></EntityType>
			<EntityType Name="PaymentsDailyVariation" sap:content-version="1">
				<Key><PropertyRef Name="Day"/></Key><Property Name="Day" Type="Edm.String" Nullable="false" sap:unicode="false" sap:label="Date" sap:creatable="false" sap:updatable="false"
					sap:sortable="false" sap:filterable="false"/><Property Name="Projection" Type="Edm.Decimal" Nullable="false" Precision="13" Scale="2" sap:unicode="false" sap:label="Projection"
					sap:creatable="false" sap:updatable="false" sap:sortable="false" sap:filterable="false"/><Property Name="Actuals" Type="Edm.Decimal" Nullable="false" Precision="13" Scale="2" sap:unicode="false" sap:label="Actuals"
					sap:creatable="false" sap:updatable="false" sap:sortable="false" sap:filterable="false"/><Property Name="Variance" Type="Edm.Decimal" Nullable="false" Precision="13" Scale="2" sap:unicode="false" sap:label="Variance"
					sap:creatable="false" sap:updatable="false" sap:sortable="false" sap:filterable="false"/></EntityType>
			<EntityContainer Name="YMPS_FI_CASH_TRACK_SRV_Entities" m:IsDefaultEntityContainer="true" sap:supported-formats="atom json xlsx"><EntitySet Name="Et_MonthWiseProjectionSet" EntityType="YMPS_FI_CASH_TRACK_SRV.Et_MonthWiseProjection" sap:creatable="false"
				sap:updatable="false" sap:deletable="false" sap:pageable="false" sap:addressable="false" sap:content-version="1"/><EntitySet Name="Et_MonthTotalSet" EntityType="YMPS_FI_CASH_TRACK_SRV.Et_MonthTotal" sap:creatable="false" sap:updatable="false"
				sap:deletable="false" sap:pageable="false" sap:addressable="false" sap:content-version="1"/><EntitySet Name="Et_BankHolidaySet" EntityType="YMPS_FI_CASH_TRACK_SRV.Et_BankHoliday" sap:creatable="false" sap:updatable="false"
				sap:deletable="false" sap:pageable="false" sap:addressable="false" sap:content-version="1"/><EntitySet Name="Et_TotalLineItemsSet" EntityType="YMPS_FI_CASH_TRACK_SRV.Et_TotalLineItems" sap:creatable="false" sap:updatable="false"
				sap:deletable="false" sap:pageable="false" sap:addressable="false" sap:content-version="1"/><EntitySet Name="CollectionsDailyVariationSet" EntityType="YMPS_FI_CASH_TRACK_SRV.CollectionsDailyVariation" sap:creatable="false"
				sap:updatable="false" sap:deletable="false" sap:pageable="false" sap:addressable="false" sap:content-version="1"/><EntitySet Name="PaymentsDailyVariationSet" EntityType="YMPS_FI_CASH_TRACK_SRV.PaymentsDailyVariation" sap:creatable="false"
				sap:updatable="false" sap:deletable="false" sap:pageable="false" sap:addressable="false" sap:content-version="1"/></EntityContainer><atom:link xmlns:atom="http://www.w3.org/2005/Atom" rel="self" href="./sap/YMPS_FI_CASH_TRACK_SRV/$metadata"/><atom:link xmlns:atom="http://www.w3.org/2005/Atom" rel="latest-version" href="./sap/YMPS_FI_CASH_TRACK_SRV/$metadata"/></Schema>
	</edmx:DataServices>
</edmx:Edmx>