<edmx:Edmx xmlns:edmx="http://schemas.microsoft.com/ado/2007/06/edmx"
	xmlns:m="http://schemas.microsoft.com/ado/2007/08/dataservices/metadata" xmlns:sap="http://www.sap.com/Protocols/SAPData" Version="1.0">
	<edmx:DataServices m:DataServiceVersion="2.0">
		<Schema xmlns="http://schemas.microsoft.com/ado/2008/09/edm" Namespace="YV01O_SD_PLANT_CREATE_SRV" xml:lang="en" sap:schema-version="1">
			<EntityType Name="ET_L1_PlantCreationForm" sap:content-version="1">
				<Key><PropertyRef Name="Mandt"/><PropertyRef Name="PlantType"/></Key><Property Name="Mandt" Type="Edm.String" Nullable="false" MaxLength="3" sap:unicode="false" sap:label="Client" sap:creatable="false"
					sap:updatable="false" sap:sortable="false" sap:filterable="false"/><Property Name="PlantType" Type="Edm.String" Nullable="false" MaxLength="50" sap:unicode="false" sap:label="Kind Of Plant"
					sap:creatable="false" sap:updatable="false" sap:sortable="false" sap:filterable="false"/><Property Name="PlantRef" Type="Edm.String" Nullable="false" MaxLength="6" sap:unicode="false" sap:label="Reference Plant"
					sap:creatable="false" sap:updatable="false" sap:sortable="false" sap:filterable="false"/><Property Name="BusinessArea" Type="Edm.String" Nullable="false" MaxLength="6" sap:unicode="false" sap:label="Business Area"
					sap:creatable="false" sap:updatable="false" sap:sortable="false" sap:filterable="false"/><Property Name="BusinessPlace" Type="Edm.String" Nullable="false" MaxLength="10" sap:unicode="false" sap:label="Business Place"
					sap:creatable="false" sap:updatable="false" sap:sortable="false" sap:filterable="false"/><Property Name="ProfitCentre" Type="Edm.String" Nullable="false" MaxLength="6" sap:unicode="false" sap:label="Profit Center"
					sap:creatable="false" sap:updatable="false" sap:sortable="false" sap:filterable="false"/><Property Name="PlantName" Type="Edm.String" Nullable="false" MaxLength="20" sap:unicode="false" sap:label="Name of Plant"
					sap:creatable="false" sap:updatable="false" sap:sortable="false" sap:filterable="false"/><Property Name="Address" Type="Edm.String" Nullable="false" MaxLength="100" sap:unicode="false" sap:label="Address" sap:creatable="false"
					sap:updatable="false" sap:sortable="false" sap:filterable="false"/><Property Name="PlantRegion" Type="Edm.String" Nullable="false" MaxLength="20" sap:unicode="false" sap:label="Region of plant"
					sap:creatable="false" sap:updatable="false" sap:sortable="false" sap:filterable="false"/><Property Name="StateCode" Type="Edm.String" Nullable="false" MaxLength="10" sap:unicode="false" sap:label="State code"
					sap:creatable="false" sap:updatable="false" sap:sortable="false" sap:filterable="false"/><Property Name="SaleTaxDtls" Type="Edm.String" Nullable="false" MaxLength="50" sap:unicode="false" sap:label="Sales tax details"
					sap:creatable="false" sap:updatable="false" sap:sortable="false" sap:filterable="false"/><Property Name="VatDtls" Type="Edm.String" Nullable="false" MaxLength="20" sap:unicode="false" sap:label="Vat details" sap:creatable="false"
					sap:updatable="false" sap:sortable="false" sap:filterable="false"/><Property Name="ExportTag" Type="Edm.String" Nullable="false" MaxLength="1" sap:unicode="false"
					sap:label="Will export happen from this plant (yes/no)" sap:creatable="false" sap:updatable="false" sap:sortable="false"
					sap:filterable="false"/><Property Name="VendorCode" Type="Edm.String" Nullable="false" MaxLength="10" sap:unicode="false" sap:label="Vendor Code"
					sap:creatable="false" sap:updatable="false" sap:sortable="false" sap:filterable="false"/><Property Name="LrTag" Type="Edm.String" Nullable="false" MaxLength="1" sap:unicode="false" sap:label="LR settings" sap:creatable="false"
					sap:updatable="false" sap:sortable="false" sap:filterable="false"/><Property Name="LrVal" Type="Edm.String" Nullable="false" MaxLength="4" sap:unicode="false"
					sap:label="the division for which this plant needs to be mapped" sap:creatable="false" sap:updatable="false" sap:sortable="false"
					sap:filterable="false"/><Property Name="Rg23dTag" Type="Edm.String" Nullable="false" MaxLength="1" sap:unicode="false" sap:label="RG23D" sap:creatable="false"
					sap:updatable="false" sap:sortable="false" sap:filterable="false"/><Property Name="J1iinTag" Type="Edm.String" Nullable="false" MaxLength="1" sap:unicode="false" sap:label="J1IIN setting"
					sap:creatable="false" sap:updatable="false" sap:sortable="false" sap:filterable="false"/><Property Name="CostCntrMap" Type="Edm.String" Nullable="false" MaxLength="20" sap:unicode="false"
					sap:label="List of Cost Centers and Cost Element Mapping" sap:creatable="false" sap:updatable="false" sap:sortable="false"
					sap:filterable="false"/><Property Name="SalesArea" Type="Edm.String" Nullable="false" MaxLength="20" sap:unicode="false" sap:label="Sales Area"
					sap:creatable="false" sap:updatable="false" sap:sortable="false" sap:filterable="false"/><Property Name="CityName" Type="Edm.String" Nullable="false" MaxLength="20" sap:unicode="false"
					sap:label="Name of the City with which city code to be attached" sap:creatable="false" sap:updatable="false" sap:sortable="false"
					sap:filterable="false"/><Property Name="MatCosted" Type="Edm.String" Nullable="false" MaxLength="20" sap:unicode="false" sap:label="Material is costed or not"
					sap:creatable="false" sap:updatable="false" sap:sortable="false" sap:filterable="false"/><Property Name="PlantCostTag" Type="Edm.String" Nullable="false" MaxLength="1" sap:unicode="false" sap:label="Plant is costed or not"
					sap:creatable="false" sap:updatable="false" sap:sortable="false" sap:filterable="false"/><Property Name="CtrlSalesOffic" Type="Edm.String" Nullable="false" MaxLength="20" sap:unicode="false" sap:label="Controlling Sales Office"
					sap:creatable="false" sap:updatable="false" sap:sortable="false" sap:filterable="false"/><Property Name="ZdrTag" Type="Edm.String" Nullable="false" MaxLength="1" sap:unicode="false" sap:label="ZDR" sap:creatable="false"
					sap:updatable="false" sap:sortable="false" sap:filterable="false"/><Property Name="GstNo" Type="Edm.String" Nullable="false" MaxLength="16" sap:unicode="false" sap:label="GST No" sap:creatable="false"
					sap:updatable="false" sap:sortable="false" sap:filterable="false"/><Property Name="PanNo" Type="Edm.String" Nullable="false" MaxLength="20" sap:unicode="false" sap:label="Pan No" sap:creatable="false"
					sap:updatable="false" sap:sortable="false" sap:filterable="false"/><Property Name="ExcRange" Type="Edm.String" Nullable="false" MaxLength="20" sap:unicode="false" sap:label="Exc. Range" sap:creatable="false"
					sap:updatable="false" sap:sortable="false" sap:filterable="false"/><Property Name="ExcColl" Type="Edm.String" Nullable="false" MaxLength="20" sap:unicode="false" sap:label="Exc. Coll. / Commissionarate"
					sap:creatable="false" sap:updatable="false" sap:sortable="false" sap:filterable="false"/><Property Name="CstNo" Type="Edm.String" Nullable="false" MaxLength="20" sap:unicode="false" sap:label="CST no." sap:creatable="false"
					sap:updatable="false" sap:sortable="false" sap:filterable="false"/><Property Name="LstVatTinNo" Type="Edm.String" Nullable="false" MaxLength="20" sap:unicode="false"
					sap:label="LST no. / VAT reg. no./TIN No." sap:creatable="false" sap:updatable="false" sap:sortable="false" sap:filterable="false"/><Property Name="MsgId" Type="Edm.String" Nullable="false" MaxLength="20" sap:unicode="false" sap:label="MSG USER ID" sap:creatable="false"
					sap:updatable="false" sap:sortable="false" sap:filterable="false"/><Property Name="MsId" Type="Edm.String" Nullable="false" MaxLength="6" sap:unicode="false" sap:label="M&amp;S USER ID" sap:creatable="false"
					sap:updatable="false" sap:sortable="false" sap:filterable="false"/><Property Name="IdId" Type="Edm.String" Nullable="false" MaxLength="6" sap:unicode="false" sap:label="IDTG USER ID" sap:creatable="false"
					sap:updatable="false" sap:sortable="false" sap:filterable="false"/><Property Name="Status" Type="Edm.String" Nullable="false" MaxLength="20" sap:unicode="false" sap:label="STATUS OF DOCUMENT"
					sap:creatable="false" sap:updatable="false" sap:sortable="false" sap:filterable="false"/><Property Name="ItsId" Type="Edm.String" Nullable="false" MaxLength="6" sap:unicode="false" sap:label="ITS user ID" sap:creatable="false"
					sap:updatable="false" sap:sortable="false" sap:filterable="false"/><Property Name="Comment1" Type="Edm.String" Nullable="false" MaxLength="150" sap:unicode="false" sap:label="Comment1" sap:creatable="false"
					sap:updatable="false" sap:sortable="false" sap:filterable="false"/><Property Name="Comment2" Type="Edm.String" Nullable="false" MaxLength="150" sap:unicode="false" sap:label="Comment3" sap:creatable="false"
					sap:updatable="false" sap:sortable="false" sap:filterable="false"/><Property Name="Comment3" Type="Edm.String" Nullable="false" MaxLength="150" sap:unicode="false" sap:label="Comment3" sap:creatable="false"
					sap:updatable="false" sap:sortable="false" sap:filterable="false"/><Property Name="Tag" Type="Edm.String" Nullable="false" MaxLength="10" sap:unicode="false" sap:label="Tag" sap:creatable="false"
					sap:updatable="false" sap:sortable="false" sap:filterable="false"/></EntityType>
			<EntityContainer Name="YV01O_SD_PLANT_CREATE_SRV_Entities" m:IsDefaultEntityContainer="true" sap:supported-formats="atom json xlsx"><EntitySet Name="ET_L1_PlantCreationFormSet" EntityType="YV01O_SD_PLANT_CREATE_SRV.ET_L1_PlantCreationForm" sap:creatable="false"
				sap:updatable="false" sap:deletable="false" sap:pageable="false" sap:addressable="false" sap:content-version="1"/></EntityContainer><atom:link xmlns:atom="http://www.w3.org/2005/Atom" rel="self" href="./sap/YV01O_SD_PLANT_CREATE_SRV/$metadata"/><atom:link xmlns:atom="http://www.w3.org/2005/Atom" rel="latest-version" href="./sap/YV01O_SD_PLANT_CREATE_SRV/$metadata"/></Schema>
	</edmx:DataServices>
</edmx:Edmx>