<edmx:Edmx
    xmlns:edmx="http://schemas.microsoft.com/ado/2007/06/edmx"
    xmlns:m="http://schemas.microsoft.com/ado/2007/08/dataservices/metadata"
    xmlns:sap="http://www.sap.com/Protocols/SAPData" Version="1.0">
    <edmx:Reference
        xmlns:edmx="http://docs.oasis-open.org/odata/ns/edmx" Uri="./IWFND/CATALOGSERVICE;v=2/Vocabularies(TechnicalName='%2FIWBEP%2FVOC_UI',Version='0001',SAP__Origin='FIORI2S4H')/$value">
        <edmx:Include Namespace="com.sap.vocabularies.UI.v1"/>
    </edmx:Reference>
    <edmx:Reference
        xmlns:edmx="http://docs.oasis-open.org/odata/ns/edmx" Uri="./IWFND/CATALOGSERVICE;v=2/Vocabularies(TechnicalName='%2FIWBEP%2FVOC_CORE',Version='0001',SAP__Origin='FIORI2S4H')/$value">
        <edmx:Include Namespace="Org.OData.Core.V1"/>
    </edmx:Reference>
    <edmx:Reference
        xmlns:edmx="http://docs.oasis-open.org/odata/ns/edmx" Uri="./IWFND/CATALOGSERVICE;v=2/Vocabularies(TechnicalName='%2FIWBEP%2FVOC_COMMUNICATION',Version='0001',SAP__Origin='FIORI2S4H')/$value">
        <edmx:Include Namespace="com.sap.vocabularies.Communication.v1"/>
    </edmx:Reference>
    <edmx:Reference
        xmlns:edmx="http://docs.oasis-open.org/odata/ns/edmx" Uri="./IWFND/CATALOGSERVICE;v=2/Vocabularies(TechnicalName='%2FIWBEP%2FVOC_COMMON',Version='0001',SAP__Origin='FIORI2S4H')/$value">
        <edmx:Include Namespace="com.sap.vocabularies.Common.v1"/>
    </edmx:Reference>
    <edmx:DataServices m:DataServiceVersion="2.0">
        <Schema
            xmlns="http://schemas.microsoft.com/ado/2008/09/edm" Namespace="YLIST_APP_ANNOTATION_SRV" xml:lang="en" sap:schema-version="1">
            <EntityType Name="ET_SALES" sap:content-version="1">
                <Key>
                    <PropertyRef Name="Vbeln"/>
                    <PropertyRef Name="Posnr"/>
                </Key>
                <Property Name="Vbeln" Type="Edm.String" Nullable="false" MaxLength="10" sap:label="Sales Document"/>
                <Property Name="Posnr" Type="Edm.String" Nullable="false" MaxLength="6" sap:label="Item"/>
                <Property Name="Matnr" Type="Edm.String" Nullable="false" MaxLength="40" sap:label="Material"/>
                <Property Name="Charg" Type="Edm.String" Nullable="false" MaxLength="10" sap:label="Batch"/>
                <Property Name="Matkl" Type="Edm.String" Nullable="false" MaxLength="9" sap:label="Material Group"/>
            </EntityType>
            <EntityContainer Name="YLIST_APP_ANNOTATION_SRV_Entities" m:IsDefaultEntityContainer="true" sap:supported-formats="atom json xlsx">
                <EntitySet Name="ET_SALESSet" EntityType="YLIST_APP_ANNOTATION_SRV.ET_SALES" sap:content-version="1"/>
            </EntityContainer>
            <Annotations
                xmlns="http://docs.oasis-open.org/odata/ns/edm" Target="YLIST_APP_ANNOTATION_SRV.ET_SALES">
                <Annotation Term="com.sap.vocabularies.UI.v1.LineItem">
                    <Collection>
                        <Record Type="com.sap.vocabularies.UI.v1.DataFieldForAnnotation">
                            <PropertyValue Property="Label" String="Vbeln"/>
                            <PropertyValue Property="Target" AnnotationPath=""/>
                        </Record>
                        <Record Type="com.sap.vocabularies.UI.v1.DataField">
                            <PropertyValue Property="Label" String="Posnr"/>
                            <PropertyValue Property="Value" Path="Posnr"/>
                        </Record>
                        <Record Type="com.sap.vocabularies.UI.v1.DataField">
                            <PropertyValue Property="Label" String="Matnr"/>
                            <PropertyValue Property="Value" Path="Matnr"/>
                        </Record>
                        <Record Type="com.sap.vocabularies.UI.v1.DataField">
                            <PropertyValue Property="Label" String="Charg"/>
                            <PropertyValue Property="Value" Path="Charg"/>
                        </Record>
                        <Record Type="com.sap.vocabularies.UI.v1.DataField">
                            <PropertyValue Property="Label" String="Matkl"/>
                            <PropertyValue Property="Value" Path="Matkl"/>
                        </Record>
                    </Collection>
                </Annotation>
            </Annotations>
            <atom:link
                xmlns:atom="http://www.w3.org/2005/Atom" rel="self" href="./sap/YLIST_APP_ANNOTATION_SRV/$metadata"/>
                <atom:link
                    xmlns:atom="http://www.w3.org/2005/Atom" rel="latest-version" href="./sap/YLIST_APP_ANNOTATION_SRV/$metadata"/>
                </Schema>
            </edmx:DataServices>
        </edmx:Edmx>