<edmx:Edmx
    xmlns:edmx="http://schemas.microsoft.com/ado/2007/06/edmx"
    xmlns:m="http://schemas.microsoft.com/ado/2007/08/dataservices/metadata"
    xmlns:sap="http://www.sap.com/Protocols/SAPData" Version="1.0">
    <edmx:DataServices m:DataServiceVersion="2.0">
        <Schema
            xmlns="http://schemas.microsoft.com/ado/2008/09/edm" Namespace="YMPSO_FI_CASHOPRN_OVP_SRV" xml:lang="en" sap:schema-version="1">
            <EntityType Name="ET_TotalActualCollection" sap:content-version="1">
                <Key>
                    <PropertyRef Name="Month"/>
                </Key>
                <Property Name="Month" Type="Edm.String" Nullable="false" sap:unicode="false" sap:creatable="false" sap:updatable="false" sap:sortable="false" sap:filterable="false"/>
                <Property Name="Monthly_Collection" Type="Edm.Decimal" Nullable="false" Precision="31" Scale="0" sap:unicode="false" sap:creatable="false" sap:updatable="false" sap:sortable="false" sap:filterable="false"/>
            </EntityType>
            <EntityType Name="ET_Collection_Display" sap:content-version="1">
                <Key>
                    <PropertyRef Name="Mnth"/>
                </Key>
                <Property Name="Actuals" Type="Edm.Decimal" Nullable="false" Precision="31" Scale="0" sap:unicode="false" sap:creatable="false" sap:updatable="false" sap:sortable="false" sap:filterable="false"/>
                <Property Name="Daily_Proj" Type="Edm.Decimal" Nullable="false" Precision="31" Scale="0" sap:unicode="false" sap:creatable="false" sap:updatable="false" sap:sortable="false" sap:filterable="false"/>
                <Property Name="Manthly_Proj" Type="Edm.Decimal" Nullable="false" Precision="31" Scale="0" sap:unicode="false" sap:creatable="false" sap:updatable="false" sap:sortable="false" sap:filterable="false"/>
                <Property Name="Mnth" Type="Edm.String" Nullable="false" sap:unicode="false" sap:creatable="false" sap:updatable="false" sap:sortable="false" sap:filterable="false"/>
            </EntityType>
            <EntityType Name="ET_MonthlyProjVsActualCollection" sap:content-version="1">
                <Key>
                    <PropertyRef Name="Month"/>
                </Key>
                <Property Name="Month" Type="Edm.String" Nullable="false" sap:unicode="false" sap:creatable="false" sap:updatable="false" sap:sortable="false" sap:filterable="false"/>
                <Property Name="Variance" Type="Edm.Decimal" Nullable="false" Precision="31" Scale="0" sap:unicode="false" sap:creatable="false" sap:updatable="false" sap:sortable="false" sap:filterable="false"/>
                <Property Name="Projection_Diff" Type="Edm.Decimal" Nullable="false" Precision="31" Scale="0" sap:unicode="false" sap:creatable="false" sap:updatable="false" sap:sortable="false" sap:filterable="false"/>
            </EntityType>
            <EntityType Name="ET_DailyProjvsActualCollection" sap:content-version="1">
                <Key>
                    <PropertyRef Name="Month"/>
                </Key>
                <Property Name="Month" Type="Edm.String" Nullable="false" sap:unicode="false" sap:creatable="false" sap:updatable="false" sap:sortable="false" sap:filterable="false"/>
                <Property Name="Variance" Type="Edm.Decimal" Nullable="false" Precision="31" Scale="0" sap:unicode="false" sap:creatable="false" sap:updatable="false" sap:sortable="false" sap:filterable="false"/>
                <Property Name="Projection_Diff" Type="Edm.Decimal" Nullable="false" Precision="31" Scale="0" sap:unicode="false" sap:creatable="false" sap:updatable="false" sap:sortable="false" sap:filterable="false"/>
            </EntityType>
            <EntityType Name="ET_MonthlyProjVsActualPayments" sap:content-version="1">
                <Key>
                    <PropertyRef Name="Month"/>
                </Key>
                <Property Name="Month" Type="Edm.String" Nullable="false" sap:unicode="false" sap:creatable="false" sap:updatable="false" sap:sortable="false" sap:filterable="false"/>
                <Property Name="Actuals" Type="Edm.Decimal" Nullable="false" Precision="31" Scale="0" sap:unicode="false" sap:creatable="false" sap:updatable="false" sap:sortable="false" sap:filterable="false"/>
                <Property Name="Monthly_Proj" Type="Edm.Decimal" Nullable="false" Precision="31" Scale="0" sap:unicode="false" sap:creatable="false" sap:updatable="false" sap:sortable="false" sap:filterable="false"/>
            </EntityType>
            <EntityType Name="ET_PaymentsMnthVsActualDiff" sap:content-version="1">
                <Key>
                    <PropertyRef Name="Month"/>
                </Key>
                <Property Name="Month" Type="Edm.String" Nullable="false" sap:unicode="false" sap:creatable="false" sap:updatable="false" sap:sortable="false" sap:filterable="false"/>
                <Property Name="Projection_Diff" Type="Edm.Decimal" Nullable="false" Precision="31" Scale="0" sap:unicode="false" sap:creatable="false" sap:updatable="false" sap:sortable="false" sap:filterable="false"/>
                <Property Name="Variance" Type="Edm.Decimal" Nullable="false" Precision="31" Scale="0" sap:unicode="false" sap:creatable="false" sap:updatable="false" sap:sortable="false" sap:filterable="false"/>
            </EntityType>
            <EntityType Name="ET_ActualCollVsActualPayment" sap:content-version="1">
                <Key>
                    <PropertyRef Name="Month"/>
                </Key>
                <Property Name="Month" Type="Edm.String" Nullable="false" sap:unicode="false" sap:creatable="false" sap:updatable="false" sap:sortable="false" sap:filterable="false"/>
                <Property Name="Payment" Type="Edm.Decimal" Nullable="false" Precision="31" Scale="0" sap:unicode="false" sap:creatable="false" sap:updatable="false" sap:sortable="false" sap:filterable="false"/>
                <Property Name="Collection" Type="Edm.Decimal" Nullable="false" Precision="31" Scale="0" sap:unicode="false" sap:creatable="false" sap:updatable="false" sap:sortable="false" sap:filterable="false"/>
            </EntityType>
            <EntityType Name="ET_TotalActualPayment" sap:content-version="1">
                <Key>
                    <PropertyRef Name="Month"/>
                </Key>
                <Property Name="Month" Type="Edm.String" Nullable="false" sap:unicode="false" sap:creatable="false" sap:updatable="false" sap:sortable="false" sap:filterable="false"/>
                <Property Name="Payment" Type="Edm.Decimal" Nullable="false" Precision="31" Scale="0" sap:unicode="false" sap:creatable="false" sap:updatable="false" sap:sortable="false" sap:filterable="false"/>
            </EntityType>
            <EntityType Name="ET_ActualCollection" sap:content-version="1">
                <Key>
                    <PropertyRef Name="Particulars"/>
                </Key>
                <Property Name="Particulars" Type="Edm.String" Nullable="false" sap:unicode="false" sap:creatable="false" sap:updatable="false" sap:sortable="false" sap:filterable="false"/>
                <Property Name="Collection" Type="Edm.Decimal" Nullable="false" Precision="31" Scale="0" sap:unicode="false" sap:creatable="false" sap:updatable="false" sap:sortable="false" sap:filterable="false"/>
            </EntityType>
            <EntityType Name="ET_ActualPayments" sap:content-version="1">
                <Key>
                    <PropertyRef Name="Particulars"/>
                </Key>
                <Property Name="Particulars" Type="Edm.String" Nullable="false" sap:unicode="false" sap:creatable="false" sap:updatable="false" sap:sortable="false" sap:filterable="false"/>
                <Property Name="Payments" Type="Edm.Decimal" Nullable="false" Precision="31" Scale="0" sap:unicode="false" sap:creatable="false" sap:updatable="false" sap:sortable="false" sap:filterable="false"/>
            </EntityType>
            <EntityType Name="ET_EODTrend" sap:content-version="1">
                <Key>
                    <PropertyRef Name="Day"/>
                </Key>
                <Property Name="Day" Type="Edm.String" Nullable="false" sap:unicode="false" sap:creatable="false" sap:updatable="false" sap:sortable="false" sap:filterable="false"/>
            </EntityType>
            <EntityType Name="ET_FundTrend" sap:content-version="1">
                <Key>
                    <PropertyRef Name="Day"/>
                </Key>
                <Property Name="Day" Type="Edm.String" Nullable="false" sap:unicode="false" sap:creatable="false" sap:updatable="false" sap:sortable="false" sap:filterable="false"/>
            </EntityType>
            <EntityContainer Name="YMPSO_FI_CASHOPRN_OVP_SRV_Entities" m:IsDefaultEntityContainer="true" sap:supported-formats="atom json xlsx">
                <EntitySet Name="ET_TotalActualCollectionSet" EntityType="YMPSO_FI_CASHOPRN_OVP_SRV.ET_TotalActualCollection" sap:creatable="false" sap:updatable="false" sap:deletable="false" sap:pageable="false" sap:addressable="false" sap:content-version="1"/>
                <EntitySet Name="ET_Collection_DisplaySet" EntityType="YMPSO_FI_CASHOPRN_OVP_SRV.ET_Collection_Display" sap:creatable="false" sap:updatable="false" sap:deletable="false" sap:pageable="false" sap:addressable="false" sap:content-version="1"/>
                <EntitySet Name="ET_MonthlyProjVsActualCollectionSet" EntityType="YMPSO_FI_CASHOPRN_OVP_SRV.ET_MonthlyProjVsActualCollection" sap:creatable="false" sap:updatable="false" sap:deletable="false" sap:pageable="false" sap:addressable="false" sap:content-version="1"/>
                <EntitySet Name="ET_DailyProjvsActualCollectionSet" EntityType="YMPSO_FI_CASHOPRN_OVP_SRV.ET_DailyProjvsActualCollection" sap:creatable="false" sap:updatable="false" sap:deletable="false" sap:pageable="false" sap:addressable="false" sap:content-version="1"/>
                <EntitySet Name="ET_MonthlyProjVsActualPaymentsSet" EntityType="YMPSO_FI_CASHOPRN_OVP_SRV.ET_MonthlyProjVsActualPayments" sap:creatable="false" sap:updatable="false" sap:deletable="false" sap:pageable="false" sap:addressable="false" sap:content-version="1"/>
                <EntitySet Name="ET_PaymentsMnthVsActualDiffSet" EntityType="YMPSO_FI_CASHOPRN_OVP_SRV.ET_PaymentsMnthVsActualDiff" sap:creatable="false" sap:updatable="false" sap:deletable="false" sap:pageable="false" sap:addressable="false" sap:content-version="1"/>
                <EntitySet Name="ET_ActualCollVsActualPaymentSet" EntityType="YMPSO_FI_CASHOPRN_OVP_SRV.ET_ActualCollVsActualPayment" sap:creatable="false" sap:updatable="false" sap:deletable="false" sap:pageable="false" sap:addressable="false" sap:content-version="1"/>
                <EntitySet Name="ET_TotalActualPaymentSet" EntityType="YMPSO_FI_CASHOPRN_OVP_SRV.ET_TotalActualPayment" sap:creatable="false" sap:updatable="false" sap:deletable="false" sap:pageable="false" sap:addressable="false" sap:content-version="1"/>
                <EntitySet Name="ET_ActualCollectionSet" EntityType="YMPSO_FI_CASHOPRN_OVP_SRV.ET_ActualCollection" sap:creatable="false" sap:updatable="false" sap:deletable="false" sap:pageable="false" sap:addressable="false" sap:content-version="1"/>
                <EntitySet Name="ET_ActualPaymentsSet" EntityType="YMPSO_FI_CASHOPRN_OVP_SRV.ET_ActualPayments" sap:creatable="false" sap:updatable="false" sap:deletable="false" sap:pageable="false" sap:addressable="false" sap:content-version="1"/>
                <EntitySet Name="ET_EODTrendSet" EntityType="YMPSO_FI_CASHOPRN_OVP_SRV.ET_EODTrend" sap:creatable="false" sap:updatable="false" sap:deletable="false" sap:pageable="false" sap:addressable="false" sap:content-version="1"/>
                <EntitySet Name="ET_FundTrendSet" EntityType="YMPSO_FI_CASHOPRN_OVP_SRV.ET_FundTrend" sap:creatable="false" sap:updatable="false" sap:deletable="false" sap:pageable="false" sap:addressable="false" sap:content-version="1"/>
            </EntityContainer>
            <atom:link
                xmlns:atom="http://www.w3.org/2005/Atom" rel="self" href="./sap/YMPSO_FI_CASHOPRN_OVP_SRV/$metadata"/>
                <atom:link
                    xmlns:atom="http://www.w3.org/2005/Atom" rel="latest-version" href="./sap/YMPSO_FI_CASHOPRN_OVP_SRV/$metadata"/>
                </Schema>
            </edmx:DataServices>
        </edmx:Edmx>