{
    "resources": [
        {
            "name": "localService/metadata.xml"
        },
        {
            "name": "controller/StockOutDetailsPersoService.js"
        },
        {
            "name": "controller/App.controller.js"
        },
        {
            "name": "controller/StockOutDetails.controller.js"
        },
        {
            "name": "controller/PRDetails.controller.js"
        },
        {
            "name": "controller/DelCompDetails.controller.js"
        },
        {
            "name": "controller/PRDetailsPersoService.js"
        },
        {
            "name": "controller/CoverageDetailsPersoService.js"
        },
        {
            "name": "controller/CoverageDetails.controller.js"
        },
        {
            "name": "controller/MRPDetailsPersoService.js"
        },
        {
            "name": "controller/MRPStatistics.controller.js"
        },
        {
            "name": "css/style.css"
        },
        {
            "name": "Component.js"
        },
        {
            "name": "Component-preload.js",
            "merged": true
        },
        {
            "name": ".user.project.json"
        },
        {
            "name": "manifest.json"
        },
        {
            "name": "neo-app.json"
        },
        {
            "name": "i18n/i18n.properties",
            "raw": "i18n/i18n.properties"
        },
        {
            "name": "model/models.js"
        },
        {
            "name": ".project.json"
        },
        {
            "name": "index.html"
        },
        {
            "name": "resources.json",
            "merged": true
        },
        {
            "name": "view/DelCompDetails.view.xml"
        },
        {
            "name": "view/MRPStatistics.view.xml"
        },
        {
            "name": "view/PRDetails.view.xml"
        },
        {
            "name": "view/CoverageDetails.view.xml"
        },
        {
            "name": "view/StockOutDetails.view.xml"
        },
        {
            "name": "view/App.view.xml"
        }
    ]
}