<edmx:Edmx xmlns:edmx="http://docs.oasis-open.org/odata/ns/edmx" Version="4.0">
	<edmx:Reference xmlns:edmx="http://docs.oasis-open.org/odata/ns/edmx"
		Uri="https://webide-i325546trial.dispatcher.hanatrial.ondemand.com/destinations/FED/sap/opu/odata/sap/YMFACV_P2P_DASHBOARD_SRV/$metadata">
		<edmx:Include xmlns:edmx="http://docs.oasis-open.org/odata/ns/edmx" Namespace="YMFACV_P2P_DASHBOARD_SRV"/>
	</edmx:Reference>
	<edmx:Reference Uri="http://docs.oasis-open.org/odata/odata-data-aggregation-ext/v4.0/cs02/vocabularies/Org.OData.Aggregation.V1.xml">
		<edmx:Include Alias="Aggregation" Namespace="Org.OData.Aggregation.V1"/>
	</edmx:Reference>
	<edmx:Reference Uri="http://docs.oasis-open.org/odata/odata/v4.0/errata03/os/complete/vocabularies/Org.OData.Capabilities.V1.xml">
		<edmx:Include Alias="Capabilities" Namespace="Org.OData.Capabilities.V1"/>
	</edmx:Reference>
	<edmx:Reference Uri="https://wiki.scn.sap.com/wiki/download/attachments/448470974/Common.xml?api=v2">
		<edmx:Include Alias="Common" Namespace="com.sap.vocabularies.Common.v1"/>
	</edmx:Reference>
	<edmx:Reference Uri="https://wiki.scn.sap.com/wiki/download/attachments/448470971/Communication.xml?api=v2">
		<edmx:Include Alias="vCard" Namespace="com.sap.vocabularies.Communication.v1"/>
	</edmx:Reference>
	<edmx:Reference Uri="http://docs.oasis-open.org/odata/odata/v4.0/errata03/os/complete/vocabularies/Org.OData.Core.V1.xml">
		<edmx:Include Alias="Core" Namespace="Org.OData.Core.V1"/>
	</edmx:Reference>
	<edmx:Reference Uri="http://docs.oasis-open.org/odata/odata/v4.0/errata03/os/complete/vocabularies/Org.OData.Measures.V1.xml">
		<edmx:Include Alias="CQP" Namespace="Org.OData.Measures.V1"/>
	</edmx:Reference>
	<edmx:Reference Uri="https://wiki.scn.sap.com/wiki/download/attachments/448470968/UI.xml?api=v2">
		<edmx:Include Alias="UI" Namespace="com.sap.vocabularies.UI.v1"/>
	</edmx:Reference>
	<edmx:DataServices>
		<Schema xmlns="http://docs.oasis-open.org/odata/ns/edm">
			<Annotations Target="YMFACV_P2P_DASHBOARD_SRV.vendorpayables"/>
			<Annotations Target="YMFACV_P2P_DASHBOARD_SRV.gloablentity">
				<Annotation Term="UI.SelectionFields">
					<Collection>
						<PropertyPath>Rbukrs</PropertyPath>
						<PropertyPath>Gjahr</PropertyPath>
						<PropertyPath>Rbusa</PropertyPath>
						<PropertyPath>Zuonr</PropertyPath>
					</Collection>
				</Annotation>
				<Annotation Term="UI.Chart" Qualifier="vendorchart">
					<Record Type="UI.ChartDefinitionType">
						<PropertyValue Property="ChartType" EnumMember="UI.ChartType/Column"/>
						<PropertyValue Property="Measures"/>
						<PropertyValue Property="MeasureAttributes">
							<Collection>
								<Record Type="UI.ChartMeasureAttributeType">
									<PropertyValue Property="Measure" PropertyPath="Value9"/>
								</Record>
							</Collection>
						</PropertyValue>
						<PropertyValue Property="Dimensions"/>
						<PropertyValue Property="DimensionAttributes">
							<Collection>
								<Record Type="UI.ChartDimensionAttributeType">
									<PropertyValue Property="Dimension" PropertyPath="Field1"/>
								</Record>
							</Collection>
						</PropertyValue>
						<PropertyValue Property="Actions"/>
					</Record>
				</Annotation>
				<Annotation Term="UI.SelectionVariant" Qualifier="vendorselection">
					<Record Type="UI.SelectionVariantType">
						<PropertyValue Property="Parameters"/>
						<PropertyValue Property="SelectOptions">
							<Collection>
								<Record Type="UI.SelectOptionType">
									<PropertyValue Property="PropertyName" PropertyPath="Field9"/>
									<PropertyValue Property="Ranges">
										<Collection>
											<Record Type="UI.SelectionRangeType">
												<PropertyValue Property="Sign" EnumMember="UI.SelectionRangeSignType/I"/>
												<PropertyValue Property="Option" EnumMember="UI.SelectionRangeOptionType/EQ"/>
												<PropertyValue Property="Low" String="1"/>
											</Record>
										</Collection>
									</PropertyValue>
								</Record>
							</Collection>
						</PropertyValue>
					</Record>
				</Annotation>
				<Annotation Term="UI.Chart" Qualifier="futpaychart">
					<Record Type="UI.ChartDefinitionType">
						<PropertyValue Property="ChartType" EnumMember="UI.ChartType/Column"/>
						<PropertyValue Property="Measures"/>
						<PropertyValue Property="MeasureAttributes">
							<Collection>
								<Record Type="UI.ChartMeasureAttributeType">
									<PropertyValue Property="Measure" PropertyPath="Value9"/>
								</Record>
							</Collection>
						</PropertyValue>
						<PropertyValue Property="Dimensions"/>
						<PropertyValue Property="DimensionAttributes">
							<Collection>
								<Record Type="UI.ChartDimensionAttributeType">
									<PropertyValue Property="Dimension" PropertyPath="Field1"/>
								</Record>
							</Collection>
						</PropertyValue>
						<PropertyValue Property="Actions"/>
					</Record>
				</Annotation>
				<Annotation Term="UI.Chart" Qualifier="futpaydonut">
					<Record Type="UI.ChartDefinitionType">
						<PropertyValue Property="ChartType" EnumMember="UI.ChartType/Donut"/>
						<PropertyValue Property="Measures"/>
						<PropertyValue Property="MeasureAttributes">
							<Collection>
								<Record Type="UI.ChartMeasureAttributeType">
									<PropertyValue Property="Measure" PropertyPath="Value9"/>
								</Record>
							</Collection>
						</PropertyValue>
						<PropertyValue Property="Dimensions"/>
						<PropertyValue Property="DimensionAttributes">
							<Collection>
								<Record Type="UI.ChartDimensionAttributeType">
									<PropertyValue Property="Dimension" PropertyPath="Field1"/>
								</Record>
							</Collection>
						</PropertyValue>
						<PropertyValue Property="Actions"/>
					</Record>
				</Annotation>
				<Annotation Term="UI.SelectionVariant" Qualifier="futpayselection">
					<Record Type="UI.SelectionVariantType">
						<PropertyValue Property="Parameters"/>
						<PropertyValue Property="SelectOptions">
							<Collection>
								<Record Type="UI.SelectOptionType">
									<PropertyValue Property="PropertyName" PropertyPath="Field9"/>
									<PropertyValue Property="Ranges">
										<Collection>
											<Record Type="UI.SelectionRangeType">
												<PropertyValue Property="Sign" EnumMember="UI.SelectionRangeSignType/I"/>
												<PropertyValue Property="Option" EnumMember="UI.SelectionRangeOptionType/EQ"/>
												<PropertyValue Property="Low" String="7"/>
											</Record>
										</Collection>
									</PropertyValue>
								</Record>
							</Collection>
						</PropertyValue>
					</Record>
				</Annotation>
				<Annotation Term="UI.Chart" Qualifier="paytrendchart">
					<Record Type="UI.ChartDefinitionType">
						<PropertyValue Property="ChartType" EnumMember="UI.ChartType/Line"/>
						<PropertyValue Property="Measures"/>
						<PropertyValue Property="MeasureAttributes">
							<Collection>
								<Record Type="UI.ChartMeasureAttributeType">
									<PropertyValue Property="Measure" PropertyPath="Value9"/>
								</Record>
							</Collection>
						</PropertyValue>
						<PropertyValue Property="Dimensions"/>
						<PropertyValue Property="DimensionAttributes">
							<Collection>
								<Record Type="UI.ChartDimensionAttributeType">
									<PropertyValue Property="Dimension" PropertyPath="Field1"/>
								</Record>
							</Collection>
						</PropertyValue>
						<PropertyValue Property="Actions"/>
					</Record>
				</Annotation>
				<Annotation Term="UI.SelectionVariant" Qualifier="paytrendselection">
					<Record Type="UI.SelectionVariantType">
						<PropertyValue Property="Parameters"/>
						<PropertyValue Property="SelectOptions">
							<Collection>
								<Record Type="UI.SelectOptionType">
									<PropertyValue Property="PropertyName" PropertyPath="Field9"/>
									<PropertyValue Property="Ranges">
										<Collection>
											<Record Type="UI.SelectionRangeType">
												<PropertyValue Property="Sign" EnumMember="UI.SelectionRangeSignType/I"/>
												<PropertyValue Property="Option" EnumMember="UI.SelectionRangeOptionType/EQ"/>
												<PropertyValue Property="Low" String="8"/>
											</Record>
										</Collection>
									</PropertyValue>
								</Record>
							</Collection>
						</PropertyValue>
					</Record>
				</Annotation>
				<Annotation Term="UI.Chart" Qualifier="fipaytrendchart">
					<Record Type="UI.ChartDefinitionType">
						<PropertyValue Property="ChartType" EnumMember="UI.ChartType/LineDual"/>
						<PropertyValue Property="Measures"/>
						<PropertyValue Property="MeasureAttributes">
							<Collection>
								<Record Type="UI.ChartMeasureAttributeType">
									<PropertyValue Property="Measure" PropertyPath="Value6"/>
									<PropertyValue Property="Role" EnumMember="UI.ChartMeasureRoleType/Axis1"/>
								</Record>
								<Record Type="UI.ChartMeasureAttributeType">
									<PropertyValue Property="Measure" PropertyPath="Value7"/>
									<PropertyValue Property="Role" EnumMember="UI.ChartMeasureRoleType/Axis2"/>
								</Record>
							</Collection>
						</PropertyValue>
						<PropertyValue Property="Dimensions"/>
						<PropertyValue Property="DimensionAttributes">
							<Collection>
								<Record Type="UI.ChartDimensionAttributeType">
									<PropertyValue Property="Dimension" PropertyPath="Field1"/>
									<PropertyValue Property="Role" EnumMember="UI.ChartDimensionRoleType/Category"/>
								</Record>
							</Collection>
						</PropertyValue>
						<PropertyValue Property="Actions"/>
					</Record>
				</Annotation>
				<Annotation Term="UI.SelectionVariant" Qualifier="fipaytrendselection">
					<Record Type="UI.SelectionVariantType">
						<PropertyValue Property="Parameters"/>
						<PropertyValue Property="SelectOptions">
							<Collection>
								<Record Type="UI.SelectOptionType">
									<PropertyValue Property="PropertyName" PropertyPath="Field9"/>
									<PropertyValue Property="Ranges">
										<Collection>
											<Record Type="UI.SelectionRangeType">
												<PropertyValue Property="Sign" EnumMember="UI.SelectionRangeSignType/I"/>
												<PropertyValue Property="Option" EnumMember="UI.SelectionRangeOptionType/EQ"/>
												<PropertyValue Property="Low" String="9"/>
											</Record>
										</Collection>
									</PropertyValue>
								</Record>
							</Collection>
						</PropertyValue>
					</Record>
				</Annotation>
				<Annotation Term="UI.LineItem" Qualifier="vendorline">
					<Collection>
						<Record Type="UI.DataField">
							<PropertyValue Property="Value" Path="Field1"/>
						</Record>
						<Record Type="UI.DataField">
							<PropertyValue Property="Value" Path="Value6"/>
						</Record>
						<Record Type="UI.DataFieldForAnnotation">
							<PropertyValue Property="Target" AnnotationPath="@UI.DataPoint#dupvend"/>
						</Record>
					</Collection>
				</Annotation>
				<Annotation Term="UI.SelectionVariant" Qualifier="vendorline">
					<Record Type="UI.SelectionVariantType">
						<PropertyValue Property="Parameters"/>
						<PropertyValue Property="SelectOptions">
							<Collection>
								<Record Type="UI.SelectOptionType">
									<PropertyValue Property="PropertyName" PropertyPath="Field9"/>
									<PropertyValue Property="Ranges">
										<Collection>
											<Record Type="UI.SelectionRangeType">
												<PropertyValue Property="Sign" EnumMember="UI.SelectionRangeSignType/I"/>
												<PropertyValue Property="Option" EnumMember="UI.SelectionRangeOptionType/EQ"/>
												<PropertyValue Property="Low" String="2"/>
											</Record>
										</Collection>
									</PropertyValue>
								</Record>
							</Collection>
						</PropertyValue>
					</Record>
				</Annotation>
				<Annotation Term="UI.LineItem" Qualifier="inactivevendline">
					<Collection>
						<Record Type="UI.DataField">
							<PropertyValue Property="Value" Path="Field1"/>
						</Record>
						<Record Type="UI.DataField">
							<PropertyValue Property="Value" Path="Value6"/>
						</Record>
					</Collection>
				</Annotation>
				<Annotation Term="UI.DataPoint" Qualifier="inactivevend">
					<Record Type="UI.DataPointType">
						<PropertyValue Property="Title" String="Value8"/>
						<PropertyValue Property="Value" Path="Value8"/>
					</Record>
				</Annotation>
				<Annotation Term="UI.Chart" Qualifier="inactivevend">
					<Record Type="UI.ChartDefinitionType">
						<PropertyValue Property="ChartType" EnumMember="UI.ChartType/Donut"/>
						<PropertyValue Property="Measures"/>
						<PropertyValue Property="MeasureAttributes">
							<Collection>
								<Record Type="UI.ChartMeasureAttributeType">
									<PropertyValue Property="Measure" PropertyPath="Value8"/>
								</Record>
							</Collection>
						</PropertyValue>
						<PropertyValue Property="Dimensions"/>
						<PropertyValue Property="DimensionAttributes">
							<Collection>
								<Record Type="UI.ChartDimensionAttributeType">
									<PropertyValue Property="Dimension" PropertyPath="Field1"/>
								</Record>
							</Collection>
						</PropertyValue>
						<PropertyValue Property="Actions"/>
					</Record>
				</Annotation>
				<Annotation Term="UI.Chart" Qualifier="inactivevendclmn">
					<Record Type="UI.ChartDefinitionType">
						<PropertyValue Property="ChartType" EnumMember="UI.ChartType/Column"/>
						<PropertyValue Property="Measures"/>
						<PropertyValue Property="MeasureAttributes">
							<Collection>
								<Record Type="UI.ChartMeasureAttributeType">
									<PropertyValue Property="Measure" PropertyPath="Value8"/>
								</Record>
							</Collection>
						</PropertyValue>
						<PropertyValue Property="Dimensions"/>
						<PropertyValue Property="DimensionAttributes">
							<Collection>
								<Record Type="UI.ChartDimensionAttributeType">
									<PropertyValue Property="Dimension" PropertyPath="Field1"/>
								</Record>
							</Collection>
						</PropertyValue>
						<PropertyValue Property="Actions"/>
					</Record>
				</Annotation>
				<Annotation Term="UI.SelectionVariant" Qualifier="inactivevend">
					<Record Type="UI.SelectionVariantType">
						<PropertyValue Property="Parameters"/>
						<PropertyValue Property="SelectOptions">
							<Collection>
								<Record Type="UI.SelectOptionType">
									<PropertyValue Property="PropertyName" PropertyPath="Field9"/>
									<PropertyValue Property="Ranges">
										<Collection>
											<Record Type="UI.SelectionRangeType">
												<PropertyValue Property="Sign" EnumMember="UI.SelectionRangeSignType/I"/>
												<PropertyValue Property="Option" EnumMember="UI.SelectionRangeOptionType/EQ"/>
												<PropertyValue Property="Low" String="Active"/>
											</Record>
										</Collection>
									</PropertyValue>
								</Record>
							</Collection>
						</PropertyValue>
					</Record>
				</Annotation>
				<Annotation Term="UI.LineItem" Qualifier="Paymentline">
					<Collection>
						<Record Type="UI.DataField">
							<PropertyValue Property="Value" Path="Field1"/>
						</Record>
						<Record Type="UI.DataField">
							<PropertyValue Property="Value" Path="Value6"/>
						</Record>
					</Collection>
				</Annotation>
				<Annotation Term="UI.SelectionVariant" Qualifier="Paymentline">
					<Record Type="UI.SelectionVariantType">
						<PropertyValue Property="Parameters"/>
						<PropertyValue Property="SelectOptions">
							<Collection>
								<Record Type="UI.SelectOptionType">
									<PropertyValue Property="PropertyName" PropertyPath="Field9"/>
									<PropertyValue Property="Ranges">
										<Collection>
											<Record Type="UI.SelectionRangeType">
												<PropertyValue Property="Sign" EnumMember="UI.SelectionRangeSignType/I"/>
												<PropertyValue Property="Option" EnumMember="UI.SelectionRangeOptionType/EQ"/>
												<PropertyValue Property="Low" String="3"/>
											</Record>
										</Collection>
									</PropertyValue>
								</Record>
							</Collection>
						</PropertyValue>
					</Record>
				</Annotation>
				<Annotation Term="UI.LineItem" Qualifier="pmbdd">
					<Collection>
						<Record Type="UI.DataField">
							<PropertyValue Property="Value" Path="Field1"/>
						</Record>
						<Record Type="UI.DataField">
							<PropertyValue Property="Value" Path="Value6"/>
						</Record>
					</Collection>
				</Annotation>
				<Annotation Term="UI.SelectionVariant" Qualifier="Pmbddline">
					<Record Type="UI.SelectionVariantType">
						<PropertyValue Property="Parameters"/>
						<PropertyValue Property="SelectOptions">
							<Collection>
								<Record Type="UI.SelectOptionType">
									<PropertyValue Property="PropertyName" PropertyPath="Field9"/>
									<PropertyValue Property="Ranges">
										<Collection>
											<Record Type="UI.SelectionRangeType">
												<PropertyValue Property="Sign" EnumMember="UI.SelectionRangeSignType/I"/>
												<PropertyValue Property="Option" EnumMember="UI.SelectionRangeOptionType/EQ"/>
												<PropertyValue Property="Low" String="4"/>
											</Record>
										</Collection>
									</PropertyValue>
								</Record>
							</Collection>
						</PropertyValue>
					</Record>
				</Annotation>
				<Annotation Term="UI.LineItem" Qualifier="opendebit">
					<Collection>
						<Record Type="UI.DataField">
							<PropertyValue Property="Value" Path="Field1"/>
						</Record>
						<Record Type="UI.DataField">
							<PropertyValue Property="Value" Path="Value9"/>
						</Record>
						<Record Type="UI.DataFieldForAnnotation">
							<PropertyValue Property="Target" AnnotationPath="@UI.DataPoint#opendebitdp"/>
						</Record>
					</Collection>
				</Annotation>
				<Annotation Term="UI.SelectionVariant" Qualifier="opendebit">
					<Record Type="UI.SelectionVariantType">
						<PropertyValue Property="Parameters"/>
						<PropertyValue Property="SelectOptions">
							<Collection>
								<Record Type="UI.SelectOptionType">
									<PropertyValue Property="PropertyName" PropertyPath="Field9"/>
									<PropertyValue Property="Ranges">
										<Collection>
											<Record Type="UI.SelectionRangeType">
												<PropertyValue Property="Sign" EnumMember="UI.SelectionRangeSignType/I"/>
												<PropertyValue Property="Option" EnumMember="UI.SelectionRangeOptionType/EQ"/>
												<PropertyValue Property="Low" String="10"/>
											</Record>
										</Collection>
									</PropertyValue>
								</Record>
							</Collection>
						</PropertyValue>
					</Record>
				</Annotation>
				<Annotation Term="UI.LineItem" Qualifier="openagg">
					<Collection>
						<Record Type="UI.DataField">
							<PropertyValue Property="Value" Path="Field1"/>
						</Record>
						<Record Type="UI.DataField">
							<PropertyValue Property="Value" Path="Value9"/>
						</Record>
						<Record Type="UI.DataFieldForAnnotation">
							<PropertyValue Property="Target" AnnotationPath="@UI.DataPoint#openaggdp"/>
						</Record>
					</Collection>
				</Annotation>
				<Annotation Term="UI.SelectionVariant" Qualifier="openagg">
					<Record Type="UI.SelectionVariantType">
						<PropertyValue Property="Parameters"/>
						<PropertyValue Property="SelectOptions">
							<Collection>
								<Record Type="UI.SelectOptionType">
									<PropertyValue Property="PropertyName" PropertyPath="Field9"/>
									<PropertyValue Property="Ranges">
										<Collection>
											<Record Type="UI.SelectionRangeType">
												<PropertyValue Property="Sign" EnumMember="UI.SelectionRangeSignType/I"/>
												<PropertyValue Property="Option" EnumMember="UI.SelectionRangeOptionType/EQ"/>
												<PropertyValue Property="Low" String="11"/>
											</Record>
										</Collection>
									</PropertyValue>
								</Record>
							</Collection>
						</PropertyValue>
					</Record>
				</Annotation>
				<Annotation Term="UI.LineItem" Qualifier="vendorlia">
					<Collection>
						<Record Type="UI.DataField">
							<PropertyValue Property="Value" Path="Field1"/>
						</Record>
						<Record Type="UI.DataField">
							<PropertyValue Property="Value" Path="Value9"/>
						</Record>
						<Record Type="UI.DataFieldForAnnotation">
							<PropertyValue Property="Target" AnnotationPath="@UI.DataPoint#vendorliadp"/>
						</Record>
					</Collection>
				</Annotation>
				<Annotation Term="UI.SelectionVariant" Qualifier="vendorlia">
					<Record Type="UI.SelectionVariantType">
						<PropertyValue Property="Parameters"/>
						<PropertyValue Property="SelectOptions">
							<Collection>
								<Record Type="UI.SelectOptionType">
									<PropertyValue Property="PropertyName" PropertyPath="Field9"/>
									<PropertyValue Property="Ranges">
										<Collection>
											<Record Type="UI.SelectionRangeType">
												<PropertyValue Property="Sign" EnumMember="UI.SelectionRangeSignType/I"/>
												<PropertyValue Property="Option" EnumMember="UI.SelectionRangeOptionType/EQ"/>
												<PropertyValue Property="Low" String="6"/>
											</Record>
										</Collection>
									</PropertyValue>
								</Record>
							</Collection>
						</PropertyValue>
					</Record>
				</Annotation>
				<Annotation Term="UI.LineItem" Qualifier="paymentcheque">
					<Collection>
						<Record Type="UI.DataField">
							<PropertyValue Property="Value" Path="Field1"/>
						</Record>
						<Record Type="UI.DataField">
							<PropertyValue Property="Value" Path="Value6"/>
						</Record>
					</Collection>
				</Annotation>
				<Annotation Term="UI.SelectionVariant" Qualifier="paymentcheque">
					<Record Type="UI.SelectionVariantType">
						<PropertyValue Property="Parameters"/>
						<PropertyValue Property="SelectOptions">
							<Collection>
								<Record Type="UI.SelectOptionType">
									<PropertyValue Property="PropertyName" PropertyPath="Field9"/>
									<PropertyValue Property="Ranges">
										<Collection>
											<Record Type="UI.SelectionRangeType">
												<PropertyValue Property="Sign" EnumMember="UI.SelectionRangeSignType/I"/>
												<PropertyValue Property="Option" EnumMember="UI.SelectionRangeOptionType/EQ"/>
												<PropertyValue Property="Low" String="12"/>
											</Record>
										</Collection>
									</PropertyValue>
								</Record>
							</Collection>
						</PropertyValue>
					</Record>
				</Annotation>
				<Annotation Term="UI.Chart" Qualifier="supplchart">
					<Record Type="UI.ChartDefinitionType">
						<PropertyValue Property="ChartType" EnumMember="UI.ChartType/Column"/>
						<PropertyValue Property="Measures"/>
						<PropertyValue Property="MeasureAttributes">
							<Collection>
								<Record Type="UI.ChartMeasureAttributeType">
									<PropertyValue Property="Measure" PropertyPath="Value9"/>
								</Record>
							</Collection>
						</PropertyValue>
						<PropertyValue Property="Dimensions"/>
						<PropertyValue Property="DimensionAttributes">
							<Collection>
								<Record Type="UI.ChartDimensionAttributeType">
									<PropertyValue Property="Dimension" PropertyPath="Field1"/>
								</Record>
							</Collection>
						</PropertyValue>
						<PropertyValue Property="Actions"/>
					</Record>
				</Annotation>
				<Annotation Term="UI.SelectionVariant" Qualifier="supplsel">
					<Record Type="UI.SelectionVariantType">
						<PropertyValue Property="Parameters"/>
						<PropertyValue Property="SelectOptions">
							<Collection>
								<Record Type="UI.SelectOptionType">
									<PropertyValue Property="PropertyName" PropertyPath="Field9"/>
									<PropertyValue Property="Ranges">
										<Collection>
											<Record Type="UI.SelectionRangeType">
												<PropertyValue Property="Sign" EnumMember="UI.SelectionRangeSignType/I"/>
												<PropertyValue Property="Option" EnumMember="UI.SelectionRangeOptionType/EQ"/>
												<PropertyValue Property="Low" String="13"/>
											</Record>
										</Collection>
									</PropertyValue>
								</Record>
							</Collection>
						</PropertyValue>
					</Record>
				</Annotation>
				<Annotation Term="UI.Chart" Qualifier="filogpaymentsnetdnt">
					<Record Type="UI.ChartDefinitionType">
						<PropertyValue Property="ChartType" EnumMember="UI.ChartType/Donut"/>
						<PropertyValue Property="Measures"/>
						<PropertyValue Property="MeasureAttributes">
							<Collection>
								<Record Type="UI.ChartMeasureAttributeType">
									<PropertyValue Property="Measure" PropertyPath="Value9"/>
								</Record>
							</Collection>
						</PropertyValue>
						<PropertyValue Property="Dimensions"/>
						<PropertyValue Property="DimensionAttributes">
							<Collection>
								<Record Type="UI.ChartDimensionAttributeType">
									<PropertyValue Property="Dimension" PropertyPath="Field1"/>
								</Record>
							</Collection>
						</PropertyValue>
						<PropertyValue Property="Actions"/>
					</Record>
				</Annotation>
				<Annotation Term="UI.Chart" Qualifier="filogpaymentsnetclmn">
					<Record Type="UI.ChartDefinitionType">
						<PropertyValue Property="ChartType" EnumMember="UI.ChartType/Column"/>
						<PropertyValue Property="Measures"/>
						<PropertyValue Property="MeasureAttributes">
							<Collection>
								<Record Type="UI.ChartMeasureAttributeType">
									<PropertyValue Property="Measure" PropertyPath="Value9"/>
								</Record>
							</Collection>
						</PropertyValue>
						<PropertyValue Property="Dimensions"/>
						<PropertyValue Property="DimensionAttributes">
							<Collection>
								<Record Type="UI.ChartDimensionAttributeType">
									<PropertyValue Property="Dimension" PropertyPath="Field1"/>
								</Record>
							</Collection>
						</PropertyValue>
						<PropertyValue Property="Actions"/>
					</Record>
				</Annotation>
				<Annotation Term="UI.SelectionVariant" Qualifier="filogpayments">
					<Record Type="UI.SelectionVariantType">
						<PropertyValue Property="Parameters"/>
						<PropertyValue Property="SelectOptions">
							<Collection>
								<Record Type="UI.SelectOptionType">
									<PropertyValue Property="PropertyName" PropertyPath="Field9"/>
									<PropertyValue Property="Ranges">
										<Collection>
											<Record Type="UI.SelectionRangeType">
												<PropertyValue Property="Sign" EnumMember="UI.SelectionRangeSignType/I"/>
												<PropertyValue Property="Option" EnumMember="UI.SelectionRangeOptionType/EQ"/>
												<PropertyValue Property="Low" String="14"/>
											</Record>
										</Collection>
									</PropertyValue>
								</Record>
							</Collection>
						</PropertyValue>
					</Record>
				</Annotation>
				<Annotation Term="UI.Chart" Qualifier="filogpaymentscntdnt">
					<Record Type="UI.ChartDefinitionType">
						<PropertyValue Property="ChartType" EnumMember="UI.ChartType/Donut"/>
						<PropertyValue Property="Measures"/>
						<PropertyValue Property="MeasureAttributes">
							<Collection>
								<Record Type="UI.ChartMeasureAttributeType">
									<PropertyValue Property="Measure" PropertyPath="Value8"/>
								</Record>
							</Collection>
						</PropertyValue>
						<PropertyValue Property="Dimensions"/>
						<PropertyValue Property="DimensionAttributes">
							<Collection>
								<Record Type="UI.ChartDimensionAttributeType">
									<PropertyValue Property="Dimension" PropertyPath="Field1"/>
								</Record>
							</Collection>
						</PropertyValue>
						<PropertyValue Property="Actions"/>
					</Record>
				</Annotation>
				<Annotation Term="UI.Chart" Qualifier="filogpaymentscntclmn">
					<Record Type="UI.ChartDefinitionType">
						<PropertyValue Property="ChartType" EnumMember="UI.ChartType/Column"/>
						<PropertyValue Property="Measures"/>
						<PropertyValue Property="MeasureAttributes">
							<Collection>
								<Record Type="UI.ChartMeasureAttributeType">
									<PropertyValue Property="Measure" PropertyPath="Value8"/>
								</Record>
							</Collection>
						</PropertyValue>
						<PropertyValue Property="Dimensions"/>
						<PropertyValue Property="DimensionAttributes">
							<Collection>
								<Record Type="UI.ChartDimensionAttributeType">
									<PropertyValue Property="Dimension" PropertyPath="Field1"/>
								</Record>
							</Collection>
						</PropertyValue>
						<PropertyValue Property="Actions"/>
					</Record>
				</Annotation>
				<Annotation Term="UI.SelectionVariant" Qualifier="filogpaymentscnt">
					<Record Type="UI.SelectionVariantType">
						<PropertyValue Property="Parameters"/>
						<PropertyValue Property="SelectOptions">
							<Collection>
								<Record Type="UI.SelectOptionType">
									<PropertyValue Property="PropertyName" PropertyPath="Field9"/>
									<PropertyValue Property="Ranges">
										<Collection>
											<Record Type="UI.SelectionRangeType">
												<PropertyValue Property="Sign" EnumMember="UI.SelectionRangeSignType/I"/>
												<PropertyValue Property="Option" EnumMember="UI.SelectionRangeOptionType/EQ"/>
												<PropertyValue Property="Low" String="15"/>
											</Record>
										</Collection>
									</PropertyValue>
								</Record>
							</Collection>
						</PropertyValue>
					</Record>
				</Annotation>
				<Annotation Term="UI.DataPoint" Qualifier="opendebitdp">
					<Record Type="UI.DataPointType">
						<PropertyValue Property="Title" String="Value9"/>
						<PropertyValue Property="Value" Path="Value9"/>
						<PropertyValue Property="Criticality" EnumMember="UI.CriticalityType/Negative"/>
					</Record>
				</Annotation>
				<Annotation Term="UI.DataPoint" Qualifier="dupvend">
					<Record Type="UI.DataPointType">
						<PropertyValue Property="Title" String="Value6"/>
						<PropertyValue Property="Value" Path="Value6"/>
						<PropertyValue Property="CriticalityCalculation">
							<Record Type="UI.CriticalityCalculationType">
								<PropertyValue Property="ImprovementDirection" EnumMember="UI.ImprovementDirectionType/Minimize"/>
								<PropertyValue Property="ToleranceRangeHighValue" Decimal="4000"/>
								<PropertyValue Property="DeviationRangeHighValue" Decimal="5000"/>
							</Record>
						</PropertyValue>
					</Record>
				</Annotation>
				<Annotation Term="UI.DataPoint" Qualifier="openaggdp">
					<Record Type="UI.DataPointType">
						<PropertyValue Property="Title" String="Value9"/>
						<PropertyValue Property="Value" Path="Value9"/>
						<PropertyValue Property="Criticality" EnumMember="UI.CriticalityType/Critical"/>
					</Record>
				</Annotation>
				<Annotation Term="UI.DataPoint" Qualifier="vendorliadp">
					<Record Type="UI.DataPointType">
						<PropertyValue Property="Title" String="Value9"/>
						<PropertyValue Property="Value" Path="Value9"/>
						<PropertyValue Property="Criticality" EnumMember="UI.CriticalityType/Positive"/>
					</Record>
				</Annotation>
				<Annotation Term="UI.PresentationVariant" Qualifier="present">
					<Record Type="UI.PresentationVariantType">
						<PropertyValue Property="SortOrder"/>
						<PropertyValue Property="GroupBy"/>
						<PropertyValue Property="TotalBy"/>
						<PropertyValue Property="Total"/>
						<PropertyValue Property="Visualizations"/>
						<PropertyValue Property="RequestAtLeast"/>
						<PropertyValue Property="MaxItems" Int="10"/>
					</Record>
				</Annotation>
				<Annotation Qualifier="inactivevend" Term="UI.Identification">
					<Collection>
						<Record Type="UI.DataFieldForIntentBasedNavigation">
							<!--<PropertyValue Property="SemanticObject" String="ZTSL_FIVP"/>-->
								<!--<PropertyValue Property="Action" String="display"/>-->
							<PropertyValue Property="SemanticObject" String="ZVENDORS"/>
							<PropertyValue Property="Action" String="analyzeKPIS4HANA"/>
						
						</Record>
					</Collection>
				</Annotation>
				<Annotation Qualifier="vendorline" Term="UI.Identification">
					<Collection>
						<Record Type="UI.DataFieldForIntentBasedNavigation">
							<PropertyValue Property="SemanticObject" String="ZDUPVEND"/>
							<PropertyValue Property="Action" String="analyzeKPIS4HANA"/>
						</Record>
					</Collection>
				</Annotation>
				<Annotation Qualifier="filogpayments" Term="UI.Identification">
					<Collection>
						<Record Type="UI.DataFieldForIntentBasedNavigation">
							<PropertyValue Property="SemanticObject" String="ZFIVSLOG"/>
							<PropertyValue Property="Action" String="analyzeKPIS4HANA"/>
						</Record>
					</Collection>
				</Annotation>
				<Annotation Qualifier="opendebit" Term="UI.Identification">
					<Collection>
						<Record Type="UI.DataFieldForIntentBasedNavigation">
							<PropertyValue Property="SemanticObject" String="ZOPENDEBNOTE"/>
							<PropertyValue Property="Action" String="analyzeKPIS4HANA"/>
						</Record>
					</Collection>
				</Annotation>
				<Annotation Qualifier="openagg" Term="UI.Identification">
					<Collection>
						<Record Type="UI.DataFieldForIntentBasedNavigation">
							<PropertyValue Property="SemanticObject" String="ZOPENADV"/>
							<PropertyValue Property="Action" String="analyzeKPIS4HANA"/>
						</Record>
					</Collection>
				</Annotation>
				<Annotation Qualifier="paymentcheque" Term="UI.Identification">
					<Collection>
						<Record Type="UI.DataFieldForIntentBasedNavigation">
							<PropertyValue Property="SemanticObject" String="ZPAYCHEQUE"/>
							<PropertyValue Property="Action" String="analyzeKPIS4HANA"/>
						</Record>
					</Collection>
				</Annotation>
				<Annotation Qualifier="pmbdd" Term="UI.Identification">
					<Collection>
						<Record Type="UI.DataFieldForIntentBasedNavigation">
							<PropertyValue Property="SemanticObject" String="ZPAYBDD"/>
							<PropertyValue Property="Action" String="analyzeKPIS4HANA"/>
						</Record>
					</Collection>
				</Annotation>
				<Annotation Qualifier="paytrend" Term="UI.Identification">
					<Collection>
						<Record Type="UI.DataFieldForIntentBasedNavigation">
							<PropertyValue Property="SemanticObject" String="ZPAYTREND"/>
							<PropertyValue Property="Action" String="analyzeKPIS4HANA"/>
						</Record>
					</Collection>
				</Annotation>
				
				<Annotation Qualifier="vendorpybl" Term="UI.Identification">
					<Collection>
						<Record Type="UI.DataFieldForIntentBasedNavigation">
							<!--<PropertyValue Property="SemanticObject" String="after deploy semantic object name"/>-->
							<!--<PropertyValue Property="Action" String="analyzeKPIS4HANA"/>-->
							<PropertyValue Property="SemanticObject" String="ZTSL_FIVP"/>
								<PropertyValue Property="Action" String="display"/>
						</Record>
					</Collection>
				</Annotation>
				
				<Annotation Qualifier="fipaytrendiden" Term="UI.Identification">
					<Collection>
						<Record Type="UI.DataFieldForIntentBasedNavigation">
							<PropertyValue Property="SemanticObject" String="ZFIPAYTREND"/>
							<PropertyValue Property="Action" String="analyzeKPIS4HANA"/>
						</Record>
					</Collection>
				</Annotation>
				<Annotation Qualifier="suppl" Term="UI.Identification">
					<Collection>
						<Record Type="UI.DataFieldForIntentBasedNavigation">
							<PropertyValue Property="SemanticObject" String="ZSUPOUT"/>
							<PropertyValue Property="Action" String="analyzeKPIS4HANA"/>
						</Record>
					</Collection>
				</Annotation>
				<Annotation Qualifier="futpayi" Term="UI.Identification">
					<Collection>
						<Record Type="UI.DataFieldForIntentBasedNavigation">
							<PropertyValue Property="SemanticObject" String="ZFUTUREPAY"/>
							<PropertyValue Property="Action" String="analyzeKPIS4HANA"/>
						</Record>
					</Collection>
				</Annotation>
				<Annotation Qualifier="vendorlia" Term="UI.Identification">
					<Collection>
						<Record Type="UI.DataFieldForIntentBasedNavigation">
							<PropertyValue Property="SemanticObject" String="ZVENDORLIAB"/>
							<PropertyValue Property="Action" String="analyzeKPIS4HANA"/>
						</Record>
					</Collection>
				</Annotation>
				<Annotation Qualifier="Paymentline" Term="UI.Identification">
					<Collection>
						<Record Type="UI.DataFieldForIntentBasedNavigation">
							<PropertyValue Property="SemanticObject" String="ZDUPPAYMENTS"/>
							<PropertyValue Property="Action" String="analyzeKPIS4HANA"/>
						</Record>
					</Collection>
				</Annotation>
			</Annotations>
		</Schema>
	</edmx:DataServices>
</edmx:Edmx>