<edmx:Edmx
    xmlns:edmx="http://schemas.microsoft.com/ado/2007/06/edmx"
    xmlns:m="http://schemas.microsoft.com/ado/2007/08/dataservices/metadata"
    xmlns:sap="http://www.sap.com/Protocols/SAPData" Version="1.0">
    <edmx:DataServices m:DataServiceVersion="2.0">
        <Schema
            xmlns="http://schemas.microsoft.com/ado/2008/09/edm" Namespace="YMFACV_P2P_DASHBOARD_SRV" xml:lang="en" sap:schema-version="1">
            <EntityType Name="vendorpayables" sap:content-version="1">
                <Key>
                    <PropertyRef Name="Mandt"/>
                    <PropertyRef Name="Value"/>
                    <PropertyRef Name="SumMain"/>
                </Key>
                <Property Name="Mandt" Type="Edm.String" Nullable="false" MaxLength="3" sap:unicode="false" sap:label="Client" sap:creatable="false" sap:updatable="false" sap:sortable="false" sap:filterable="false"/>
                <Property Name="Value" Type="Edm.String" Nullable="false" MaxLength="9" sap:unicode="false" sap:label="VALUE" sap:creatable="false" sap:updatable="false" sap:sortable="false" sap:filterable="false"/>
                <Property Name="SumMain" Type="Edm.Decimal" Nullable="false" Precision="31" Scale="2" sap:unicode="false" sap:label="SUM_MAIN" sap:creatable="false" sap:updatable="false" sap:sortable="false" sap:filterable="false"/>
            </EntityType>
            <EntityContainer Name="YMFACV_P2P_DASHBOARD_SRV_Entities" m:IsDefaultEntityContainer="true" sap:supported-formats="atom json xlsx">
                <EntitySet Name="vendorpayablesSet" EntityType="YMFACV_P2P_DASHBOARD_SRV.vendorpayables" sap:creatable="false" sap:updatable="false" sap:deletable="false" sap:pageable="false" sap:content-version="1"/>
            </EntityContainer>
            <atom:link
                xmlns:atom="http://www.w3.org/2005/Atom" rel="self" href="http://webappmk01.tatasteel.co.in:44300/sap/opu/odata/sap/YMFACV_P2P_DASHBOARD_SRV/$metadata"/>
                <atom:link
                    xmlns:atom="http://www.w3.org/2005/Atom" rel="latest-version" href="http://webappmk01.tatasteel.co.in:44300/sap/opu/odata/sap/YMFACV_P2P_DASHBOARD_SRV/$metadata"/>
                </Schema>
            </edmx:DataServices>
        </edmx:Edmx>