<edmx:Edmx
    xmlns:edmx="http://schemas.microsoft.com/ado/2007/06/edmx"
    xmlns:m="http://schemas.microsoft.com/ado/2007/08/dataservices/metadata"
    xmlns:sap="http://www.sap.com/Protocols/SAPData" Version="1.0">
    <edmx:DataServices m:DataServiceVersion="2.0">
        <Schema
            xmlns="http://schemas.microsoft.com/ado/2008/09/edm" Namespace="YMFACV_P2P_DASHBOARD_SRV" xml:lang="en" sap:schema-version="1">
            <EntityType Name="ET_HSL_GSBER" sap:content-version="1">
                <Key>
                    <PropertyRef Name="Mandt"/>
                    <PropertyRef Name="Rbukrs"/>
                    <PropertyRef Name="Gjahr"/>
                    <PropertyRef Name="Rbusa"/>
                    <PropertyRef Name="Hsl"/>
                    <PropertyRef Name="TotalHsl"/>
                    <PropertyRef Name="FilterCond"/>
                    <PropertyRef Name="Zuonr"/>
                </Key>
                <Property Name="Mandt" Type="Edm.String" Nullable="false" MaxLength="3" sap:unicode="false" sap:label="Client" sap:creatable="false" sap:updatable="false" sap:sortable="false" sap:filterable="false"/>
                <Property Name="Rbukrs" Type="Edm.String" Nullable="false" MaxLength="4" sap:unicode="false" sap:label="Company Code" sap:creatable="false" sap:updatable="false" sap:sortable="false"/>
                <Property Name="Gjahr" Type="Edm.String" Nullable="false" MaxLength="4" sap:unicode="false" sap:label="Fiscal Year" sap:creatable="false" sap:updatable="false" sap:sortable="false"/>
                <Property Name="Rbusa" Type="Edm.String" Nullable="false" MaxLength="4" sap:unicode="false" sap:label="Business Area" sap:creatable="false" sap:updatable="false" sap:sortable="false"/>
                <Property Name="Hsl" Type="Edm.Decimal" Nullable="false" Precision="23" Scale="2" sap:unicode="false" sap:label="Amount" sap:creatable="false" sap:updatable="false" sap:sortable="false" sap:filterable="false"/>
                <Property Name="TotalHsl" Type="Edm.Decimal" Nullable="false" Precision="23" Scale="2" sap:unicode="false" sap:label="Total Amount" sap:creatable="false" sap:updatable="false" sap:sortable="false" sap:filterable="false"/>
                <Property Name="FilterCond" Type="Edm.String" Nullable="false" MaxLength="20" sap:unicode="false" sap:label="FilterCond" sap:creatable="false" sap:updatable="false" sap:sortable="false"/>
                <Property Name="Zuonr" Type="Edm.String" Nullable="false" MaxLength="18" sap:unicode="false" sap:label="Branch/Alloc." sap:creatable="false" sap:updatable="false" sap:sortable="false"/>
            </EntityType>
            <EntityType Name="vendorpayables" sap:content-version="1">
                <Key>
                    <PropertyRef Name="Mandt"/>
                    <PropertyRef Name="Value"/>
                    <PropertyRef Name="SumMain"/>
                </Key>
                <Property Name="Mandt" Type="Edm.String" Nullable="false" MaxLength="3" sap:unicode="false" sap:label="Client" sap:creatable="false" sap:updatable="false" sap:sortable="false" sap:filterable="false"/>
                <Property Name="Value" Type="Edm.String" Nullable="false" MaxLength="9" sap:unicode="false" sap:label="VALUE" sap:creatable="false" sap:updatable="false" sap:sortable="false" sap:filterable="false"/>
                <Property Name="SumMain" Type="Edm.Decimal" Nullable="false" Precision="31" Scale="2" sap:unicode="false" sap:label="SUM_MAIN" sap:creatable="false" sap:updatable="false" sap:sortable="false" sap:filterable="false"/>
            </EntityType>
            <EntityType Name="gloablentity" sap:content-version="1">
                <Key>
                    <PropertyRef Name="Field1"/>
                    <PropertyRef Name="Rbukrs"/>
                    <PropertyRef Name="Field2"/>
                    <PropertyRef Name="Gjahr"/>
                    <PropertyRef Name="Field3"/>
                    <PropertyRef Name="Rbusa"/>
                    <PropertyRef Name="Field4"/>
                    <PropertyRef Name="Zuonr"/>
                    <PropertyRef Name="Field5"/>
                    <PropertyRef Name="Field6"/>
                    <PropertyRef Name="Field7"/>
                    <PropertyRef Name="Field8"/>
                    <PropertyRef Name="Field9"/>
                    <PropertyRef Name="Field10"/>
                    <PropertyRef Name="Value1"/>
                    <PropertyRef Name="Value2"/>
                    <PropertyRef Name="Value3"/>
                    <PropertyRef Name="Value4"/>
                    <PropertyRef Name="Value5"/>
                    <PropertyRef Name="Value6"/>
                    <PropertyRef Name="Value7"/>
                    <PropertyRef Name="Value8"/>
                    <PropertyRef Name="Value9"/>
                    <PropertyRef Name="Value10"/>
                </Key>
                <Property Name="Field1" Type="Edm.String" Nullable="false" MaxLength="40" sap:unicode="false" sap:label="Posting Period" sap:creatable="false" sap:updatable="false" sap:sortable="false" sap:filterable="false"/>
                <Property Name="Rbukrs" Type="Edm.String" Nullable="false" MaxLength="4" sap:unicode="false" sap:label="Company Code" sap:creatable="false" sap:updatable="false" sap:sortable="false"/>
                <Property Name="Field2" Type="Edm.String" Nullable="false" MaxLength="40" sap:unicode="false" sap:label="Bucket" sap:creatable="false" sap:updatable="false" sap:sortable="false" sap:filterable="false"/>
                <Property Name="Gjahr" Type="Edm.String" Nullable="false" MaxLength="4" sap:unicode="false" sap:label="Fiscal Year" sap:creatable="false" sap:updatable="false" sap:sortable="false"/>
                <Property Name="Field3" Type="Edm.String" Nullable="false" MaxLength="40" sap:unicode="false" sap:label="FIELD3" sap:creatable="false" sap:updatable="false" sap:sortable="false" sap:filterable="false"/>
                <Property Name="Rbusa" Type="Edm.String" Nullable="false" MaxLength="4" sap:unicode="false" sap:label="Business Area" sap:creatable="false" sap:updatable="false" sap:sortable="false"/>
                <Property Name="Field4" Type="Edm.String" Nullable="false" MaxLength="40" sap:unicode="false" sap:label="FIELD4" sap:creatable="false" sap:updatable="false" sap:sortable="false" sap:filterable="false"/>
                <Property Name="Zuonr" Type="Edm.String" Nullable="false" MaxLength="18" sap:unicode="false" sap:label="Branch/Alloc." sap:creatable="false" sap:updatable="false" sap:sortable="false"/>
                <Property Name="Field5" Type="Edm.String" Nullable="false" MaxLength="40" sap:unicode="false" sap:label="Vendors" sap:creatable="false" sap:updatable="false" sap:sortable="false" sap:filterable="false"/>
                <Property Name="Field6" Type="Edm.String" Nullable="false" MaxLength="40" sap:unicode="false" sap:label="FIELD6" sap:creatable="false" sap:updatable="false" sap:sortable="false" sap:filterable="false"/>
                <Property Name="Field7" Type="Edm.String" Nullable="false" MaxLength="40" sap:unicode="false" sap:label="FIELD7" sap:creatable="false" sap:updatable="false" sap:sortable="false" sap:filterable="false"/>
                <Property Name="Field8" Type="Edm.String" Nullable="false" MaxLength="40" sap:unicode="false" sap:label="T code" sap:creatable="false" sap:updatable="false" sap:sortable="false" sap:filterable="false"/>
                <Property Name="Field9" Type="Edm.String" Nullable="false" MaxLength="40" sap:unicode="false" sap:label="FIELD9" sap:creatable="false" sap:updatable="false" sap:sortable="false" sap:filterable="false"/>
                <Property Name="Field10" Type="Edm.String" Nullable="false" MaxLength="40" sap:unicode="false" sap:label="FIELD10" sap:creatable="false" sap:updatable="false" sap:sortable="false" sap:filterable="false"/>
                <Property Name="Value1" Type="Edm.Decimal" Nullable="false" Precision="26" Scale="3" sap:unicode="false" sap:label="Total Net Value in Cr." sap:creatable="false" sap:updatable="false" sap:sortable="false" sap:filterable="false"/>
                <Property Name="Value2" Type="Edm.Decimal" Nullable="false" Precision="26" Scale="3" sap:unicode="false" sap:label="Value2" sap:creatable="false" sap:updatable="false" sap:sortable="false" sap:filterable="false"/>
                <Property Name="Value3" Type="Edm.Decimal" Nullable="false" Precision="26" Scale="3" sap:unicode="false" sap:label="Value3" sap:creatable="false" sap:updatable="false" sap:sortable="false" sap:filterable="false"/>
                <Property Name="Value4" Type="Edm.Decimal" Nullable="false" Precision="26" Scale="3" sap:unicode="false" sap:label="Value4" sap:creatable="false" sap:updatable="false" sap:sortable="false" sap:filterable="false"/>
                <Property Name="Value5" Type="Edm.Decimal" Nullable="false" Precision="26" Scale="3" sap:unicode="false" sap:label="Value5" sap:creatable="false" sap:updatable="false" sap:sortable="false" sap:filterable="false"/>
                <Property Name="Value6" Type="Edm.Int64" Nullable="false" sap:unicode="false" sap:label="Batch Posting" sap:creatable="false" sap:updatable="false" sap:sortable="false" sap:filterable="false"/>
                <Property Name="Value7" Type="Edm.Int64" Nullable="false" sap:unicode="false" sap:label="FI Posting" sap:creatable="false" sap:updatable="false" sap:sortable="false" sap:filterable="false"/>
                <Property Name="Value8" Type="Edm.Int64" Nullable="false" sap:unicode="false" sap:label="Count" sap:creatable="false" sap:updatable="false" sap:sortable="false" sap:filterable="false"/>
                <Property Name="Value9" Type="Edm.Int64" Nullable="false" sap:unicode="false" sap:label="Total Net Value" sap:creatable="false" sap:updatable="false" sap:sortable="false" sap:filterable="false"/>
                <Property Name="Value10" Type="Edm.Int64" Nullable="false" sap:unicode="false" sap:label="Value10" sap:creatable="false" sap:updatable="false" sap:sortable="false" sap:filterable="false"/>
            </EntityType>
            <EntityType Name="filter" sap:content-version="1">
                <Key>
                    <PropertyRef Name="Mandt"/>
                    <PropertyRef Name="Rbukrs"/>
                    <PropertyRef Name="Gjahr"/>
                    <PropertyRef Name="Rbusa"/>
                    <PropertyRef Name="Zuonr"/>
                </Key>
                <Property Name="Mandt" Type="Edm.String" Nullable="false" MaxLength="3" sap:unicode="false" sap:label="Client" sap:creatable="false" sap:updatable="false" sap:sortable="false" sap:filterable="false"/>
                <Property Name="Rbukrs" Type="Edm.String" Nullable="false" MaxLength="4" sap:unicode="false" sap:label="Company Code" sap:creatable="false" sap:updatable="false" sap:sortable="false" sap:filterable="false"/>
                <Property Name="Gjahr" Type="Edm.String" Nullable="false" MaxLength="4" sap:unicode="false" sap:label="Fiscal Year" sap:creatable="false" sap:updatable="false" sap:sortable="false" sap:filterable="false"/>
                <Property Name="Rbusa" Type="Edm.String" Nullable="false" MaxLength="4" sap:unicode="false" sap:label="Business Area" sap:creatable="false" sap:updatable="false" sap:sortable="false" sap:filterable="false"/>
                <Property Name="Zuonr" Type="Edm.String" Nullable="false" MaxLength="18" sap:unicode="false" sap:label="Branch/Alloc." sap:creatable="false" sap:updatable="false" sap:sortable="false" sap:filterable="false"/>
            </EntityType>
            <EntityType Name="ZACCOUNTS_PAYBLE" sap:content-version="1">
                <Key>
                    <PropertyRef Name="Filterby"/>
                    <PropertyRef Name="PostingPeriod"/>
                    <PropertyRef Name="Filter"/>
                    <PropertyRef Name="Vendors"/>
                    <PropertyRef Name="Card"/>
                    <PropertyRef Name="BatchPosting"/>
                    <PropertyRef Name="FiPosting"/>
                    <PropertyRef Name="Count"/>
                    <PropertyRef Name="NetValue"/>
                    <PropertyRef Name="Rbukrs"/>
                    <PropertyRef Name="Gjahr"/>
                    <PropertyRef Name="Rbusa"/>
                    <PropertyRef Name="Zuonr"/>
                    <PropertyRef Name="Urlfilter"/>
                </Key>
                <Property Name="Filterby" Type="Edm.String" Nullable="false" MaxLength="40" sap:unicode="false" sap:label="Filter By" sap:creatable="false" sap:updatable="false" sap:sortable="false" sap:filterable="false"/>
                <Property Name="PostingPeriod" Type="Edm.String" Nullable="false" MaxLength="40" sap:unicode="false" sap:label="Posting Period" sap:creatable="false" sap:updatable="false" sap:sortable="false" sap:filterable="false"/>
                <Property Name="Filter" Type="Edm.String" Nullable="false" MaxLength="40" sap:unicode="false" sap:label="filter" sap:creatable="false" sap:updatable="false" sap:sortable="false" sap:filterable="false"/>
                <Property Name="Vendors" Type="Edm.String" Nullable="false" MaxLength="40" sap:unicode="false" sap:label="Vendors" sap:creatable="false" sap:updatable="false" sap:sortable="false" sap:filterable="false"/>
                <Property Name="Card" Type="Edm.String" Nullable="false" MaxLength="40" sap:unicode="false" sap:label="Card" sap:creatable="false" sap:updatable="false" sap:sortable="false" sap:filterable="false"/>
                <Property Name="BatchPosting" Type="Edm.Int64" Nullable="false" sap:unicode="false" sap:label="Batch Posting" sap:creatable="false" sap:updatable="false" sap:sortable="false" sap:filterable="false"/>
                <Property Name="FiPosting" Type="Edm.Int64" Nullable="false" sap:unicode="false" sap:label="FI Posting" sap:creatable="false" sap:updatable="false" sap:sortable="false" sap:filterable="false"/>
                <Property Name="Count" Type="Edm.Int64" Nullable="false" sap:unicode="false" sap:label="Count" sap:creatable="false" sap:updatable="false" sap:sortable="false" sap:filterable="false"/>
                <Property Name="NetValue" Type="Edm.Int64" Nullable="false" sap:unicode="false" sap:label="Total Net Value" sap:creatable="false" sap:updatable="false" sap:sortable="false" sap:filterable="false"/>
                <Property Name="Rbukrs" Type="Edm.String" Nullable="false" MaxLength="4" sap:unicode="false" sap:label="Company Code" sap:creatable="false" sap:updatable="false" sap:sortable="false"/>
                <Property Name="Gjahr" Type="Edm.String" Nullable="false" MaxLength="4" sap:unicode="false" sap:label="Fiscal Year" sap:creatable="false" sap:updatable="false" sap:sortable="false"/>
                <Property Name="Rbusa" Type="Edm.String" Nullable="false" MaxLength="4" sap:unicode="false" sap:label="Business Area" sap:creatable="false" sap:updatable="false" sap:sortable="false"/>
                <Property Name="Zuonr" Type="Edm.String" Nullable="false" MaxLength="18" sap:unicode="false" sap:label="Branch/Alloc." sap:creatable="false" sap:updatable="false" sap:sortable="false"/>
                <Property Name="Urlfilter" Type="Edm.String" Nullable="false" MaxLength="300" sap:unicode="false" sap:label="Character 300" sap:creatable="false" sap:updatable="false" sap:sortable="false" sap:filterable="false"/>
            </EntityType>
            <EntityType Name="ET_BussArea_Dtls" sap:content-version="1">
                <Key>
                    <PropertyRef Name="Mandt"/>
                    <PropertyRef Name="Rbukrs"/>
                    <PropertyRef Name="Gjahr"/>
                    <PropertyRef Name="Rbusa"/>
                    <PropertyRef Name="Zuonr"/>
                    <PropertyRef Name="FilterCond"/>
                </Key>
                <Property Name="Mandt" Type="Edm.String" Nullable="false" MaxLength="3" sap:unicode="false" sap:label="Client" sap:creatable="false" sap:updatable="false" sap:sortable="false" sap:filterable="false"/>
                <Property Name="Rbukrs" Type="Edm.String" Nullable="false" MaxLength="4" sap:unicode="false" sap:label="Company Code" sap:creatable="false" sap:updatable="false" sap:sortable="false"/>
                <Property Name="Gjahr" Type="Edm.String" Nullable="false" MaxLength="4" sap:unicode="false" sap:label="Fiscal Year" sap:creatable="false" sap:updatable="false" sap:sortable="false"/>
                <Property Name="Rbusa" Type="Edm.String" Nullable="false" MaxLength="4" sap:unicode="false" sap:label="Business Area" sap:creatable="false" sap:updatable="false" sap:sortable="false"/>
                <Property Name="Zuonr" Type="Edm.String" Nullable="false" MaxLength="18" sap:unicode="false" sap:label="Branch/Alloc." sap:creatable="false" sap:updatable="false" sap:sortable="false"/>
                <Property Name="FilterCond" Type="Edm.String" Nullable="false" MaxLength="20" sap:unicode="false" sap:label="FilterCond" sap:creatable="false" sap:updatable="false" sap:sortable="false"/>
                <Property Name="LIFNR" Type="Edm.String" Nullable="false" MaxLength="10" sap:unicode="false" sap:label="Vendor code" sap:creatable="false" sap:updatable="false" sap:sortable="false" sap:filterable="false"/>
                <Property Name="NAME1" Type="Edm.String" Nullable="false" MaxLength="35" sap:unicode="false" sap:label="vendor name" sap:creatable="false" sap:updatable="false" sap:sortable="false" sap:filterable="false"/>
                <Property Name="BLART" Type="Edm.String" Nullable="false" MaxLength="2" sap:unicode="false" sap:label="document type" sap:creatable="false" sap:updatable="false" sap:sortable="false" sap:filterable="false"/>
                <Property Name="XBLNR" Type="Edm.String" Nullable="false" MaxLength="16" sap:unicode="false" sap:label="Reference (Bill number)" sap:creatable="false" sap:updatable="false" sap:sortable="false" sap:filterable="false"/>
                <Property Name="BLDAT" Type="Edm.String" Nullable="false" MaxLength="8" sap:unicode="false" sap:label="Document date (Bill date" sap:creatable="false" sap:updatable="false" sap:sortable="false" sap:filterable="false"/>
                <Property Name="BELNR" Type="Edm.String" Nullable="false" MaxLength="10" sap:unicode="false" sap:label="Document number" sap:creatable="false" sap:updatable="false" sap:sortable="false" sap:filterable="false"/>
                <Property Name="BUDAT" Type="Edm.String" Nullable="false" MaxLength="8" sap:unicode="false" sap:label="Posting date" sap:creatable="false" sap:updatable="false" sap:sortable="false" sap:filterable="false"/>
                <Property Name="HSL" Type="Edm.String" Nullable="false" MaxLength="23" sap:unicode="false" sap:label="Amnt in CompCd Crcy" sap:creatable="false" sap:updatable="false" sap:sortable="false" sap:filterable="false"/>
                <Property Name="SGTXT" Type="Edm.String" Nullable="false" MaxLength="50" sap:unicode="false" sap:label="Item Text" sap:creatable="false" sap:updatable="false" sap:sortable="false" sap:filterable="false"/>
                <Property Name="BKTXT" Type="Edm.String" Nullable="false" MaxLength="25" sap:unicode="false" sap:label="Document header text" sap:creatable="false" sap:updatable="false" sap:sortable="false" sap:filterable="false"/>
                <Property Name="AUGBL" Type="Edm.String" Nullable="false" MaxLength="10" sap:unicode="false" sap:label="Clearing document number" sap:creatable="false" sap:updatable="false" sap:sortable="false" sap:filterable="false"/>
                <Property Name="AUGDT" Type="Edm.String" Nullable="false" MaxLength="8" sap:unicode="false" sap:label="Clearing date" sap:creatable="false" sap:updatable="false" sap:sortable="false" sap:filterable="false"/>
                <Property Name="KIDNO" Type="Edm.String" Nullable="false" MaxLength="30" sap:unicode="false" sap:label="Payment reference" sap:creatable="false" sap:updatable="false" sap:sortable="false" sap:filterable="false"/>
                <Property Name="GKONT" Type="Edm.String" Nullable="false" MaxLength="10" sap:unicode="false" sap:label="Offset account" sap:creatable="false" sap:updatable="false" sap:sortable="false" sap:filterable="false"/>
            </EntityType>
            <EntityContainer Name="YMFACV_P2P_DASHBOARD_SRV_Entities" m:IsDefaultEntityContainer="true" sap:supported-formats="atom json xlsx">
                <EntitySet Name="ET_HSL_GSBERSet" EntityType="YMFACV_P2P_DASHBOARD_SRV.ET_HSL_GSBER" sap:creatable="false" sap:updatable="false" sap:deletable="false" sap:pageable="false" sap:addressable="false" sap:content-version="1"/>
                <EntitySet Name="vendorpayablesSet" EntityType="YMFACV_P2P_DASHBOARD_SRV.vendorpayables" sap:creatable="false" sap:updatable="false" sap:deletable="false" sap:pageable="false" sap:content-version="1"/>
                <EntitySet Name="gloablentitySet" EntityType="YMFACV_P2P_DASHBOARD_SRV.gloablentity" sap:creatable="false" sap:updatable="false" sap:deletable="false" sap:pageable="false" sap:content-version="1"/>
                <EntitySet Name="filterSet" EntityType="YMFACV_P2P_DASHBOARD_SRV.filter" sap:creatable="false" sap:updatable="false" sap:deletable="false" sap:pageable="false" sap:content-version="1"/>
                <EntitySet Name="ZACCOUNTS_PAYBLESet" EntityType="YMFACV_P2P_DASHBOARD_SRV.ZACCOUNTS_PAYBLE" sap:creatable="false" sap:updatable="false" sap:deletable="false" sap:pageable="false" sap:content-version="1"/>
                <EntitySet Name="ET_BussArea_DtlsSet" EntityType="YMFACV_P2P_DASHBOARD_SRV.ET_BussArea_Dtls" sap:creatable="false" sap:updatable="false" sap:deletable="false" sap:pageable="false" sap:addressable="false" sap:content-version="1"/>
            </EntityContainer>
            <atom:link
                xmlns:atom="http://www.w3.org/2005/Atom" rel="self" href="./sap/YMFACV_P2P_DASHBOARD_SRV/$metadata"/>
                <atom:link
                    xmlns:atom="http://www.w3.org/2005/Atom" rel="latest-version" href="./sap/YMFACV_P2P_DASHBOARD_SRV/$metadata"/>
                </Schema>
            </edmx:DataServices>
        </edmx:Edmx>