{
  "Component-dbg.js": 1553757901019,
  "Component-preload.js": 1553757901109,
  "Component.js": 1553750680000,
  "controller/View1-dbg.controller.js": 1553757901019,
  "controller/View1.controller.js": 1553750680000,
  "css/style-dbg.css": 1553757901019,
  "css/style.css": 1553750680000,
  "di.code-validation.core_issues.json": 1553757900649,
  "i18n/i18n.properties": 1553750680000,
  "index.html": 1553750680000,
  "manifest-bundle.zip": 1553757901289,
  "manifest.json": 1553757900699,
  "model/models-dbg.js": 1553757901019,
  "model/models.js": 1553750680000,
  "neo-app.json": 1553757901129,
  "view/View1.view.xml": 1553750680000
}