{
  "projectType": [
    "sap.watt.saptoolsets.fiori.project.ui5template.smartProject",
    "sap.watt.uitools.ide.fiori",
    "com.watt.common.builder.sapui5clientbuild",
    "sap.watt.saptoolsets.fiori.project.uiadaptation"
  ],
  "build": {
    "targetFolder": "dist",
    "sourceFolder": "webapp",
    "excludedFolders": [
      "test"
    ],
    "buildRequired": true,
    "lastBuildDateTime": "Tue, 03 Jul 2018 05:43:19 GMT"
  },
  "generation": [
    {
      "templateId": "ui5template.smartTemplateCommon",
      "templateVersion": "1.40.12",
      "dateTimeStamp": "Mon, 25 Jun 2018 12:45:27 GMT"
    },
    {
      "templateId": "ui5template.smartTemplate",
      "templateVersion": "1.40.12",
      "dateTimeStamp": "Mon, 25 Jun 2018 12:45:28 GMT"
    },
    {
      "templateId": "uiadaptation.changespreviewjs",
      "templateVersion": "0.0.0",
      "dateTimeStamp": "Thu, 05 Jul 2018 10:51:10 GMT"
    },
    {
      "templateId": "uiadaptation.uiadaptationpanehtml",
      "templateVersion": "0.0.0",
      "dateTimeStamp": "Mon, 02 Jul 2018 06:52:30 GMT"
    },
    {
      "templateId": "servicecatalog.connectivityComponent",
      "templateVersion": "0.0.0",
      "dateTimeStamp": "Thu, 05 Jul 2018 10:50:41 GMT"
    }
  ],
  "mockpreview": {
    "mockUri": "/sap/opu/odata/sap/YLIST_APP_ANNOTATION_SRV",
    "metadataFilePath": "",
    "loadJSONFiles": false,
    "loadCustomRequests": false,
    "mockRequestsFilePath": ""
  },
  "translation": {
    "translationDomain": "",
    "supportedLanguages": "en,fr,de",
    "defaultLanguage": "en",
    "defaultI18NPropertyFile": "i18n.properties",
    "resourceModelName": "i18n"
  },
  "basevalidator": {
    "services": {
      "xml": "fioriXmlAnalysis",
      "js": "fioriJsValidator"
    }
  },
  "codeCheckingTriggers": {
    "notifyBeforePush": true,
    "notifyBeforePushLevel": "Error",
    "blockPush": false,
    "blockPushLevel": "Error"
  }
}