{
    "resources": [
        {
            "name": "model/models.js"
        },
        {
            "name": "model/metadata.xml"
        },
        {
            "name": "model/formatter.js"
        },
        {
            "name": "index.html"
        },
        {
            "name": "view/BusyDialog.fragment.xml"
        },
        {
            "name": "view/sampleDetail.view.xml"
        },
        {
            "name": "view/Master.view.xml"
        },
        {
            "name": "view/App.view.xml"
        },
        {
            "name": "view/Detail.view.xml"
        },
        {
            "name": ".project.json"
        },
        {
            "name": "neo-app.json"
        },
        {
            "name": "Component.js"
        },
        {
            "name": "Component-preload.js",
            "merged": true
        },
        {
            "name": "localService/metadata.xml"
        },
        {
            "name": "extended_runnable_file.html"
        },
        {
            "name": "i18n/i18n.properties",
            "raw": "i18n/i18n.properties"
        },
        {
            "name": ".user.project.json"
        },
        {
            "name": "controller/App.controller.js"
        },
        {
            "name": "controller/Detail.controller.js"
        },
        {
            "name": "controller/Master.controller.js"
        },
        {
            "name": "controller/sampleDetail.controller.js"
        },
        {
            "name": "controller/BaseController.js"
        },
        {
            "name": "css/style.css"
        },
        {
            "name": "resources.json",
            "merged": true
        }
    ]
}