<edmx:Edmx
    xmlns:edmx="http://schemas.microsoft.com/ado/2007/06/edmx"
    xmlns:m="http://schemas.microsoft.com/ado/2007/08/dataservices/metadata"
    xmlns:sap="http://www.sap.com/Protocols/SAPData" Version="1.0">
    <edmx:DataServices m:DataServiceVersion="2.0">
        <Schema
            xmlns="http://schemas.microsoft.com/ado/2008/09/edm" Namespace="YMPIO_STOREGRCOMPLIANCE_SRV_01" xml:lang="en" sap:schema-version="1">
            <EntityType Name="ET_STORE_GR" sap:content-version="1">
                <Key>
                    <PropertyRef Name="Ebeln"/>
                </Key>
                <Property Name="Budat" Type="Edm.DateTime" Precision="7" sap:unicode="false" sap:label="Posting Date" sap:creatable="false" sap:updatable="false" sap:sortable="false" sap:filterable="false"/>
                <Property Name="Ebeln" Type="Edm.String" Nullable="false" MaxLength="10" sap:unicode="false" sap:label="Purchasing Doc." sap:creatable="false" sap:updatable="false" sap:sortable="false" sap:filterable="false"/>
                <Property Name="Werks" Type="Edm.String" Nullable="false" MaxLength="4" sap:unicode="false" sap:label="Plant" sap:creatable="false" sap:updatable="false" sap:sortable="false" sap:filterable="false"/>
                <Property Name="EccEwmTxt" Type="Edm.String" Nullable="false" MaxLength="10" sap:unicode="false" sap:label="Character Field Length = 10" sap:creatable="false" sap:updatable="false" sap:sortable="false" sap:filterable="false"/>
                <Property Name="InboundDlv" Type="Edm.String" Nullable="false" MaxLength="50" sap:unicode="false" sap:label="count vbeln" sap:creatable="false" sap:updatable="false" sap:sortable="false" sap:filterable="false"/>
                <Property Name="InboundDlvItem" Type="Edm.String" Nullable="false" MaxLength="50" sap:unicode="false" sap:label="count delivery item" sap:creatable="false" sap:updatable="false" sap:sortable="false" sap:filterable="false"/>
                <Property Name="GrSameday" Type="Edm.String" Nullable="false" MaxLength="50" sap:unicode="false" sap:label="Receiving /GR done same day" sap:creatable="false" sap:updatable="false" sap:sortable="false" sap:filterable="false"/>
                <Property Name="GrSamedayPrcntg" Type="Edm.String" Nullable="false" MaxLength="50" sap:unicode="false" sap:label="percentage Receiving /GR done same day" sap:creatable="false" sap:updatable="false" sap:sortable="false" sap:filterable="false"/>
                <Property Name="QualityInspSameday" Type="Edm.String" Nullable="false" MaxLength="50" sap:unicode="false" sap:label="Quality Inspection  done same day" sap:creatable="false" sap:updatable="false" sap:sortable="false" sap:filterable="false"/>
                <Property Name="QualityInspSamedayPrcntg" Type="Edm.String" Nullable="false" MaxLength="50" sap:unicode="false" sap:label="percentage Quality Inspection  done same day" sap:creatable="false" sap:updatable="false" sap:sortable="false" sap:filterable="false"/>
                <Property Name="PutawaySameday" Type="Edm.String" Nullable="false" MaxLength="50" sap:unicode="false" sap:label="Putaway done same day" sap:creatable="false" sap:updatable="false" sap:sortable="false" sap:filterable="false"/>
                <Property Name="PutawaySamedayPrcntg" Type="Edm.String" Nullable="false" MaxLength="50" sap:unicode="false" sap:label="percentage Putaway done same day" sap:creatable="false" sap:updatable="false" sap:sortable="false" sap:filterable="false"/>
                <Property Name="GrTend" Type="Edm.String" Nullable="false" MaxLength="50" sap:unicode="false" sap:label="Receiving /GR done within 10 days" sap:creatable="false" sap:updatable="false" sap:sortable="false" sap:filterable="false"/>
                <Property Name="GrTendPrcntg" Type="Edm.String" Nullable="false" MaxLength="50" sap:unicode="false" sap:label="percentage Receiving /GR done within 10 days" sap:creatable="false" sap:updatable="false" sap:sortable="false" sap:filterable="false"/>
                <Property Name="QualityInspTend" Type="Edm.String" Nullable="false" MaxLength="50" sap:unicode="false" sap:label="Quality Inspection  done within 10 days" sap:creatable="false" sap:updatable="false" sap:sortable="false" sap:filterable="false"/>
                <Property Name="QualityInspTendPrcntg" Type="Edm.String" Nullable="false" MaxLength="50" sap:unicode="false" sap:label="percentage Quality Inspection  done within 10 days" sap:creatable="false" sap:updatable="false" sap:sortable="false" sap:filterable="false"/>
                <Property Name="PutawayTend" Type="Edm.String" Nullable="false" MaxLength="50" sap:unicode="false" sap:label="Putaway done same day  within 10 days" sap:creatable="false" sap:updatable="false" sap:sortable="false" sap:filterable="false"/>
                <Property Name="PutawayTendPrcntg" Type="Edm.String" Nullable="false" MaxLength="50" sap:unicode="false" sap:label="percentage Putaway done same day  within 10 days" sap:creatable="false" sap:updatable="false" sap:sortable="false" sap:filterable="false"/>
                <Property Name="GrPending" Type="Edm.String" Nullable="false" MaxLength="50" sap:unicode="false" sap:label="Receiving /GR pending" sap:creatable="false" sap:updatable="false" sap:sortable="false" sap:filterable="false"/>
                <Property Name="GrPendingPrcntg" Type="Edm.String" Nullable="false" MaxLength="50" sap:unicode="false" sap:label="percentage Receiving /GR pending" sap:creatable="false" sap:updatable="false" sap:sortable="false" sap:filterable="false"/>
                <Property Name="QualityInspPending" Type="Edm.String" Nullable="false" MaxLength="50" sap:unicode="false" sap:label="Quality Inspection  pending" sap:creatable="false" sap:updatable="false" sap:sortable="false" sap:filterable="false"/>
                <Property Name="QualityInspPendingPrcntg" Type="Edm.String" Nullable="false" MaxLength="50" sap:unicode="false" sap:label="percentage Quality Inspection  pending" sap:creatable="false" sap:updatable="false" sap:sortable="false" sap:filterable="false"/>
                <Property Name="PutawayPending" Type="Edm.String" Nullable="false" MaxLength="50" sap:unicode="false" sap:label="Putaway pending" sap:creatable="false" sap:updatable="false" sap:sortable="false" sap:filterable="false"/>
                <Property Name="PutawayPendingPrcntg" Type="Edm.String" Nullable="false" MaxLength="50" sap:unicode="false" sap:label="percentage Putaway pending" sap:creatable="false" sap:updatable="false" sap:sortable="false" sap:filterable="false"/>
                <Property Name="TotPoNo" Type="Edm.String" Nullable="false" MaxLength="10" sap:unicode="false" sap:label="Purchasing Doc." sap:creatable="false" sap:updatable="false" sap:sortable="false" sap:filterable="false"/>
                <Property Name="TotPoItem" Type="Edm.String" Nullable="false" MaxLength="5" sap:unicode="false" sap:label="Item" sap:creatable="false" sap:updatable="false" sap:sortable="false" sap:filterable="false"/>
            </EntityType>
            <EntityType Name="ET_werks" sap:content-version="1">
                <Key>
                    <PropertyRef Name="Plant"/>
                </Key>
                <Property Name="Name" Type="Edm.String" Nullable="false" sap:unicode="false" sap:label="Name" sap:creatable="false" sap:updatable="false" sap:sortable="false" sap:filterable="false"/>
                <Property Name="Plant" Type="Edm.String" Nullable="false" MaxLength="4" sap:unicode="false" sap:label="Plant" sap:creatable="false" sap:updatable="false" sap:sortable="false" sap:filterable="false"/>
            </EntityType>
            <EntityType Name="ET_STORE_GR_DTLS" sap:content-version="1">
                <Key>
                    <PropertyRef Name="Ebeln"/>
                    <PropertyRef Name="Ebelp"/>
                    <PropertyRef Name="Gjahr"/>
                    <PropertyRef Name="Belnr"/>
                    <PropertyRef Name="Buzei"/>
                </Key>
                <Property Name="Ebeln" Type="Edm.String" Nullable="false" MaxLength="10" sap:unicode="false" sap:label="Purchasing Doc." sap:creatable="false" sap:updatable="false" sap:sortable="false" sap:filterable="false"/>
                <Property Name="Ebelp" Type="Edm.String" Nullable="false" MaxLength="5" sap:unicode="false" sap:label="Item" sap:creatable="false" sap:updatable="false" sap:sortable="false" sap:filterable="false"/>
                <Property Name="Gjahr" Type="Edm.String" Nullable="false" MaxLength="4" sap:unicode="false" sap:label="Mat. Doc. Year" sap:creatable="false" sap:updatable="false" sap:sortable="false" sap:filterable="false"/>
                <Property Name="Belnr" Type="Edm.String" Nullable="false" MaxLength="10" sap:unicode="false" sap:label="Material Doc." sap:creatable="false" sap:updatable="false" sap:sortable="false" sap:filterable="false"/>
                <Property Name="Buzei" Type="Edm.String" Nullable="false" MaxLength="4" sap:unicode="false" sap:label="Mat. Doc.Item" sap:creatable="false" sap:updatable="false" sap:sortable="false" sap:filterable="false"/>
                <Property Name="Ekgrp" Type="Edm.String" Nullable="false" MaxLength="3" sap:unicode="false" sap:label="Purch. Group" sap:creatable="false" sap:updatable="false" sap:sortable="false" sap:filterable="false"/>
                <Property Name="Lifnr" Type="Edm.String" Nullable="false" MaxLength="10" sap:unicode="false" sap:label="Vendor" sap:creatable="false" sap:updatable="false" sap:sortable="false" sap:filterable="false"/>
                <Property Name="Werks" Type="Edm.String" Nullable="false" MaxLength="4" sap:unicode="false" sap:label="Plant" sap:creatable="false" sap:updatable="false" sap:sortable="false" sap:filterable="false"/>
                <Property Name="Lgort" Type="Edm.String" Nullable="false" MaxLength="4" sap:unicode="false" sap:label="Stor. location" sap:creatable="false" sap:updatable="false" sap:sortable="false" sap:filterable="false"/>
                <Property Name="Matnr" Type="Edm.String" Nullable="false" MaxLength="40" sap:unicode="false" sap:label="Material" sap:creatable="false" sap:updatable="false" sap:sortable="false" sap:filterable="false"/>
                <Property Name="Bsart" Type="Edm.String" Nullable="false" MaxLength="4" sap:unicode="false" sap:label="Document Type" sap:creatable="false" sap:updatable="false" sap:sortable="false" sap:filterable="false"/>
                <Property Name="Location" Type="Edm.String" Nullable="false" MaxLength="5" sap:unicode="false" sap:label="Location Code" sap:creatable="false" sap:updatable="false" sap:sortable="false" sap:filterable="false"/>
                <Property Name="MatRecvDate" Type="Edm.DateTime" Precision="7" sap:unicode="false" sap:label="Posting Date" sap:creatable="false" sap:updatable="false" sap:sortable="false" sap:filterable="false"/>
                <Property Name="Budat" Type="Edm.DateTime" Precision="7" sap:unicode="false" sap:label="Posting Date" sap:creatable="false" sap:updatable="false" sap:sortable="false" sap:filterable="false"/>
                <Property Name="Bwart" Type="Edm.String" Nullable="false" MaxLength="3" sap:unicode="false" sap:label="Movement type" sap:creatable="false" sap:updatable="false" sap:sortable="false" sap:filterable="false"/>
                <Property Name="Xblnr" Type="Edm.String" Nullable="false" MaxLength="16" sap:unicode="false" sap:label="Reference" sap:creatable="false" sap:updatable="false" sap:sortable="false" sap:filterable="false"/>
                <Property Name="Vbeln" Type="Edm.String" Nullable="false" MaxLength="10" sap:unicode="false" sap:label="Delivery" sap:creatable="false" sap:updatable="false" sap:sortable="false" sap:filterable="false"/>
                <Property Name="Lfdat" Type="Edm.DateTime" Precision="7" sap:unicode="false" sap:label="Delivery Date" sap:creatable="false" sap:updatable="false" sap:sortable="false" sap:filterable="false"/>
                <Property Name="Erdat" Type="Edm.DateTime" Precision="7" sap:unicode="false" sap:label="Created on" sap:creatable="false" sap:updatable="false" sap:sortable="false" sap:filterable="false"/>
                <Property Name="QaLotNo" Type="Edm.String" Nullable="false" MaxLength="12" sap:unicode="false" sap:label="Inspection Lot" sap:creatable="false" sap:updatable="false" sap:sortable="false" sap:filterable="false"/>
                <Property Name="QaInspDt" Type="Edm.DateTime" Precision="7" sap:unicode="false" sap:label="Date" sap:creatable="false" sap:updatable="false" sap:sortable="false" sap:filterable="false"/>
                <Property Name="PutawayDate" Type="Edm.DateTime" Precision="7" sap:unicode="false" sap:label="Date" sap:creatable="false" sap:updatable="false" sap:sortable="false" sap:filterable="false"/>
                <Property Name="EccEwmTxt" Type="Edm.String" Nullable="false" MaxLength="10" sap:unicode="false" sap:label="Character Field Length = 10" sap:creatable="false" sap:updatable="false" sap:sortable="false" sap:filterable="false"/>
            </EntityType>
            <EntityContainer Name="YMPIO_STOREGRCOMPLIANCE_SRV_01_Entities" m:IsDefaultEntityContainer="true" sap:supported-formats="atom json xlsx">
                <EntitySet Name="ET_STORE_GRSet" EntityType="YMPIO_STOREGRCOMPLIANCE_SRV_01.ET_STORE_GR" sap:creatable="false" sap:updatable="false" sap:deletable="false" sap:pageable="false" sap:content-version="1"/>
                <EntitySet Name="ET_werksSet" EntityType="YMPIO_STOREGRCOMPLIANCE_SRV_01.ET_werks" sap:creatable="false" sap:updatable="false" sap:deletable="false" sap:pageable="false" sap:content-version="1"/>
                <EntitySet Name="ET_STORE_GR_DTLSSet" EntityType="YMPIO_STOREGRCOMPLIANCE_SRV_01.ET_STORE_GR_DTLS" sap:creatable="false" sap:updatable="false" sap:deletable="false" sap:pageable="false" sap:addressable="false" sap:content-version="1"/>
            </EntityContainer>
            <atom:link
                xmlns:atom="http://www.w3.org/2005/Atom" rel="self" href="./sap/YMPIO_STOREGRCOMPLIANCE_SRV_01/$metadata"/>
                <atom:link
                    xmlns:atom="http://www.w3.org/2005/Atom" rel="latest-version" href="./sap/YMPIO_STOREGRCOMPLIANCE_SRV_01/$metadata"/>
                </Schema>
            </edmx:DataServices>
        </edmx:Edmx>