{
  "welcomeFile": "index.html",
  "routes": [
    {
      "path": "/sap/opu/odata",
      "target": {
        "type": "destination",
        "name": "FED",
        "entryPath": "/sap/opu/odata"
      },
      "description": "FED"
    },
    {
      "path": "/resources",
      "target": {
        "type": "service",
        "name": "sapui5",
        "preferLocal": true,
        "entryPath": "/resources"
      },
      "description": "SAPUI5 Resources"
    },
    {
      "path": "/test-resources",
      "target": {
        "type": "service",
        "name": "sapui5",
        "entryPath": "/test-resources"
      },
      "description": "SAPUI5 Test Resources"
    },
    {
      "path": "/sap/bc/ui5_ui5",
      "target": {
        "type": "destination",
        "name": "FED",
        "entryPath": "/sap/bc/ui5_ui5"
      },
      "description": "FED"
    },
    {
      "path": "/resources/com/sap/Z_FI_CashTrack_OVPNew/Component",
      "target": {
        "type": "destination",
        "name": "FED",
        "entryPath": "/sap/bc/lrep/flex/data/com.sap.Z_FI_CashTrack_OVPNew.Component/~80NQ9pRmuN13XGz8E2jtiOqpfWg=~",
        "preferLocal": true
      },
      "description": "com/sap/Z_FI_CashTrack_OVPNew/Component Reuse Library"
    }
  ]
}