{
    "resources": [
        {
            "name": "img/readme.txt"
        },
        {
            "name": "ext/readme.txt"
        },
        {
            "name": "i18n/i18n.properties",
            "raw": "i18n/i18n.properties"
        },
        {
            "name": "manifest.json"
        },
        {
            "name": "localService/mockserver.js"
        },
        {
            "name": "localService/YMPSO_FI_CASHOPRN_OVP_SRV/FICashOPRNannotation0.xml"
        },
        {
            "name": "localService/YMPSO_FI_CASHOPRN_OVP_SRV/metadata.xml"
        },
        {
            "name": "localService/metadata.xml"
        },
        {
            "name": "Component.js"
        },
        {
            "name": "Component-preload.js",
            "merged": true
        },
        {
            "name": "neo-app.json"
        }
    ]
}