{
    "resources": [
        {
            "name": "Component.js"
        },
        {
            "name": "i18n/i18n.properties",
            "raw": "i18n/i18n.properties"
        },
        {
            "name": "css/style.css"
        },
        {
            "name": "localService/metadata.xml"
        },
        {
            "name": "localService/YMPCO_SCRAP_APROV_SRV/metadata.xml"
        },
        {
            "name": "localService/YMPCO_SCRAP_APROV_SRV/ScrapSet.json"
        },
        {
            "name": "manifest.json"
        },
        {
            "name": "view/scrapmaterials.view.xml"
        },
        {
            "name": "view/App.view.xml"
        },
        {
            "name": "index.html"
        },
        {
            "name": "controller/App.controller.js"
        },
        {
            "name": "controller/scrapmaterials.controller.js"
        },
        {
            "name": "model/models.js"
        },
        {
            "name": "mock_preview_sapui5.html"
        },
        {
            "name": "Component-preload.js",
            "merged": true
        },
        {
            "name": "neo-app.json"
        }
    ]
}