<edmx:Edmx
    xmlns:edmx="http://schemas.microsoft.com/ado/2007/06/edmx"
    xmlns:m="http://schemas.microsoft.com/ado/2007/08/dataservices/metadata"
    xmlns:sap="http://www.sap.com/Protocols/SAPData" Version="1.0">
    <edmx:DataServices m:DataServiceVersion="2.0">
        <Schema
            xmlns="http://schemas.microsoft.com/ado/2008/09/edm" Namespace="YMPIO_P2P_MRPSTATISTICS_SRV" xml:lang="en" sap:schema-version="1">
            <EntityType Name="ET_MRPStatistics" sap:content-version="1">
                <Key>
                    <PropertyRef Name="Plant"/>
                    <PropertyRef Name="Month"/>
                    <PropertyRef Name="Year"/>
                    <PropertyRef Name="PurchaseGroup"/>
                </Key>
                <Property Name="Plant" Type="Edm.String" Nullable="false" MaxLength="4" sap:unicode="false" sap:label="Plant" sap:creatable="false" sap:updatable="false" sap:sortable="false" sap:filterable="false"/>
                <Property Name="Month" Type="Edm.String" Nullable="false" MaxLength="2" sap:unicode="false" sap:label="Month" sap:creatable="false" sap:updatable="false" sap:sortable="false" sap:filterable="false"/>
                <Property Name="Year" Type="Edm.String" Nullable="false" MaxLength="4" sap:unicode="false" sap:label="Year" sap:creatable="false" sap:updatable="false" sap:sortable="false" sap:filterable="false"/>
                <Property Name="PurchaseGroup" Type="Edm.String" Nullable="false" MaxLength="3" sap:unicode="false" sap:label="Purchase Group" sap:creatable="false" sap:updatable="false" sap:sortable="false" sap:filterable="false"/>
                <Property Name="MaterialNumber" Type="Edm.String" Nullable="false" MaxLength="40" sap:unicode="false" sap:label="Materila Number" sap:creatable="false" sap:updatable="false" sap:sortable="false" sap:filterable="false"/>
                <Property Name="CmName" Type="Edm.String" Nullable="false" MaxLength="40" sap:unicode="false" sap:label="CM Name" sap:creatable="false" sap:updatable="false" sap:sortable="false" sap:filterable="false"/>
                <Property Name="Location" Type="Edm.String" Nullable="false" MaxLength="10" sap:unicode="false" sap:label="Location" sap:creatable="false" sap:updatable="false" sap:sortable="false" sap:filterable="false"/>
                <Property Name="BGG" Type="Edm.String" Nullable="false" MaxLength="9" sap:unicode="false" sap:label="BGG" sap:creatable="false" sap:updatable="false" sap:sortable="false" sap:filterable="false"/>
                <Property Name="MRPEfficiencyPercentage" Type="Edm.Decimal" Nullable="false" Precision="8" Scale="2" sap:unicode="false" sap:label="MRP Efficiency Percentage" sap:creatable="false" sap:updatable="false" sap:sortable="false" sap:filterable="false"/>
                <Property Name="MRPEfficiencyColor" Type="Edm.String" Nullable="false" MaxLength="6" sap:unicode="false" sap:label="MRP Efficiency Color" sap:creatable="false" sap:updatable="false" sap:sortable="false" sap:filterable="false"/>
                <Property Name="ConCoveragePerCentage" Type="Edm.Decimal" Nullable="false" Precision="8" Scale="2" sap:unicode="false" sap:label="Contract Coverage PerCentage" sap:creatable="false" sap:updatable="false" sap:sortable="false" sap:filterable="false"/>
                <Property Name="ConCoverageColor" Type="Edm.String" Nullable="false" MaxLength="6" sap:unicode="false" sap:label="Contract Coverage Color" sap:creatable="false" sap:updatable="false" sap:sortable="false" sap:filterable="false"/>
                <Property Name="StockOutPercentage" Type="Edm.Decimal" Nullable="false" Precision="8" Scale="2" sap:unicode="false" sap:label="Stock Out Percentage" sap:creatable="false" sap:updatable="false" sap:sortable="false" sap:filterable="false"/>
                <Property Name="StockOutColor" Type="Edm.String" Nullable="false" MaxLength="6" sap:unicode="false" sap:label="Stock Out Color" sap:creatable="false" sap:updatable="false" sap:sortable="false" sap:filterable="false"/>
                <Property Name="DeliveryCompliancePercentage" Type="Edm.Decimal" Nullable="false" Precision="8" Scale="2" sap:unicode="false" sap:label="Delivery Compliance Percentage" sap:creatable="false" sap:updatable="false" sap:sortable="false" sap:filterable="false"/>
                <Property Name="DeliveryComplianceColor" Type="Edm.String" Nullable="false" MaxLength="6" sap:unicode="false" sap:label="Delivery Compliance Color" sap:creatable="false" sap:updatable="false" sap:sortable="false" sap:filterable="false"/>
            </EntityType>
            <EntityType Name="ET_CoverageDetails" sap:content-version="1">
                <Key>
                    <PropertyRef Name="Plant"/>
                </Key>
                <Property Name="Month" Type="Edm.String" Nullable="false" MaxLength="2" sap:unicode="false" sap:label="Month" sap:creatable="false" sap:updatable="false" sap:sortable="false" sap:filterable="false"/>
                <Property Name="Year" Type="Edm.String" Nullable="false" MaxLength="4" sap:unicode="false" sap:label="Year" sap:creatable="false" sap:updatable="false" sap:sortable="false" sap:filterable="false"/>
                <Property Name="MaterialNumber" Type="Edm.String" Nullable="false" MaxLength="40" sap:unicode="false" sap:label="Materila Number" sap:creatable="false" sap:updatable="false" sap:sortable="false" sap:filterable="false"/>
                <Property Name="Plant" Type="Edm.String" Nullable="false" MaxLength="4" sap:unicode="false" sap:label="Plant" sap:creatable="false" sap:updatable="false" sap:sortable="false" sap:filterable="false"/>
                <Property Name="BGG" Type="Edm.String" Nullable="false" MaxLength="9" sap:unicode="false" sap:label="BGG" sap:creatable="false" sap:updatable="false" sap:sortable="false" sap:filterable="false"/>
                <Property Name="PoNo" Type="Edm.String" Nullable="false" MaxLength="10" sap:unicode="false" sap:label="Purchasing Document Number" sap:creatable="false" sap:updatable="false" sap:sortable="false" sap:filterable="false"/>
                <Property Name="MaterialDescription" Type="Edm.String" Nullable="false" MaxLength="40" sap:unicode="false" sap:label="MaterialDescription" sap:creatable="false" sap:updatable="false" sap:sortable="false" sap:filterable="false"/>
                <Property Name="BGGDescription" Type="Edm.String" Nullable="false" MaxLength="20" sap:unicode="false" sap:label="BGGDescription" sap:creatable="false" sap:updatable="false" sap:sortable="false" sap:filterable="false"/>
                <Property Name="PlantDescription" Type="Edm.String" Nullable="false" MaxLength="30" sap:unicode="false" sap:label="PlantDescription" sap:creatable="false" sap:updatable="false" sap:sortable="false" sap:filterable="false"/>
                <Property Name="PRDate" Type="Edm.DateTime" Precision="0" sap:unicode="false" sap:label="PRDate" sap:creatable="false" sap:updatable="false" sap:sortable="false" sap:filterable="false"/>
                <Property Name="Vendor" Type="Edm.String" Nullable="false" MaxLength="10" sap:unicode="false" sap:label="Vendor" sap:creatable="false" sap:updatable="false" sap:sortable="false" sap:filterable="false"/>
            </EntityType>
            <EntityType Name="ET_Vendorwise" sap:content-version="1">
                <Key>
                    <PropertyRef Name="Year"/>
                    <PropertyRef Name="Month"/>
                </Key>
                <Property Name="Year" Type="Edm.String" Nullable="false" MaxLength="4" sap:unicode="false" sap:label="MJAHR" sap:creatable="false" sap:updatable="false" sap:sortable="false" sap:filterable="false"/>
                <Property Name="Month" Type="Edm.String" Nullable="false" MaxLength="12" sap:unicode="false" sap:label="Month" sap:creatable="false" sap:updatable="false" sap:sortable="false" sap:filterable="false"/>
                <Property Name="Plant" Type="Edm.String" Nullable="false" MaxLength="4" sap:unicode="false" sap:label="Plant" sap:creatable="false" sap:updatable="false" sap:sortable="false" sap:filterable="false"/>
                <Property Name="Vendor" Type="Edm.String" Nullable="false" MaxLength="10" sap:unicode="false" sap:label="Vendor" sap:creatable="false" sap:updatable="false" sap:sortable="false" sap:filterable="false"/>
                <Property Name="April" Type="Edm.String" Nullable="false" MaxLength="8" sap:unicode="false" sap:label="April" sap:creatable="false" sap:updatable="false" sap:sortable="false" sap:filterable="false"/>
                <Property Name="May" Type="Edm.String" Nullable="false" MaxLength="8" sap:unicode="false" sap:label="May" sap:creatable="false" sap:updatable="false" sap:sortable="false" sap:filterable="false"/>
                <Property Name="June" Type="Edm.String" Nullable="false" MaxLength="8" sap:unicode="false" sap:label="June" sap:creatable="false" sap:updatable="false" sap:sortable="false" sap:filterable="false"/>
                <Property Name="July" Type="Edm.String" Nullable="false" MaxLength="8" sap:unicode="false" sap:label="July" sap:creatable="false" sap:updatable="false" sap:sortable="false" sap:filterable="false"/>
                <Property Name="August" Type="Edm.String" Nullable="false" MaxLength="8" sap:unicode="false" sap:label="August" sap:creatable="false" sap:updatable="false" sap:sortable="false" sap:filterable="false"/>
                <Property Name="September" Type="Edm.String" Nullable="false" MaxLength="8" sap:unicode="false" sap:label="September" sap:creatable="false" sap:updatable="false" sap:sortable="false" sap:filterable="false"/>
                <Property Name="October" Type="Edm.String" Nullable="false" MaxLength="8" sap:unicode="false" sap:label="October" sap:creatable="false" sap:updatable="false" sap:sortable="false" sap:filterable="false"/>
                <Property Name="November" Type="Edm.String" Nullable="false" MaxLength="8" sap:unicode="false" sap:label="November" sap:creatable="false" sap:updatable="false" sap:sortable="false" sap:filterable="false"/>
                <Property Name="December" Type="Edm.String" Nullable="false" MaxLength="8" sap:unicode="false" sap:label="December" sap:creatable="false" sap:updatable="false" sap:sortable="false" sap:filterable="false"/>
                <Property Name="January" Type="Edm.String" Nullable="false" MaxLength="8" sap:unicode="false" sap:label="January" sap:creatable="false" sap:updatable="false" sap:sortable="false" sap:filterable="false"/>
                <Property Name="February" Type="Edm.String" Nullable="false" MaxLength="8" sap:unicode="false" sap:label="February" sap:creatable="false" sap:updatable="false" sap:sortable="false" sap:filterable="false"/>
                <Property Name="March" Type="Edm.String" Nullable="false" MaxLength="8" sap:unicode="false" sap:label="March" sap:creatable="false" sap:updatable="false" sap:sortable="false" sap:filterable="false"/>
                <Property Name="PurchaseGroup" Type="Edm.String" Nullable="false" MaxLength="3" sap:unicode="false" sap:label="Purchasing Group" sap:creatable="false" sap:updatable="false" sap:sortable="false" sap:filterable="false"/>
                <Property Name="BGG" Type="Edm.String" Nullable="false" MaxLength="9" sap:unicode="false" sap:label="Material Group" sap:creatable="false" sap:updatable="false" sap:sortable="false" sap:filterable="false"/>
                <Property Name="Matno" Type="Edm.String" Nullable="false" MaxLength="40" sap:unicode="false" sap:label="Material Number" sap:creatable="false" sap:updatable="false" sap:sortable="false" sap:filterable="false"/>
            </EntityType>
            <EntityType Name="ET_Plant" sap:content-version="1">
                <Key>
                    <PropertyRef Name="Plant"/>
                </Key>
                <Property Name="Plant" Type="Edm.String" Nullable="false" MaxLength="4" sap:unicode="false" sap:label="Plant" sap:creatable="false" sap:updatable="false" sap:sortable="false" sap:filterable="false"/>
                <Property Name="Name" Type="Edm.String" Nullable="false" MaxLength="30" sap:unicode="false" sap:label="Plant Name" sap:creatable="false" sap:updatable="false" sap:sortable="false" sap:filterable="false"/>
            </EntityType>
            <EntityType Name="ET_MaterialGrp" sap:content-version="1">
                <Key>
                    <PropertyRef Name="MatGrps"/>
                </Key>
                <Property Name="MatGrps" Type="Edm.String" Nullable="false" MaxLength="9" sap:unicode="false" sap:label="Material Group" sap:creatable="false" sap:updatable="false" sap:sortable="false" sap:filterable="false"/>
                <Property Name="Description" Type="Edm.String" Nullable="false" MaxLength="20" sap:unicode="false" sap:label="Material Group Description" sap:creatable="false" sap:updatable="false" sap:sortable="false" sap:filterable="false"/>
            </EntityType>
            <EntityType Name="ET_MRPDetails" sap:content-version="1">
                <Key>
                    <PropertyRef Name="Plant"/>
                </Key>
                <Property Name="Month" Type="Edm.String" Nullable="false" MaxLength="2" sap:unicode="false" sap:label="Month" sap:creatable="false" sap:updatable="false" sap:sortable="false" sap:filterable="false"/>
                <Property Name="Year" Type="Edm.String" Nullable="false" MaxLength="4" sap:unicode="false" sap:label="Year" sap:creatable="false" sap:updatable="false" sap:sortable="false" sap:filterable="false"/>
                <Property Name="MaterialNumber" Type="Edm.String" Nullable="false" MaxLength="40" sap:unicode="false" sap:label="Materila Number" sap:creatable="false" sap:updatable="false" sap:sortable="false" sap:filterable="false"/>
                <Property Name="Plant" Type="Edm.String" Nullable="false" MaxLength="4" sap:unicode="false" sap:label="Plant" sap:creatable="false" sap:updatable="false" sap:sortable="false" sap:filterable="false"/>
                <Property Name="BGG" Type="Edm.String" Nullable="false" MaxLength="9" sap:unicode="false" sap:label="BGG" sap:creatable="false" sap:updatable="false" sap:sortable="false" sap:filterable="false"/>
                <Property Name="PRNo" Type="Edm.String" Nullable="false" MaxLength="10" sap:unicode="false" sap:label="PRNo" sap:creatable="false" sap:updatable="false" sap:sortable="false" sap:filterable="false"/>
                <Property Name="PoNo" Type="Edm.String" Nullable="false" MaxLength="10" sap:unicode="false" sap:label="Purchasing Document Number" sap:creatable="false" sap:updatable="false" sap:sortable="false" sap:filterable="false"/>
                <Property Name="MaterialDescription" Type="Edm.String" Nullable="false" MaxLength="40" sap:unicode="false" sap:label="MaterialDescription" sap:creatable="false" sap:updatable="false" sap:sortable="false" sap:filterable="false"/>
                <Property Name="BGGDescription" Type="Edm.String" Nullable="false" MaxLength="20" sap:unicode="false" sap:label="BGGDescription" sap:creatable="false" sap:updatable="false" sap:sortable="false" sap:filterable="false"/>
                <Property Name="PlantDescription" Type="Edm.String" Nullable="false" MaxLength="30" sap:unicode="false" sap:label="PlantDescription" sap:creatable="false" sap:updatable="false" sap:sortable="false" sap:filterable="false"/>
                <Property Name="PRDate" Type="Edm.DateTime" Precision="0" sap:unicode="false" sap:label="PRDate" sap:creatable="false" sap:updatable="false" sap:sortable="false" sap:filterable="false"/>
            </EntityType>
            <EntityType Name="ET_StockOutDetails" sap:content-version="1">
                <Key>
                    <PropertyRef Name="Plant"/>
                </Key>
                <Property Name="Month" Type="Edm.String" Nullable="false" MaxLength="2" sap:unicode="false" sap:label="Month" sap:creatable="false" sap:updatable="false" sap:sortable="false" sap:filterable="false"/>
                <Property Name="Year" Type="Edm.String" Nullable="false" MaxLength="4" sap:unicode="false" sap:label="Year" sap:creatable="false" sap:updatable="false" sap:sortable="false" sap:filterable="false"/>
                <Property Name="MaterialNumber" Type="Edm.String" Nullable="false" MaxLength="40" sap:unicode="false" sap:label="Materila Number" sap:creatable="false" sap:updatable="false" sap:sortable="false" sap:filterable="false"/>
                <Property Name="Plant" Type="Edm.String" Nullable="false" MaxLength="4" sap:unicode="false" sap:label="Plant" sap:creatable="false" sap:updatable="false" sap:sortable="false" sap:filterable="false"/>
                <Property Name="BGG" Type="Edm.String" Nullable="false" MaxLength="9" sap:unicode="false" sap:label="BGG" sap:creatable="false" sap:updatable="false" sap:sortable="false" sap:filterable="false"/>
                <Property Name="Stock" Type="Edm.Decimal" Nullable="false" Precision="13" Scale="3" sap:unicode="false" sap:label="Total Valuated Stock" sap:creatable="false" sap:updatable="false" sap:sortable="false" sap:filterable="false"/>
                <Property Name="MaterialDescription" Type="Edm.String" Nullable="false" MaxLength="40" sap:unicode="false" sap:label="MaterialDescription" sap:creatable="false" sap:updatable="false" sap:sortable="false" sap:filterable="false"/>
                <Property Name="BGGDescription" Type="Edm.String" Nullable="false" MaxLength="20" sap:unicode="false" sap:label="BGGDescription" sap:creatable="false" sap:updatable="false" sap:sortable="false" sap:filterable="false"/>
                <Property Name="PlantDescription" Type="Edm.String" Nullable="false" MaxLength="30" sap:unicode="false" sap:label="PlantDescription" sap:creatable="false" sap:updatable="false" sap:sortable="false" sap:filterable="false"/>
            </EntityType>
            <EntityType Name="ET_PurGrp" sap:content-version="1">
                <Key>
                    <PropertyRef Name="PurGrp"/>
                </Key>
                <Property Name="PurGrp" Type="Edm.String" Nullable="false" MaxLength="3" sap:unicode="false" sap:label="Purchasing Group" sap:creatable="false" sap:updatable="false" sap:sortable="false" sap:filterable="false"/>
                <Property Name="Name" Type="Edm.String" Nullable="false" MaxLength="18" sap:unicode="false" sap:label="PurGrp Name" sap:creatable="false" sap:updatable="false" sap:sortable="false" sap:filterable="false"/>
            </EntityType>
            <EntityContainer Name="YMPIO_P2P_MRPSTATISTICS_SRV_Entities" m:IsDefaultEntityContainer="true" sap:supported-formats="atom json xlsx">
                <EntitySet Name="ET_MRPStatisticsSet" EntityType="YMPIO_P2P_MRPSTATISTICS_SRV.ET_MRPStatistics" sap:creatable="false" sap:updatable="false" sap:deletable="false" sap:pageable="false" sap:addressable="false" sap:content-version="1"/>
                <EntitySet Name="ET_CoverageDetailsSet" EntityType="YMPIO_P2P_MRPSTATISTICS_SRV.ET_CoverageDetails" sap:creatable="false" sap:updatable="false" sap:deletable="false" sap:pageable="false" sap:addressable="false" sap:content-version="1"/>
                <EntitySet Name="ET_VendorwiseSet" EntityType="YMPIO_P2P_MRPSTATISTICS_SRV.ET_Vendorwise" sap:creatable="false" sap:updatable="false" sap:deletable="false" sap:pageable="false" sap:addressable="false" sap:content-version="1"/>
                <EntitySet Name="ET_PlantSet" EntityType="YMPIO_P2P_MRPSTATISTICS_SRV.ET_Plant" sap:creatable="false" sap:updatable="false" sap:deletable="false" sap:pageable="false" sap:addressable="false" sap:content-version="1"/>
                <EntitySet Name="ET_MaterialGrpSet" EntityType="YMPIO_P2P_MRPSTATISTICS_SRV.ET_MaterialGrp" sap:creatable="false" sap:updatable="false" sap:deletable="false" sap:pageable="false" sap:addressable="false" sap:content-version="1"/>
                <EntitySet Name="ET_MRPDetailsSet" EntityType="YMPIO_P2P_MRPSTATISTICS_SRV.ET_MRPDetails" sap:creatable="false" sap:updatable="false" sap:deletable="false" sap:pageable="false" sap:addressable="false" sap:content-version="1"/>
                <EntitySet Name="ET_StockOutDetailsSet" EntityType="YMPIO_P2P_MRPSTATISTICS_SRV.ET_StockOutDetails" sap:creatable="false" sap:updatable="false" sap:deletable="false" sap:pageable="false" sap:addressable="false" sap:content-version="1"/>
                <EntitySet Name="ET_PurGrpSet" EntityType="YMPIO_P2P_MRPSTATISTICS_SRV.ET_PurGrp" sap:creatable="false" sap:updatable="false" sap:deletable="false" sap:pageable="false" sap:addressable="false" sap:content-version="1"/>
            </EntityContainer>
            <atom:link
                xmlns:atom="http://www.w3.org/2005/Atom" rel="self" href="./sap/YMPIO_P2P_MRPSTATISTICS_SRV/$metadata"/>
                <atom:link
                    xmlns:atom="http://www.w3.org/2005/Atom" rel="latest-version" href="./sap/YMPIO_P2P_MRPSTATISTICS_SRV/$metadata"/>
                </Schema>
            </edmx:DataServices>
        </edmx:Edmx>