<edmx:Edmx
    xmlns:edmx="http://schemas.microsoft.com/ado/2007/06/edmx"
    xmlns:m="http://schemas.microsoft.com/ado/2007/08/dataservices/metadata"
    xmlns:sap="http://www.sap.com/Protocols/SAPData" Version="1.0">
    <edmx:DataServices m:DataServiceVersion="2.0">
        <Schema
            xmlns="http://schemas.microsoft.com/ado/2008/09/edm" Namespace="YQ01O_YFPTC_SRV" xml:lang="en" sap:schema-version="1">
            <EntityType Name="ET_INPUTSET" m:HasStream="true" sap:content-version="1">
                <Key>
                    <PropertyRef Name="Vbeln"/>
                    <PropertyRef Name="Type"/>
                    <PropertyRef Name="BoilerTc"/>
                </Key>
                <Property Name="Mimetype" Type="Edm.String" Nullable="false" MaxLength="100" sap:unicode="false" sap:label="MimeType" sap:creatable="false" sap:updatable="false" sap:sortable="false" sap:filterable="false"/>
                <Property Name="Vbeln" Type="Edm.String" Nullable="false" MaxLength="10" sap:unicode="false" sap:label="SD Document" sap:creatable="false" sap:updatable="false" sap:sortable="false" sap:filterable="false"/>
                <Property Name="Type" Type="Edm.String" Nullable="false" MaxLength="10" sap:unicode="false" sap:label="TYPE" sap:creatable="false" sap:updatable="false" sap:sortable="false" sap:filterable="false"/>
                <Property Name="BoilerTc" Type="Edm.String" Nullable="false" MaxLength="1" sap:unicode="false" sap:label="BOILER TC FLAG" sap:creatable="false" sap:updatable="false" sap:sortable="false" sap:filterable="false"/>
            </EntityType>
            <EntityContainer Name="YQ01O_YFPTC_SRV_Entities" m:IsDefaultEntityContainer="true" sap:supported-formats="atom json xlsx">
                <EntitySet Name="ET_INPUTSETSet" EntityType="YQ01O_YFPTC_SRV.ET_INPUTSET" sap:creatable="false" sap:updatable="false" sap:deletable="false" sap:pageable="false" sap:content-version="1"/>
            </EntityContainer>
            <atom:link
                xmlns:atom="http://www.w3.org/2005/Atom" rel="self" href="./sap/YQ01O_YFPTC_SRV/$metadata"/>
                <atom:link
                    xmlns:atom="http://www.w3.org/2005/Atom" rel="latest-version" href="./sap/YQ01O_YFPTC_SRV/$metadata"/>
                </Schema>
            </edmx:DataServices>
        </edmx:Edmx>