<edmx:Edmx xmlns:edmx="http://schemas.microsoft.com/ado/2007/06/edmx"
	xmlns:m="http://schemas.microsoft.com/ado/2007/08/dataservices/metadata" xmlns:sap="http://www.sap.com/Protocols/SAPData" Version="1.0">
	<edmx:DataServices m:DataServiceVersion="2.0">
		<Schema xmlns="http://schemas.microsoft.com/ado/2008/09/edm" Namespace="YHRO_OCM_APP_SRV" xml:lang="en" sap:schema-version="1">
			<EntityType Name="Et_OcmFinalApproval" sap:content-version="1">
				<Key><PropertyRef Name="OcmId"/></Key><Property Name="FinalAprvrPernr" Type="Edm.String" Nullable="false" MaxLength="8" sap:unicode="false" sap:label="Personnel no."
					sap:creatable="false" sap:updatable="false" sap:sortable="false" sap:filterable="false"/><Property Name="FromDate" Type="Edm.String" Nullable="false" MaxLength="10" sap:unicode="false" sap:label="Doc Date" sap:creatable="false"
					sap:updatable="false" sap:sortable="false" sap:filterable="false"/><Property Name="ToDate" Type="Edm.String" Nullable="false" MaxLength="10" sap:unicode="false" sap:label="Doc Date" sap:creatable="false"
					sap:updatable="false" sap:sortable="false" sap:filterable="false"/><Property Name="ProcessingMode" Type="Edm.String" Nullable="false" MaxLength="1" sap:unicode="false" sap:label="Single-Character Flag"
					sap:creatable="false" sap:updatable="false" sap:sortable="false" sap:filterable="false"/><Property Name="OcmId" Type="Edm.String" Nullable="false" MaxLength="10" sap:unicode="false" sap:label="Request ID for OCM"
					sap:creatable="false" sap:updatable="false" sap:sortable="false" sap:filterable="false"/><Property Name="OcmDesc" Type="Edm.String" Nullable="false" MaxLength="40" sap:unicode="false" sap:label="Char" sap:creatable="false"
					sap:updatable="false" sap:sortable="false" sap:filterable="false"/><Property Name="RaisedDate" Type="Edm.String" Nullable="false" MaxLength="10" sap:unicode="false" sap:label="Character Field Length = 10"
					sap:creatable="false" sap:updatable="false" sap:sortable="false" sap:filterable="false"/><Property Name="EffDate" Type="Edm.String" Nullable="false" MaxLength="10" sap:unicode="false" sap:label="Character Field Length = 10"
					sap:creatable="false" sap:updatable="false" sap:sortable="false" sap:filterable="false"/><Property Name="NumPers" Type="Edm.String" Nullable="false" MaxLength="2" sap:unicode="false" sap:label="Two-digit no."
					sap:creatable="false" sap:updatable="false" sap:sortable="false" sap:filterable="false"/><Property Name="OcmType" Type="Edm.String" Nullable="false" MaxLength="40" sap:unicode="false" sap:label="CIRCULAR NO5"
					sap:creatable="false" sap:updatable="false" sap:sortable="false" sap:filterable="false"/><Property Name="AdvDesc" Type="Edm.String" Nullable="false" MaxLength="100" sap:unicode="false" sap:label="Desc" sap:creatable="false"
					sap:updatable="false" sap:sortable="false" sap:filterable="false"/><Property Name="RequesterName" Type="Edm.String" Nullable="false" MaxLength="80" sap:unicode="false" sap:label="Full Name"
					sap:creatable="false" sap:updatable="false" sap:sortable="false" sap:filterable="false"/><Property Name="ActionTag" Type="Edm.String" Nullable="false" MaxLength="1" sap:unicode="false" sap:label="Char01" sap:creatable="false"
					sap:updatable="false" sap:sortable="false" sap:filterable="false"/><Property Name="Remarks" Type="Edm.String" Nullable="false" MaxLength="100" sap:unicode="false" sap:label="Desc" sap:creatable="false"
					sap:updatable="false" sap:sortable="false" sap:filterable="false"/><Property Name="Circular" Type="Edm.String" Nullable="false" MaxLength="5000" sap:unicode="false" sap:label="Character 4000"
					sap:creatable="false" sap:updatable="false" sap:sortable="false" sap:filterable="false"/></EntityType>
			<EntityContainer Name="YHRO_OCM_APP_SRV_Entities" m:IsDefaultEntityContainer="true" sap:supported-formats="atom json xlsx"><EntitySet Name="Et_OcmFinalApprovalSet" EntityType="YHRO_OCM_APP_SRV.Et_OcmFinalApproval" sap:creatable="false" sap:updatable="false"
				sap:deletable="false" sap:pageable="false" sap:addressable="false" sap:content-version="1"/></EntityContainer><atom:link xmlns:atom="http://www.w3.org/2005/Atom" rel="self" href="./sap/YHRO_OCM_APP_SRV/$metadata"/><atom:link xmlns:atom="http://www.w3.org/2005/Atom" rel="latest-version" href="./sap/YHRO_OCM_APP_SRV/$metadata"/></Schema>
	</edmx:DataServices>
</edmx:Edmx>