<edmx:Edmx xmlns:edmx="http://docs.oasis-open.org/odata/ns/edmx" Version="4.0">
	<edmx:Reference Uri="http://docs.oasis-open.org/odata/odata-data-aggregation-ext/v4.0/cs02/vocabularies/Org.OData.Aggregation.V1.xml">
		<edmx:Include Alias="Aggregation" Namespace="Org.OData.Aggregation.V1"/>
	</edmx:Reference>
	<edmx:Reference Uri="http://docs.oasis-open.org/odata/odata/v4.0/errata03/os/complete/vocabularies/Org.OData.Capabilities.V1.xml">
		<edmx:Include Alias="Capabilities" Namespace="Org.OData.Capabilities.V1"/>
	</edmx:Reference>
	<edmx:Reference Uri="https://wiki.scn.sap.com/wiki/download/attachments/448470974/Common.xml?api=v2">
		<edmx:Include Alias="Common" Namespace="com.sap.vocabularies.Common.v1"/>
	</edmx:Reference>
	<edmx:Reference Uri="https://wiki.scn.sap.com/wiki/download/attachments/448470971/Communication.xml?api=v2">
		<edmx:Include Alias="vCard" Namespace="com.sap.vocabularies.Communication.v1"/>
	</edmx:Reference>
	<edmx:Reference Uri="http://docs.oasis-open.org/odata/odata/v4.0/errata03/os/complete/vocabularies/Org.OData.Core.V1.xml">
		<edmx:Include Alias="Core" Namespace="Org.OData.Core.V1"/>
	</edmx:Reference>
	<edmx:Reference Uri="http://docs.oasis-open.org/odata/odata/v4.0/errata03/os/complete/vocabularies/Org.OData.Measures.V1.xml">
		<edmx:Include Alias="CQP" Namespace="Org.OData.Measures.V1"/>
	</edmx:Reference>
	<edmx:Reference Uri="https://wiki.scn.sap.com/wiki/download/attachments/448470968/UI.xml?api=v2">
		<edmx:Include Alias="UI" Namespace="com.sap.vocabularies.UI.v1"/>
	</edmx:Reference>
	<edmx:Reference Uri="https://oasis-tcs.github.io/odata-vocabularies/vocabularies/Org.OData.Authorization.V1.xml">
		<edmx:Include Alias="Auth" Namespace="Org.OData.Authorization.V1"/>
	</edmx:Reference>
	<edmx:Reference Uri="https://oasis-tcs.github.io/odata-vocabularies/vocabularies/Org.OData.Validation.V1.xml">
		<edmx:Include Alias="Validation" Namespace="Org.OData.Validation.V1"/>
	</edmx:Reference>
	<edmx:DataServices>
		<Schema xmlns="http://docs.oasis-open.org/odata/ns/edm">
			<Annotations Target="YMPSO_FI_CASHOPRN_OVP_SRV.ET_Collection_Display">
				<Annotation Term="UI.Chart" Qualifier="Collection">
					<Record Type="UI.ChartDefinitionType">
						<PropertyValue Property="ChartType" EnumMember="UI.ChartType/Column"/>
						<PropertyValue Property="Measures"/>
						<PropertyValue Property="MeasureAttributes">
							<Collection>
								<Record Type="UI.ChartMeasureAttributeType">
									<PropertyValue Property="Measure" PropertyPath="Manthly_Proj"/>
								</Record>
								<Record Type="UI.ChartMeasureAttributeType">
									<PropertyValue Property="Measure" PropertyPath="Daily_Proj"/>
								</Record>
								<Record Type="UI.ChartMeasureAttributeType">
									<PropertyValue Property="Measure" PropertyPath="Actuals"/>
								</Record>
							</Collection>
						</PropertyValue>
						<PropertyValue Property="Dimensions"/>
						<PropertyValue Property="DimensionAttributes">
							<Collection>
								<Record Type="UI.ChartDimensionAttributeType">
									<PropertyValue Property="Dimension" PropertyPath="Mnth"/>
								</Record>
							</Collection>
						</PropertyValue>
						<PropertyValue Property="Actions"/>
					</Record>
				</Annotation>
				<!-- Added by Debashish 23.1.2019 -->
				<Annotation Qualifier="collectiondisplay" Term="UI.Identification">
					<Collection>
						<Record Type="UI.DataFieldForIntentBasedNavigation">
							<PropertyValue Property="SemanticObject" String="ZTSLFI_CT00"/>
							<PropertyValue Property="Action" String="display"/>
						</Record>
					</Collection>
				</Annotation>
				<!--End of Addition by Debashish 28.1.2019-->
			</Annotations>
			<Annotations Target="YMPSO_FI_CASHOPRN_OVP_SRV.ET_MonthlyProjVsActualCollection">
				<Annotation Term="UI.Chart" Qualifier="MonthlyProjVsActualCollection">
					<Record Type="UI.ChartDefinitionType">
						<PropertyValue Property="ChartType" EnumMember="UI.ChartType/Combination"/>
						<PropertyValue Property="Measures"/>
						<PropertyValue Property="MeasureAttributes">
							<Collection>
								<Record Type="UI.ChartMeasureAttributeType">
									<PropertyValue Property="Measure" PropertyPath="Projection_Diff"/>
								</Record>
								<Record Type="UI.ChartMeasureAttributeType">
									<PropertyValue Property="Measure" PropertyPath="Variance"/>
								</Record>
							</Collection>
						</PropertyValue>
						<PropertyValue Property="Dimensions"/>
						<PropertyValue Property="DimensionAttributes">
							<Collection>
								<Record Type="UI.ChartDimensionAttributeType">
									<PropertyValue Property="Dimension" PropertyPath="Month"/>
								</Record>
							</Collection>
						</PropertyValue>
						<PropertyValue Property="Actions"/>
					</Record>
				</Annotation>
				<!-- Added by Debashish 30.1.2019 -->
				<Annotation Qualifier="monthlyprojvsactuals" Term="UI.Identification">
					<Collection>
						<Record Type="UI.DataFieldForIntentBasedNavigation">
							<PropertyValue Property="SemanticObject" String="ZTSLFI_CT01"/>
							<PropertyValue Property="Action" String="display"/>
						</Record>
					</Collection>
				</Annotation>
				<!--End of Addition by Debashish 30.1.2019-->
			</Annotations>
			<Annotations Target="YMPSO_FI_CASHOPRN_OVP_SRV.ET_DailyProjvsActualCollection">
				<Annotation Term="UI.Chart" Qualifier="DailyProjVsActualCollection">
					<Record Type="UI.ChartDefinitionType">
						<PropertyValue Property="ChartType" EnumMember="UI.ChartType/Combination"/>
						<PropertyValue Property="Measures"/>
						<PropertyValue Property="MeasureAttributes">
							<Collection>
								<Record Type="UI.ChartMeasureAttributeType">
									<PropertyValue Property="Measure" PropertyPath="Projection_Diff"/>
								</Record>
								<Record Type="UI.ChartMeasureAttributeType">
									<PropertyValue Property="Measure" PropertyPath="Variance"/>
								</Record>
							</Collection>
						</PropertyValue>
						<PropertyValue Property="Dimensions"/>
						<PropertyValue Property="DimensionAttributes">
							<Collection>
								<Record Type="UI.ChartDimensionAttributeType">
									<PropertyValue Property="Dimension" PropertyPath="Month"/>
								</Record>
							</Collection>
						</PropertyValue>
						<PropertyValue Property="Actions"/>
					</Record>
				</Annotation>
				<!-- Added by Debashish 30.1.2019 -->
				<Annotation Qualifier="dailyprojvsactuals" Term="UI.Identification">
					<Collection>
						<Record Type="UI.DataFieldForIntentBasedNavigation">
							<PropertyValue Property="SemanticObject" String="ZTSLFI_CT02"/>
							<PropertyValue Property="Action" String="display"/>
						</Record>
					</Collection>
				</Annotation>
				<!--End of Addition by Debashish 30.1.2019-->
			</Annotations>
			<Annotations Target="YMPSO_FI_CASHOPRN_OVP_SRV.ET_MonthlyProjVsActualPayments">
				<Annotation Term="UI.Chart" Qualifier="MonthlyProjVsActualPayments">
					<Record Type="UI.ChartDefinitionType">
						<PropertyValue Property="ChartType" EnumMember="UI.ChartType/Column"/>
						<PropertyValue Property="Measures"/>
						<PropertyValue Property="MeasureAttributes">
							<Collection>
								<Record Type="UI.ChartMeasureAttributeType">
									<PropertyValue Property="Measure" PropertyPath="Monthly_Proj"/>
								</Record>
								<Record Type="UI.ChartMeasureAttributeType">
									<PropertyValue Property="Measure" PropertyPath="Actuals"/>
								</Record>
							</Collection>
						</PropertyValue>
						<PropertyValue Property="Dimensions"/>
						<PropertyValue Property="DimensionAttributes">
							<Collection>
								<Record Type="UI.ChartDimensionAttributeType">
									<PropertyValue Property="Dimension" PropertyPath="Month"/>
								</Record>
							</Collection>
						</PropertyValue>
						<PropertyValue Property="Actions"/>
					</Record>
				</Annotation>
				<!-- Added by Debashish 30.1.2019 -->
				<Annotation Qualifier="monthlyprojvsactualspayments" Term="UI.Identification">
					<Collection>
						<Record Type="UI.DataFieldForIntentBasedNavigation">
							<PropertyValue Property="SemanticObject" String="ZTSLFI_CT03"/>
							<PropertyValue Property="Action" String="display"/>
						</Record>
					</Collection>
				</Annotation>
				<!--End of Addition by Debashish 30.1.2019-->
			</Annotations>
			<Annotations Target="YMPSO_FI_CASHOPRN_OVP_SRV.ET_PaymentsMnthVsActualDiff">
				<Annotation Term="UI.Chart" Qualifier="MonthlyProjVsActualPaymentDiff">
					<Record Type="UI.ChartDefinitionType">
						<PropertyValue Property="ChartType" EnumMember="UI.ChartType/Combination"/>
						<PropertyValue Property="Measures"/>
						<PropertyValue Property="MeasureAttributes">
							<Collection>
								<Record Type="UI.ChartMeasureAttributeType">
									<PropertyValue Property="Measure" PropertyPath="Projection_Diff"/>
								</Record>
								<Record Type="UI.ChartMeasureAttributeType">
									<PropertyValue Property="Measure" PropertyPath="Variance"/>
								</Record>
							</Collection>
						</PropertyValue>
						<PropertyValue Property="Dimensions"/>
						<PropertyValue Property="DimensionAttributes">
							<Collection>
								<Record Type="UI.ChartDimensionAttributeType">
									<PropertyValue Property="Dimension" PropertyPath="Month"/>
								</Record>
							</Collection>
						</PropertyValue>
						<PropertyValue Property="Actions"/>
					</Record>
				</Annotation>
				<!-- Added by Debashish 30.1.2019 -->
				<Annotation Qualifier="projvsactualdiff" Term="UI.Identification">
					<Collection>
						<Record Type="UI.DataFieldForIntentBasedNavigation">
							<PropertyValue Property="SemanticObject" String="ZTSLFI_CT04"/>
							<PropertyValue Property="Action" String="display"/>
						</Record>
					</Collection>
				</Annotation>
				<!--End of Addition by Debashish 30.1.2019-->
			</Annotations>
			<Annotations Target="YMPSO_FI_CASHOPRN_OVP_SRV.ET_ActualCollVsActualPayment">
				<Annotation Term="UI.Chart" Qualifier="CollectionVsPayments">
					<Record Type="UI.ChartDefinitionType">
						<PropertyValue Property="ChartType" EnumMember="UI.ChartType/Column"/>
						<PropertyValue Property="Measures"/>
						<PropertyValue Property="MeasureAttributes">
							<Collection>
								<Record Type="UI.ChartMeasureAttributeType">
									<PropertyValue Property="Measure" PropertyPath="Collection"/>
								</Record>
								<Record Type="UI.ChartMeasureAttributeType">
									<PropertyValue Property="Measure" PropertyPath="Payment"/>
								</Record>
							</Collection>
						</PropertyValue>
						<PropertyValue Property="Dimensions"/>
						<PropertyValue Property="DimensionAttributes">
							<Collection>
								<Record Type="UI.ChartDimensionAttributeType">
									<PropertyValue Property="Dimension" PropertyPath="Month"/>
								</Record>
							</Collection>
						</PropertyValue>
						<PropertyValue Property="Actions"/>
					</Record>
				</Annotation>
				<!-- Added by Debashish 30.1.2019 -->
				<Annotation Qualifier="collectionvspayments" Term="UI.Identification">
					<Collection>
						<Record Type="UI.DataFieldForIntentBasedNavigation">
							<PropertyValue Property="SemanticObject" String="ZTSLFI_CT05"/>
							<PropertyValue Property="Action" String="display"/>
						</Record>
					</Collection>
				</Annotation>
				<!--End of Addition by Debashish 30.1.2019-->
			</Annotations>
			<Annotations Target="YMPSO_FI_CASHOPRN_OVP_SRV.ET_TotalActualCollection">
				<Annotation Term="UI.Chart" Qualifier="ActualCollectionTrend">
					<Record Type="UI.ChartDefinitionType">
						<PropertyValue Property="ChartType" EnumMember="UI.ChartType/Column"/>
						<PropertyValue Property="Measures"/>
						<PropertyValue Property="MeasureAttributes">
							<Collection>
								<Record Type="UI.ChartMeasureAttributeType">
									<PropertyValue Property="Measure" PropertyPath="Monthly_Collection"/>
								</Record>
							</Collection>
						</PropertyValue>
						<PropertyValue Property="Dimensions"/>
						<PropertyValue Property="DimensionAttributes">
							<Collection>
								<Record Type="UI.ChartDimensionAttributeType">
									<PropertyValue Property="Dimension" PropertyPath="Month"/>
								</Record>
							</Collection>
						</PropertyValue>
						<PropertyValue Property="Actions"/>
					</Record>
				</Annotation>
				<!-- Added by Debashish 30.1.2019 -->
				<Annotation Qualifier="trendactualcol" Term="UI.Identification">
					<Collection>
						<Record Type="UI.DataFieldForIntentBasedNavigation">
							<PropertyValue Property="SemanticObject" String="ZTSLFI_CT06"/>
							<PropertyValue Property="Action" String="display"/>
						</Record>
					</Collection>
				</Annotation>
				<!--End of Addition by Debashish 30.1.2019-->
			</Annotations>
			<Annotations Target="YMPSO_FI_CASHOPRN_OVP_SRV.ET_TotalActualPayment">
				<Annotation Term="UI.Chart" Qualifier="ActualPaymentTrend">
					<Record Type="UI.ChartDefinitionType">
						<PropertyValue Property="ChartType" EnumMember="UI.ChartType/Column"/>
						<PropertyValue Property="Measures"/>
						<PropertyValue Property="MeasureAttributes">
							<Collection>
								<Record Type="UI.ChartMeasureAttributeType">
									<PropertyValue Property="Measure" PropertyPath="Payment"/>
								</Record>
							</Collection>
						</PropertyValue>
						<PropertyValue Property="Dimensions"/>
						<PropertyValue Property="DimensionAttributes">
							<Collection>
								<Record Type="UI.ChartDimensionAttributeType">
									<PropertyValue Property="Dimension" PropertyPath="Month"/>
								</Record>
							</Collection>
						</PropertyValue>
						<PropertyValue Property="Actions"/>
					</Record>
				</Annotation>
				<!-- Added by Debashish 30.1.2019 -->
				<Annotation Qualifier="trendactualpay" Term="UI.Identification">
					<Collection>
						<Record Type="UI.DataFieldForIntentBasedNavigation">
							<PropertyValue Property="SemanticObject" String="ZTSLFI_CT07"/>
							<PropertyValue Property="Action" String="display"/>
						</Record>
					</Collection>
				</Annotation>
				<!--End of Addition by Debashish 30.1.2019-->
			</Annotations>
			<Annotations Target="YMPSO_FI_CASHOPRN_OVP_SRV.ET_ActualCollection">
				<Annotation Term="UI.Chart" Qualifier="ActualCollection">
					<Record Type="UI.ChartDefinitionType">
						<PropertyValue Property="ChartType" EnumMember="UI.ChartType/Donut"/>
						<PropertyValue Property="Measures"/>
						<PropertyValue Property="MeasureAttributes">
							<Collection>
								<Record Type="UI.ChartMeasureAttributeType">
									<PropertyValue Property="Measure" PropertyPath="Collection"/>
								</Record>
							</Collection>
						</PropertyValue>
						<PropertyValue Property="Dimensions"/>
						<PropertyValue Property="DimensionAttributes">
							<Collection>
								<Record Type="UI.ChartDimensionAttributeType">
									<PropertyValue Property="Dimension" PropertyPath="Particulars"/>
								</Record>
							</Collection>
						</PropertyValue>
						<PropertyValue Property="Actions"/>
					</Record>
				</Annotation>
				<!-- Added by Debashish 30.1.2019 -->
				<Annotation Qualifier="actualcollection" Term="UI.Identification">
					<Collection>
						<Record Type="UI.DataFieldForIntentBasedNavigation">
							<PropertyValue Property="SemanticObject" String="ZTSLFI_CT08"/>
							<PropertyValue Property="Action" String="display"/>
						</Record>
					</Collection>
				</Annotation>
				<!--End of Addition by Debashish 30.1.2019-->
			</Annotations>
			<Annotations Target="YMPSO_FI_CASHOPRN_OVP_SRV.ET_ActualPayments">
				<Annotation Term="UI.Chart" Qualifier="ActualPayment">
					<Record Type="UI.ChartDefinitionType">
						<PropertyValue Property="ChartType" EnumMember="UI.ChartType/Donut"/>
						<PropertyValue Property="Measures"/>
						<PropertyValue Property="MeasureAttributes">
							<Collection>
								<Record Type="UI.ChartMeasureAttributeType">
									<PropertyValue Property="Measure" PropertyPath="Payments"/>
								</Record>
							</Collection>
						</PropertyValue>
						<PropertyValue Property="Dimensions"/>
						<PropertyValue Property="DimensionAttributes">
							<Collection>
								<Record Type="UI.ChartDimensionAttributeType">
									<PropertyValue Property="Dimension" PropertyPath="Particulars"/>
								</Record>
							</Collection>
						</PropertyValue>
						<PropertyValue Property="Actions"/>
					</Record>
				</Annotation>
				<!-- Added by Debashish 30.1.2019 -->
				<Annotation Qualifier="actualpayment" Term="UI.Identification">
					<Collection>
						<Record Type="UI.DataFieldForIntentBasedNavigation">
							<PropertyValue Property="SemanticObject" String="ZTSLFI_CT09"/>
							<PropertyValue Property="Action" String="display"/>
						</Record>
					</Collection>
				</Annotation>
				<!--End of Addition by Debashish 30.1.2019-->
			</Annotations>
		</Schema>
	</edmx:DataServices>
</edmx:Edmx>