{
    "resources": [
        {
            "name": ".user.project.json"
        },
        {
            "name": "manifest.json"
        },
        {
            "name": "model/models.js"
        },
        {
            "name": "model/formatter.js"
        },
        {
            "name": "neo-app.json"
        },
        {
            "name": "Component-preload.js",
            "merged": true
        },
        {
            "name": "resources.json",
            "merged": true
        },
        {
            "name": "i18n/i18n.properties",
            "raw": "i18n/i18n.properties"
        },
        {
            "name": "controller/App.controller.js"
        },
        {
            "name": "controller/VendorPayable_DD2.controller.js"
        },
        {
            "name": "controller/VendorsPayable.controller.js"
        },
        {
            "name": "localService/metadata.xml"
        },
        {
            "name": "localService/YMFACV_P2P_DASHBOARD_SRV/metadata.xml"
        },
        {
            "name": "css/style.css"
        },
        {
            "name": ".project.json"
        },
        {
            "name": "view/App.view.xml"
        },
        {
            "name": "view/VendorPayable_DD2.view.xml"
        },
        {
            "name": "view/VendorsPayable.view.xml"
        },
        {
            "name": "index.html"
        },
        {
            "name": "Component.js"
        }
    ]
}