{
    "resources": [
        {
            "name": "util/ModelUtils.js"
        },
        {
            "name": "util/Validator.js"
        },
        {
            "name": "util/Formatter-dbg.js"
        },
        {
            "name": "util/ModelUtils-dbg.js"
        },
        {
            "name": "util/Formatter.js"
        },
        {
            "name": "util/Validator-dbg.js"
        },
        {
            "name": "index.html"
        },
        {
            "name": "localService/YMSDOD_DELIVERYORDER_CREATE_SRV/metadata.xml"
        },
        {
            "name": "localService/metadata.xml"
        },
        {
            "name": "css/style.css"
        },
        {
            "name": "i18n/i18n.properties",
            "raw": "i18n/i18n.properties"
        },
        {
            "name": "manifest.json"
        },
        {
            "name": "model/models.js"
        },
        {
            "name": "view/OrderHeader.view.xml"
        },
        {
            "name": "view/PlaceOrder.view.xml"
        },
        {
            "name": "view/OderDetails.view.xml"
        },
        {
            "name": "view/UpdateItem.fragment.xml"
        },
        {
            "name": "controller/OrderHeader.controller.js"
        },
        {
            "name": "controller/OderDetails.controller.js"
        },
        {
            "name": "controller/PlaceOrder.controller.js"
        },
        {
            "name": "Component.js"
        },
        {
            "name": "Component-preload.js",
            "merged": true
        },
        {
            "name": "neo-app.json"
        }
    ]
}