<edmx:Edmx
    xmlns:edmx="http://schemas.microsoft.com/ado/2007/06/edmx"
    xmlns:m="http://schemas.microsoft.com/ado/2007/08/dataservices/metadata"
    xmlns:sap="http://www.sap.com/Protocols/SAPData" Version="1.0">
    <edmx:DataServices m:DataServiceVersion="2.0">
        <Schema
            xmlns="http://schemas.microsoft.com/ado/2008/09/edm" Namespace="YMSDOD_SALESORDER_COPY_N_SRV" xml:lang="en" sap:schema-version="1">
            <EntityType Name="Configuration" sap:content-version="1">
                <Key>
                    <PropertyRef Name="Vbeln"/>
                    <PropertyRef Name="Posnr"/>
                </Key>
                <Property Name="Vbeln" Type="Edm.String" Nullable="false" MaxLength="10" sap:unicode="false" sap:label="Sales Document" sap:creatable="false" sap:updatable="false" sap:sortable="false" sap:filterable="false"/>
                <Property Name="Posnr" Type="Edm.String" Nullable="false" MaxLength="6" sap:unicode="false" sap:label="Item" sap:creatable="false" sap:updatable="false" sap:sortable="false" sap:filterable="false"/>
                <Property Name="NewVbeln" Type="Edm.String" Nullable="false" MaxLength="10" sap:unicode="false" sap:label="Sales Document" sap:creatable="false" sap:updatable="false" sap:sortable="false" sap:filterable="false"/>
                <Property Name="Flag" Type="Edm.String" Nullable="false" MaxLength="5" sap:unicode="false" sap:label="Flag for action check" sap:creatable="false" sap:updatable="false" sap:sortable="false" sap:filterable="false"/>
                <Property Name="Cuobj" Type="Edm.String" Nullable="false" MaxLength="18" sap:unicode="false" sap:label="Int. object no." sap:creatable="false" sap:updatable="false" sap:sortable="false" sap:filterable="false"/>
                <Property Name="ProductCode" Type="Edm.String" Nullable="false" MaxLength="30" sap:unicode="false" sap:label="Description" sap:creatable="false" sap:updatable="false" sap:sortable="false" sap:filterable="false"/>
                <Property Name="QualityCode" Type="Edm.String" Nullable="false" MaxLength="30" sap:unicode="false" sap:label="Description" sap:creatable="false" sap:updatable="false" sap:sortable="false" sap:filterable="false"/>
                <Property Name="BaseQualityCode" Type="Edm.String" Nullable="false" MaxLength="30" sap:unicode="false" sap:label="Description" sap:creatable="false" sap:updatable="false" sap:sortable="false" sap:filterable="false"/>
                <Property Name="TdcNo" Type="Edm.String" Nullable="false" MaxLength="30" sap:unicode="false" sap:label="Description" sap:creatable="false" sap:updatable="false" sap:sortable="false" sap:filterable="false"/>
                <Property Name="ThkCr" Type="Edm.String" Nullable="false" MaxLength="30" sap:unicode="false" sap:label="Description" sap:creatable="false" sap:updatable="false" sap:sortable="false" sap:filterable="false"/>
                <Property Name="Wid" Type="Edm.String" Nullable="false" MaxLength="30" sap:unicode="false" sap:label="Description" sap:creatable="false" sap:updatable="false" sap:sortable="false" sap:filterable="false"/>
                <Property Name="SurfRuf" Type="Edm.String" Nullable="false" MaxLength="30" sap:unicode="false" sap:label="Description" sap:creatable="false" sap:updatable="false" sap:sortable="false" sap:filterable="false"/>
                <Property Name="OlgTyp" Type="Edm.String" Nullable="false" MaxLength="30" sap:unicode="false" sap:label="Description" sap:creatable="false" sap:updatable="false" sap:sortable="false" sap:filterable="false"/>
                <Property Name="MrkDim" Type="Edm.String" Nullable="false" MaxLength="30" sap:unicode="false" sap:label="Description" sap:creatable="false" sap:updatable="false" sap:sortable="false" sap:filterable="false"/>
                <Property Name="MrkDest" Type="Edm.String" Nullable="false" MaxLength="30" sap:unicode="false" sap:label="Description" sap:creatable="false" sap:updatable="false" sap:sortable="false" sap:filterable="false"/>
                <Property Name="MrkCustNm" Type="Edm.String" Nullable="false" MaxLength="30" sap:unicode="false" sap:label="Description" sap:creatable="false" sap:updatable="false" sap:sortable="false" sap:filterable="false"/>
                <Property Name="MrkGrade" Type="Edm.String" Nullable="false" MaxLength="30" sap:unicode="false" sap:label="Description" sap:creatable="false" sap:updatable="false" sap:sortable="false" sap:filterable="false"/>
                <Property Name="MrkSpecNm" Type="Edm.String" Nullable="false" MaxLength="30" sap:unicode="false" sap:label="Description" sap:creatable="false" sap:updatable="false" sap:sortable="false" sap:filterable="false"/>
                <Property Name="MrkProdNm" Type="Edm.String" Nullable="false" MaxLength="30" sap:unicode="false" sap:label="Description" sap:creatable="false" sap:updatable="false" sap:sortable="false" sap:filterable="false"/>
                <Property Name="EndUseCd" Type="Edm.String" Nullable="false" MaxLength="30" sap:unicode="false" sap:label="Description" sap:creatable="false" sap:updatable="false" sap:sortable="false" sap:filterable="false"/>
                <Property Name="CoilIdCr" Type="Edm.String" Nullable="false" MaxLength="30" sap:unicode="false" sap:label="Description" sap:creatable="false" sap:updatable="false" sap:sortable="false" sap:filterable="false"/>
                <Property Name="CoilOdMax" Type="Edm.String" Nullable="false" MaxLength="30" sap:unicode="false" sap:label="Description" sap:creatable="false" sap:updatable="false" sap:sortable="false" sap:filterable="false"/>
                <Property Name="PkgMeth" Type="Edm.String" Nullable="false" MaxLength="30" sap:unicode="false" sap:label="Description" sap:creatable="false" sap:updatable="false" sap:sortable="false" sap:filterable="false"/>
                <Property Name="OrderEdge" Type="Edm.String" Nullable="false" MaxLength="30" sap:unicode="false" sap:label="Description" sap:creatable="false" sap:updatable="false" sap:sortable="false" sap:filterable="false"/>
                <Property Name="SurfMode" Type="Edm.String" Nullable="false" MaxLength="30" sap:unicode="false" sap:label="Description" sap:creatable="false" sap:updatable="false" sap:sortable="false" sap:filterable="false"/>
                <Property Name="IntTol" Type="Edm.String" Nullable="false" MaxLength="30" sap:unicode="false" sap:label="Description" sap:creatable="false" sap:updatable="false" sap:sortable="false" sap:filterable="false"/>
                <Property Name="PklWp" Type="Edm.String" Nullable="false" MaxLength="30" sap:unicode="false" sap:label="Description" sap:creatable="false" sap:updatable="false" sap:sortable="false" sap:filterable="false"/>
                <Property Name="ProdWp" Type="Edm.String" Nullable="false" MaxLength="30" sap:unicode="false" sap:label="Description" sap:creatable="false" sap:updatable="false" sap:sortable="false" sap:filterable="false"/>
                <Property Name="Sleeve" Type="Edm.String" Nullable="false" MaxLength="30" sap:unicode="false" sap:label="Description" sap:creatable="false" sap:updatable="false" sap:sortable="false" sap:filterable="false"/>
                <Property Name="PkgWtClass" Type="Edm.String" Nullable="false" MaxLength="30" sap:unicode="false" sap:label="Description" sap:creatable="false" sap:updatable="false" sap:sortable="false" sap:filterable="false"/>
                <Property Name="OlgMin" Type="Edm.String" Nullable="false" MaxLength="30" sap:unicode="false" sap:label="Description" sap:creatable="false" sap:updatable="false" sap:sortable="false" sap:filterable="false"/>
                <Property Name="OlgMax" Type="Edm.String" Nullable="false" MaxLength="30" sap:unicode="false" sap:label="Description" sap:creatable="false" sap:updatable="false" sap:sortable="false" sap:filterable="false"/>
                <Property Name="CoilWtAim" Type="Edm.String" Nullable="false" MaxLength="30" sap:unicode="false" sap:label="Description" sap:creatable="false" sap:updatable="false" sap:sortable="false" sap:filterable="false"/>
                <Property Name="CoilWtMin" Type="Edm.String" Nullable="false" MaxLength="30" sap:unicode="false" sap:label="Description" sap:creatable="false" sap:updatable="false" sap:sortable="false" sap:filterable="false"/>
                <Property Name="CoilWtMax" Type="Edm.String" Nullable="false" MaxLength="30" sap:unicode="false" sap:label="Description" sap:creatable="false" sap:updatable="false" sap:sortable="false" sap:filterable="false"/>
                <Property Name="BabyClWtMin" Type="Edm.String" Nullable="false" MaxLength="30" sap:unicode="false" sap:label="Description" sap:creatable="false" sap:updatable="false" sap:sortable="false" sap:filterable="false"/>
                <Property Name="BabyClWtMax" Type="Edm.String" Nullable="false" MaxLength="30" sap:unicode="false" sap:label="Description" sap:creatable="false" sap:updatable="false" sap:sortable="false" sap:filterable="false"/>
                <Property Name="BabyCoilAlow" Type="Edm.String" Nullable="false" MaxLength="30" sap:unicode="false" sap:label="Description" sap:creatable="false" sap:updatable="false" sap:sortable="false" sap:filterable="false"/>
                <Property Name="Rev" Type="Edm.String" Nullable="false" MaxLength="30" sap:unicode="false" sap:label="Description" sap:creatable="false" sap:updatable="false" sap:sortable="false" sap:filterable="false"/>
                <Property Name="ColCd" Type="Edm.String" Nullable="false" MaxLength="30" sap:unicode="false" sap:label="Description" sap:creatable="false" sap:updatable="false" sap:sortable="false" sap:filterable="false"/>
                <Property Name="PackCrCost" Type="Edm.String" Nullable="false" MaxLength="30" sap:unicode="false" sap:label="Description" sap:creatable="false" sap:updatable="false" sap:sortable="false" sap:filterable="false"/>
                <Property Name="Grade" Type="Edm.String" Nullable="false" MaxLength="30" sap:unicode="false" sap:label="Description" sap:creatable="false" sap:updatable="false" sap:sortable="false" sap:filterable="false"/>
                <Property Name="MaterialCategory" Type="Edm.String" Nullable="false" MaxLength="30" sap:unicode="false" sap:label="Description" sap:creatable="false" sap:updatable="false" sap:sortable="false" sap:filterable="false"/>
                <Property Name="JpcCategory" Type="Edm.String" Nullable="false" MaxLength="30" sap:unicode="false" sap:label="Description" sap:creatable="false" sap:updatable="false" sap:sortable="false" sap:filterable="false"/>
                <Property Name="ProductGroup" Type="Edm.String" Nullable="false" MaxLength="30" sap:unicode="false" sap:label="Description" sap:creatable="false" sap:updatable="false" sap:sortable="false" sap:filterable="false"/>
                <Property Name="QualityCategory" Type="Edm.String" Nullable="false" MaxLength="30" sap:unicode="false" sap:label="Description" sap:creatable="false" sap:updatable="false" sap:sortable="false" sap:filterable="false"/>
                <Property Name="TocCust" Type="Edm.String" Nullable="false" MaxLength="30" sap:unicode="false" sap:label="Description" sap:creatable="false" sap:updatable="false" sap:sortable="false" sap:filterable="false"/>
                <Property Name="ReasonCode" Type="Edm.String" Nullable="false" MaxLength="30" sap:unicode="false" sap:label="Description" sap:creatable="false" sap:updatable="false" sap:sortable="false" sap:filterable="false"/>
                <Property Name="TrackingNo" Type="Edm.String" Nullable="false" MaxLength="30" sap:unicode="false" sap:label="Description" sap:creatable="false" sap:updatable="false" sap:sortable="false" sap:filterable="false"/>
                <Property Name="MarkingDestination" Type="Edm.String" Nullable="false" MaxLength="30" sap:unicode="false" sap:label="Description" sap:creatable="false" sap:updatable="false" sap:sortable="false" sap:filterable="false"/>
                <Property Name="ShippingMark" Type="Edm.String" Nullable="false" MaxLength="30" sap:unicode="false" sap:label="Description" sap:creatable="false" sap:updatable="false" sap:sortable="false" sap:filterable="false"/>
            </EntityType>
            <EntityType Name="ConfigurationBapiCuval" sap:content-version="1">
                <Key>
                    <PropertyRef Name="Charc"/>
                    <PropertyRef Name="Value"/>
                </Key>
                <Property Name="ConfigId" Type="Edm.String" Nullable="false" MaxLength="6" sap:unicode="false" sap:label="Configuration ID" sap:creatable="false" sap:updatable="false" sap:sortable="false" sap:filterable="false"/>
                <Property Name="InstId" Type="Edm.String" Nullable="false" MaxLength="8" sap:unicode="false" sap:label="Instance Number" sap:creatable="false" sap:updatable="false" sap:sortable="false" sap:filterable="false"/>
                <Property Name="Charc" Type="Edm.String" Nullable="false" MaxLength="40" sap:unicode="false" sap:label="Char. Name" sap:creatable="false" sap:updatable="false" sap:sortable="false" sap:filterable="false"/>
                <Property Name="CharcTxt" Type="Edm.String" Nullable="false" MaxLength="70" sap:unicode="false" sap:label="Char. Description" sap:creatable="false" sap:updatable="false" sap:sortable="false" sap:filterable="false"/>
                <Property Name="Value" Type="Edm.String" Nullable="false" MaxLength="40" sap:unicode="false" sap:label="Char. Value" sap:creatable="false" sap:updatable="false" sap:sortable="false" sap:filterable="false"/>
                <Property Name="ValueTxt" Type="Edm.String" Nullable="false" MaxLength="70" sap:unicode="false" sap:label="Value Descript." sap:creatable="false" sap:updatable="false" sap:sortable="false" sap:filterable="false"/>
                <Property Name="Author" Type="Edm.String" Nullable="false" MaxLength="1" sap:unicode="false" sap:label="Inferred" sap:creatable="false" sap:updatable="false" sap:sortable="false" sap:filterable="false"/>
                <Property Name="ValueTo" Type="Edm.String" Nullable="false" MaxLength="40" sap:unicode="false" sap:label="Char. Value" sap:creatable="false" sap:updatable="false" sap:sortable="false" sap:filterable="false"/>
                <Property Name="Valcode" Type="Edm.String" Nullable="false" MaxLength="1" sap:unicode="false" sap:label="Value Type" sap:creatable="false" sap:updatable="false" sap:sortable="false" sap:filterable="false"/>
                <Property Name="ValueLong" Type="Edm.String" Nullable="false" MaxLength="70" sap:unicode="false" sap:label="Char. Value" sap:creatable="false" sap:updatable="false" sap:sortable="false" sap:filterable="false"/>
                <Property Name="ValueToLong" Type="Edm.String" Nullable="false" MaxLength="70" sap:unicode="false" sap:label="Char. Value" sap:creatable="false" sap:updatable="false" sap:sortable="false" sap:filterable="false"/>
            </EntityType>
            <EntityType Name="PartnerAddress" sap:content-version="1">
                <Key>
                    <PropertyRef Name="CustomerID"/>
                    <PropertyRef Name="PartnerID"/>
                </Key>
                <Property Name="CustomerID" Type="Edm.String" Nullable="false" MaxLength="10" sap:unicode="false" sap:label="Customer ID" sap:creatable="false" sap:updatable="false" sap:sortable="false" sap:filterable="false"/>
                <Property Name="PartnerID" Type="Edm.String" Nullable="false" m:FC_TargetPath="SyndicationTitle" m:FC_KeepInContent="true" sap:unicode="false" sap:label="Partner ID" sap:creatable="false" sap:updatable="false" sap:sortable="false" sap:filterable="false"/>
                <Property Name="SalesOrganization" Type="Edm.String" sap:unicode="false" sap:label="Sales Organization" sap:creatable="false" sap:updatable="false" sap:sortable="false" sap:filterable="false"/>
                <Property Name="DistributionChannel" Type="Edm.String" sap:unicode="false" sap:label="Distribution Channel" sap:creatable="false" sap:updatable="false" sap:sortable="false" sap:filterable="false"/>
                <Property Name="Division" Type="Edm.String" sap:unicode="false" sap:label="Division" sap:creatable="false" sap:updatable="false" sap:sortable="false" sap:filterable="false"/>
                <Property Name="VBELN" Type="Edm.String" Nullable="false" MaxLength="10" sap:unicode="false" sap:label="Sales Order Number" sap:creatable="false" sap:updatable="false" sap:sortable="false" sap:filterable="false"/>
                <Property Name="PartnerType" Type="Edm.String" sap:unicode="false" sap:label="Partner Type" sap:creatable="false" sap:updatable="false" sap:sortable="false" sap:filterable="false"/>
                <Property Name="PartnerName" Type="Edm.String" sap:unicode="false" sap:label="Partner Name" sap:creatable="false" sap:updatable="false" sap:sortable="false" sap:filterable="false"/>
                <Property Name="PartnerName2" Type="Edm.String" sap:unicode="false" sap:label="Partner Name 2" sap:creatable="false" sap:updatable="false" sap:sortable="false" sap:filterable="false"/>
                <Property Name="ShipToAddress1" Type="Edm.String" MaxLength="35" sap:unicode="false" sap:label="Ship to Address Line 1" sap:creatable="false" sap:updatable="false" sap:sortable="false" sap:filterable="false"/>
                <Property Name="ShipToAddress2" Type="Edm.String" MaxLength="35" sap:unicode="false" sap:label="Ship to Address Line 2" sap:creatable="false" sap:updatable="false" sap:sortable="false" sap:filterable="false"/>
                <Property Name="ShipToCity" Type="Edm.String" MaxLength="35" sap:unicode="false" sap:label="Ship to City" sap:creatable="false" sap:updatable="false" sap:sortable="false" sap:filterable="false"/>
                <Property Name="ShipToCountryCode" Type="Edm.String" MaxLength="3" sap:unicode="false" sap:label="Ship to Country" sap:creatable="false" sap:updatable="false" sap:sortable="false" sap:filterable="false"/>
                <Property Name="ShipToCountryName" Type="Edm.String" sap:unicode="false" sap:label="Ship to Country" sap:creatable="false" sap:updatable="false" sap:sortable="false" sap:filterable="false"/>
                <Property Name="ShipToRegionCode" Type="Edm.String" MaxLength="3" sap:unicode="false" sap:label="Ship to Region" sap:creatable="false" sap:updatable="false" sap:sortable="false" sap:filterable="false"/>
                <Property Name="ShipToRegionName" Type="Edm.String" sap:unicode="false" sap:label="Ship to Region" sap:creatable="false" sap:updatable="false" sap:sortable="false" sap:filterable="false"/>
                <Property Name="ShipToPostalCode" Type="Edm.String" MaxLength="10" sap:unicode="false" sap:label="Ship to Postal Code" sap:creatable="false" sap:updatable="false" sap:sortable="false" sap:filterable="false"/>
                <Property Name="ShipToTelephone" Type="Edm.String" MaxLength="16" sap:unicode="false" sap:label="Ship to Telephone" sap:creatable="false" sap:updatable="false" sap:sortable="false" sap:filterable="false"/>
                <Property Name="FormattedAddress1" Type="Edm.String" sap:unicode="false" sap:label="Formatted Address Line 1" sap:creatable="false" sap:updatable="false" sap:sortable="false" sap:filterable="false"/>
                <Property Name="FormattedAddress2" Type="Edm.String" sap:unicode="false" sap:label="Formatted Address Line 2" sap:creatable="false" sap:updatable="false" sap:sortable="false" sap:filterable="false"/>
                <Property Name="FormattedAddress3" Type="Edm.String" sap:unicode="false" sap:label="Formatted Address Line 3" sap:creatable="false" sap:updatable="false" sap:sortable="false" sap:filterable="false"/>
                <Property Name="FormattedAddress4" Type="Edm.String" sap:unicode="false" sap:label="Formatted Address Line 4" sap:creatable="false" sap:updatable="false" sap:sortable="false" sap:filterable="false"/>
                <Property Name="FormattedAddress5" Type="Edm.String" sap:unicode="false" sap:label="Formatted Address Line 5" sap:creatable="false" sap:updatable="false" sap:sortable="false" sap:filterable="false"/>
                <Property Name="FormattedAddress6" Type="Edm.String" sap:unicode="false" sap:label="Formatted Address Line 6" sap:creatable="false" sap:updatable="false" sap:sortable="false" sap:filterable="false"/>
                <Property Name="FormattedAddress7" Type="Edm.String" sap:unicode="false" sap:label="Formatted Address Line 7" sap:creatable="false" sap:updatable="false" sap:sortable="false" sap:filterable="false"/>
                <Property Name="FormattedAddress8" Type="Edm.String" sap:unicode="false" sap:label="Formatted Address Line 8" sap:creatable="false" sap:updatable="false" sap:sortable="false" sap:filterable="false"/>
                <Property Name="FormattedAddress9" Type="Edm.String" sap:unicode="false" sap:label="Formatted Address Line 9" sap:creatable="false" sap:updatable="false" sap:sortable="false" sap:filterable="false"/>
            </EntityType>
            <EntityType Name="Customer" sap:content-version="1">
                <Key>
                    <PropertyRef Name="CustomerID"/>
                    <PropertyRef Name="SalesOrganization"/>
                    <PropertyRef Name="DistributionChannel"/>
                    <PropertyRef Name="Division"/>
                </Key>
                <Property Name="CustomerID" Type="Edm.String" Nullable="false" MaxLength="10" m:FC_TargetPath="SyndicationTitle" m:FC_KeepInContent="true" sap:unicode="false" sap:label="Customer Number" sap:creatable="false" sap:updatable="false" sap:sortable="false" sap:filterable="false"/>
                <Property Name="CustomerName" Type="Edm.String" MaxLength="35" sap:unicode="false" sap:label="Customer" sap:creatable="false" sap:updatable="false" sap:sortable="false" sap:filterable="false"/>
                <Property Name="SalesOrganization" Type="Edm.String" Nullable="false" MaxLength="4" sap:unicode="false" sap:label="Sales Organization" sap:creatable="false" sap:updatable="false" sap:sortable="false" sap:filterable="false"/>
                <Property Name="DistributionChannel" Type="Edm.String" Nullable="false" MaxLength="2" sap:unicode="false" sap:label="Distribution Channel" sap:creatable="false" sap:updatable="false" sap:sortable="false" sap:filterable="false"/>
                <Property Name="Division" Type="Edm.String" Nullable="false" MaxLength="2" sap:unicode="false" sap:label="Division" sap:creatable="false" sap:updatable="false" sap:sortable="false" sap:filterable="false"/>
                <Property Name="SalesOrganizationName" Type="Edm.String" MaxLength="20" sap:unicode="false" sap:label="SalesOrganizationName" sap:creatable="false" sap:updatable="false" sap:sortable="false" sap:filterable="false"/>
                <Property Name="DistributionChannelName" Type="Edm.String" MaxLength="20" sap:unicode="false" sap:label="DistributionChannelName" sap:creatable="false" sap:updatable="false" sap:sortable="false" sap:filterable="false"/>
                <Property Name="DivisionName" Type="Edm.String" MaxLength="20" sap:unicode="false" sap:label="DviisionName" sap:creatable="false" sap:updatable="false" sap:sortable="false" sap:filterable="false"/>
                <Property Name="City" Type="Edm.String" MaxLength="40" sap:unicode="false" sap:label="City" sap:creatable="false" sap:updatable="false" sap:sortable="false" sap:filterable="false"/>
                <Property Name="PostalCode" Type="Edm.String" MaxLength="10" sap:unicode="false" sap:label="Postal Code" sap:creatable="false" sap:updatable="false" sap:sortable="false" sap:filterable="false"/>
                <Property Name="CityZip" Type="Edm.String" MaxLength="51" sap:unicode="false" sap:label="City/Zip" sap:creatable="false" sap:updatable="false" sap:sortable="false" sap:filterable="false"/>
                <Property Name="ShipToCarrier" Type="Edm.String" sap:unicode="false" sap:label="Ship to Carrier" sap:creatable="false" sap:updatable="false" sap:sortable="false" sap:filterable="false"/>
                <Property Name="ShipToIncoTerms" Type="Edm.String" sap:unicode="false" sap:label="Ship to Incoterms" sap:creatable="false" sap:updatable="false" sap:sortable="false" sap:filterable="false"/>
                <Property Name="ShipToAccountNo" Type="Edm.String" sap:unicode="false" sap:label="Ship to Account number" sap:creatable="false" sap:updatable="false" sap:sortable="false" sap:filterable="false"/>
                <Property Name="ShipToInstructions" Type="Edm.String" MaxLength="132" sap:unicode="false" sap:label="Ship to Instructions" sap:creatable="false" sap:updatable="false" sap:sortable="false" sap:filterable="false"/>
                <Property Name="ShipToReceiverNotes" Type="Edm.String" MaxLength="132" sap:unicode="false" sap:label="Ship to Receiver notes" sap:creatable="false" sap:updatable="false" sap:sortable="false" sap:filterable="false"/>
                <Property Name="Plant" Type="Edm.String" MaxLength="4" sap:unicode="false" sap:label="Plant" sap:creatable="false" sap:updatable="false" sap:sortable="false" sap:filterable="false"/>
                <Property Name="Currency" Type="Edm.String" MaxLength="5" sap:unicode="false" sap:label="Currency" sap:creatable="false" sap:updatable="false" sap:sortable="false" sap:filterable="false"/>
                <NavigationProperty Name="PartnerAddressSet" Relationship="YMSDOD_SALESORDER_COPY_N_SRV.CustomerPartnerAddress" FromRole="FromRole_CustomerPartnerAddress" ToRole="ToRole_CustomerPartnerAddress"/>
                <NavigationProperty Name="SalesOrderSet" Relationship="YMSDOD_SALESORDER_COPY_N_SRV.CustomerSalesOrder" FromRole="FromRole_CustomerSalesOrder" ToRole="ToRole_CustomerSalesOrder"/>
            </EntityType>
            <EntityType Name="Product" sap:content-version="1">
                <Key>
                    <PropertyRef Name="ProductID"/>
                    <PropertyRef Name="CustomerNo"/>
                    <PropertyRef Name="SalesOrganization"/>
                    <PropertyRef Name="DistributionChannel"/>
                    <PropertyRef Name="Division"/>
                </Key>
                <Property Name="ProductID" Type="Edm.String" Nullable="false" MaxLength="18" m:FC_TargetPath="SyndicationTitle" m:FC_KeepInContent="true" sap:unicode="false" sap:label="Product No." sap:creatable="false" sap:updatable="false" sap:sortable="false" sap:filterable="false"/>
                <Property Name="ProductDesc" Type="Edm.String" MaxLength="40" sap:unicode="false" sap:label="Product Descriptiion" sap:creatable="false" sap:updatable="false" sap:sortable="false" sap:filterable="false"/>
                <Property Name="CustomerNo" Type="Edm.String" Nullable="false" MaxLength="10" sap:unicode="false" sap:label="Customer Number" sap:creatable="false" sap:updatable="false" sap:sortable="false" sap:filterable="false"/>
                <Property Name="SalesOrganization" Type="Edm.String" Nullable="false" MaxLength="4" sap:unicode="false" sap:label="Sales Organization" sap:creatable="false" sap:updatable="false" sap:sortable="false"/>
                <Property Name="DistributionChannel" Type="Edm.String" Nullable="false" MaxLength="2" sap:unicode="false" sap:label="Distribution Channel" sap:creatable="false" sap:updatable="false" sap:sortable="false"/>
                <Property Name="Division" Type="Edm.String" Nullable="false" MaxLength="2" sap:unicode="false" sap:label="Division" sap:creatable="false" sap:updatable="false" sap:sortable="false" sap:filterable="false"/>
                <Property Name="UOM" Type="Edm.String" MaxLength="3" sap:unicode="false" sap:label="Unit of Measure" sap:creatable="false" sap:updatable="false" sap:sortable="false" sap:filterable="false"/>
                <Property Name="UOMDesc" Type="Edm.String" MaxLength="30" sap:unicode="false" sap:label="Unit of Measure Description" sap:creatable="false" sap:updatable="false" sap:sortable="false" sap:filterable="false"/>
                <Property Name="NetPrice" Type="Edm.Decimal" Precision="23" Scale="2" sap:unicode="false" sap:label="Net Price" sap:creatable="false" sap:updatable="false" sap:sortable="false" sap:filterable="false"/>
                <Property Name="Currency" Type="Edm.String" MaxLength="5" sap:unicode="false" sap:label="Currency" sap:creatable="false" sap:updatable="false" sap:sortable="false" sap:filterable="false"/>
                <Property Name="CustomerProductNo" Type="Edm.String" MaxLength="35" sap:unicode="false" sap:label="Customer Product Number" sap:creatable="false" sap:updatable="false" sap:sortable="false" sap:filterable="false"/>
                <Property Name="ProductReferenceNo" Type="Edm.String" MaxLength="18" sap:unicode="false" sap:label="Product Reference Number" sap:creatable="false" sap:updatable="false" sap:sortable="false" sap:filterable="false"/>
                <Property Name="ImageFlag" Type="Edm.Boolean" sap:unicode="false" sap:label="Flag for image" sap:creatable="false" sap:updatable="false" sap:sortable="false" sap:filterable="false"/>
                <NavigationProperty Name="ProductAttributes" Relationship="YMSDOD_SALESORDER_COPY_N_SRV.ProductProductAttribute" FromRole="FromRole_ProductProductAttribute" ToRole="ToRole_ProductProductAttribute"/>
            </EntityType>
            <EntityType Name="ProductImage" m:HasStream="true" sap:content-version="1">
                <Key>
                    <PropertyRef Name="ProductID"/>
                </Key>
                <Property Name="ProductID" Type="Edm.String" Nullable="false" MaxLength="18" m:FC_TargetPath="SyndicationTitle" m:FC_KeepInContent="true" sap:unicode="false" sap:label="Product ID" sap:creatable="false" sap:updatable="false" sap:sortable="false" sap:filterable="false"/>
                <Property Name="MimeType" Type="Edm.String" MaxLength="128" sap:unicode="false" sap:label="Mime Type" sap:creatable="false" sap:updatable="false" sap:sortable="false" sap:filterable="false"/>
            </EntityType>
            <EntityType Name="SalesOrder" sap:content-version="1">
                <Key>
                    <PropertyRef Name="SalesOrderNumber"/>
                </Key>
                <Property Name="Paymentterm" Type="Edm.String" Nullable="false" MaxLength="4" sap:unicode="false" sap:label="Payt Terms" sap:creatable="false" sap:updatable="false" sap:sortable="false" sap:filterable="false"/>
                <Property Name="Raildestination" Type="Edm.String" Nullable="false" MaxLength="25" sap:unicode="false" sap:label="Rail Dest. Code" sap:creatable="false" sap:updatable="false" sap:sortable="false" sap:filterable="false"/>
                <Property Name="Custgrp1" Type="Edm.String" Nullable="false" MaxLength="3" sap:unicode="false" sap:label="Freight" sap:creatable="false" sap:updatable="false" sap:sortable="false" sap:filterable="false"/>
                <Property Name="Freightindicator" Type="Edm.String" Nullable="false" MaxLength="2" sap:unicode="false" sap:label="CustomerCondGrp" sap:creatable="false" sap:updatable="false" sap:sortable="false" sap:filterable="false"/>
                <Property Name="Payers" Type="Edm.String" Nullable="false" MaxLength="10" sap:unicode="false" sap:label="Customer" sap:creatable="false" sap:updatable="false" sap:sortable="false" sap:filterable="false"/>
                <Property Name="Roaddestination" Type="Edm.String" Nullable="false" MaxLength="25" sap:unicode="false" sap:label="Road Dest. Code" sap:creatable="false" sap:updatable="false" sap:sortable="false" sap:filterable="false"/>
                <Property Name="TotalAmount" Type="Edm.Decimal" Precision="16" Scale="3" sap:unicode="false" sap:unit="Currency" sap:label="Total Amount" sap:updatable="false" sap:sortable="false" sap:filterable="false"/>
                <Property Name="Exciseform" Type="Edm.String" Nullable="false" MaxLength="10" sap:unicode="false" sap:label="Customer" sap:creatable="false" sap:updatable="false" sap:sortable="false" sap:filterable="false"/>
                <Property Name="Orderreason" Type="Edm.String" Nullable="false" MaxLength="3" sap:unicode="false" sap:label="Order reason" sap:creatable="false" sap:updatable="false" sap:sortable="false" sap:filterable="false"/>
                <Property Name="Shipmentmode" Type="Edm.String" Nullable="false" MaxLength="2" sap:unicode="false" sap:label="Shp.Mode." sap:creatable="false" sap:updatable="false" sap:sortable="false" sap:filterable="false"/>
                <Property Name="Salesemp" Type="Edm.String" Nullable="false" MaxLength="8" sap:unicode="false" sap:label="Personnel No." sap:creatable="false" sap:updatable="false" sap:sortable="false" sap:filterable="false"/>
                <Property Name="Paymentguarantee" Type="Edm.String" Nullable="false" MaxLength="6" sap:unicode="false" sap:label="Paym.guar.proc." sap:creatable="false" sap:updatable="false" sap:sortable="false" sap:filterable="false"/>
                <Property Name="Tax" Type="Edm.Decimal" Precision="16" Scale="3" sap:unicode="false" sap:unit="Currency" sap:label="Tax" sap:creatable="false" sap:updatable="false" sap:sortable="false" sap:filterable="false"/>
                <Property Name="Testingagent" Type="Edm.String" Nullable="false" MaxLength="10" sap:unicode="false" sap:label="Customer" sap:creatable="false" sap:updatable="false" sap:sortable="false" sap:filterable="false"/>
                <Property Name="Status" Type="Edm.String" Nullable="false" MaxLength="1" sap:unicode="false" sap:label="Status" sap:creatable="false" sap:updatable="false" sap:sortable="false" sap:filterable="false"/>
                <Property Name="Inspectionagent" Type="Edm.String" Nullable="false" MaxLength="10" sap:unicode="false" sap:label="Customer" sap:creatable="false" sap:updatable="false" sap:sortable="false" sap:filterable="false"/>
                <Property Name="SingleShipment" Type="Edm.Boolean" sap:unicode="false" sap:label="Single Shipment" sap:updatable="false" sap:sortable="false" sap:filterable="false"/>
                <Property Name="ShipToRegion" Type="Edm.String" Nullable="false" sap:unicode="false" sap:label="Ship to Region" sap:creatable="false" sap:updatable="false" sap:sortable="false" sap:filterable="false"/>
                <Property Name="ShipToPostalCode" Type="Edm.String" Nullable="false" MaxLength="10" sap:unicode="false" sap:label="Ship to postal code" sap:creatable="false" sap:updatable="false" sap:sortable="false" sap:filterable="false"/>
                <Property Name="ShipToPartnerName" Type="Edm.String" MaxLength="35" sap:unicode="false" sap:label="Ship to Partner Name" sap:creatable="false" sap:updatable="false" sap:sortable="false" sap:filterable="false"/>
                <Property Name="ShipToPartnerID" Type="Edm.String" MaxLength="10" sap:unicode="false" sap:label="Ship to Partner ID" sap:updatable="false" sap:sortable="false" sap:filterable="false"/>
                <Property Name="ShipToCountry" Type="Edm.String" Nullable="false" MaxLength="3" sap:unicode="false" sap:label="Ship to Country" sap:creatable="false" sap:updatable="false" sap:sortable="false" sap:filterable="false"/>
                <Property Name="ShipToContact" Type="Edm.String" sap:unicode="false" sap:label="Ship to Contact" sap:creatable="false" sap:updatable="false" sap:sortable="false" sap:filterable="false"/>
                <Property Name="ShipToCity" Type="Edm.String" Nullable="false" sap:unicode="false" sap:label="Ship to City" sap:creatable="false" sap:updatable="false" sap:sortable="false" sap:filterable="false"/>
                <Property Name="ShipToAddressLine2" Type="Edm.String" Nullable="false" MaxLength="35" sap:unicode="false" sap:label="Ship to Address Line 2" sap:creatable="false" sap:updatable="false" sap:sortable="false" sap:filterable="false"/>
                <Property Name="ShipToAddressLine1" Type="Edm.String" Nullable="false" MaxLength="35" sap:unicode="false" sap:label="Ship to Address Line 1" sap:creatable="false" sap:updatable="false" sap:sortable="false" sap:filterable="false"/>
                <Property Name="ShippingIncoTerms" Type="Edm.String" Nullable="false" sap:unicode="false" sap:label="Shipping Inco Terms" sap:creatable="false" sap:updatable="false" sap:sortable="false" sap:filterable="false"/>
                <Property Name="ShippingCarrier" Type="Edm.String" Nullable="false" sap:unicode="false" sap:label="Shipping Carrier" sap:creatable="false" sap:updatable="false" sap:sortable="false" sap:filterable="false"/>
                <Property Name="ShipmentInstruction" Type="Edm.String" MaxLength="132" sap:unicode="false" sap:label="Shipment Instructions" sap:updatable="false" sap:sortable="false" sap:filterable="false"/>
                <Property Name="SalesOrganization" Type="Edm.String" Nullable="false" MaxLength="4" sap:unicode="false" sap:label="Sales Organization" sap:updatable="false" sap:sortable="false"/>
                <Property Name="SalesOrderSimulation" Type="Edm.Boolean" sap:unicode="false" sap:label="Sales Order Simulation" sap:updatable="false" sap:sortable="false" sap:filterable="false"/>
                <Property Name="SalesOrderNumber" Type="Edm.String" Nullable="false" MaxLength="10" m:FC_TargetPath="SyndicationTitle" m:FC_KeepInContent="true" sap:unicode="false" sap:label="Sales Order No." sap:updatable="false" sap:sortable="false" sap:filterable="false"/>
                <Property Name="RequestedDate" Type="Edm.String" MaxLength="8" sap:unicode="false" sap:label="Requested Date" sap:updatable="false" sap:sortable="false" sap:filterable="false"/>
                <Property Name="PromotionCode" Type="Edm.String" sap:unicode="false" sap:label="Promotion Code" sap:updatable="false" sap:sortable="false" sap:filterable="false"/>
                <Property Name="PO" Type="Edm.String" MaxLength="35" sap:unicode="false" sap:label="Purchase Order" sap:updatable="false" sap:sortable="false" sap:filterable="false"/>
                <Property Name="PaymentTerms" Type="Edm.String" MaxLength="3" sap:unicode="false" sap:label="Payment Terms" sap:updatable="false" sap:sortable="false" sap:filterable="false"/>
                <Property Name="OrderItemCount" Type="Edm.Int32" sap:unicode="false" sap:label="OrderItemCoun" sap:updatable="false" sap:sortable="false" sap:filterable="false"/>
                <Property Name="OrderDate" Type="Edm.String" MaxLength="8" sap:unicode="false" sap:label="Order Date" sap:creatable="false" sap:updatable="false" sap:sortable="false" sap:filterable="false"/>
                <Property Name="NotesToReceiver" Type="Edm.String" MaxLength="132" sap:unicode="false" sap:label="Notes To Receiver" sap:updatable="false" sap:sortable="false" sap:filterable="false"/>
                <Property Name="GrandTotal" Type="Edm.Decimal" Precision="16" Scale="3" sap:unicode="false" sap:unit="Currency" sap:label="Grand Total" sap:creatable="false" sap:updatable="false" sap:sortable="false" sap:filterable="false"/>
                <Property Name="Freight" Type="Edm.Decimal" Precision="16" Scale="3" sap:unicode="false" sap:unit="Currency" sap:label="Freight" sap:creatable="false" sap:updatable="false" sap:sortable="false" sap:filterable="false"/>
                <Property Name="FormattedAddress9" Type="Edm.String" sap:unicode="false" sap:label="Formatted Address Line 9" sap:creatable="false" sap:updatable="false" sap:sortable="false" sap:filterable="false"/>
                <Property Name="FormattedAddress8" Type="Edm.String" sap:unicode="false" sap:label="Formatted Address Line 8" sap:creatable="false" sap:updatable="false" sap:sortable="false" sap:filterable="false"/>
                <Property Name="FormattedAddress7" Type="Edm.String" sap:unicode="false" sap:label="Formatted Address Line 7" sap:creatable="false" sap:updatable="false" sap:sortable="false" sap:filterable="false"/>
                <Property Name="FormattedAddress6" Type="Edm.String" sap:unicode="false" sap:label="Formatted Address Line 6" sap:creatable="false" sap:updatable="false" sap:sortable="false" sap:filterable="false"/>
                <Property Name="FormattedAddress5" Type="Edm.String" sap:unicode="false" sap:label="Formatted Address Line 5" sap:creatable="false" sap:updatable="false" sap:sortable="false" sap:filterable="false"/>
                <Property Name="FormattedAddress4" Type="Edm.String" sap:unicode="false" sap:label="Formatted Address Line 4" sap:creatable="false" sap:updatable="false" sap:sortable="false" sap:filterable="false"/>
                <Property Name="FormattedAddress3" Type="Edm.String" sap:unicode="false" sap:label="Formatted Address Line 3" sap:creatable="false" sap:updatable="false" sap:sortable="false" sap:filterable="false"/>
                <Property Name="FormattedAddress2" Type="Edm.String" sap:unicode="false" sap:label="Formatted Address Line 2" sap:creatable="false" sap:updatable="false" sap:sortable="false" sap:filterable="false"/>
                <Property Name="FormattedAddress1" Type="Edm.String" sap:unicode="false" sap:label="Formatted Address Line 1" sap:creatable="false" sap:updatable="false" sap:sortable="false" sap:filterable="false"/>
                <Property Name="Division" Type="Edm.String" Nullable="false" MaxLength="2" sap:unicode="false" sap:label="Division" sap:updatable="false" sap:sortable="false"/>
                <Property Name="DistributionChannel" Type="Edm.String" Nullable="false" MaxLength="2" sap:unicode="false" sap:label="Distribution Channel" sap:updatable="false" sap:sortable="false"/>
                <Property Name="CustomerName" Type="Edm.String" MaxLength="35" sap:unicode="false" sap:label="Customer Name" sap:creatable="false" sap:updatable="false" sap:sortable="false" sap:filterable="false"/>
                <Property Name="CustomerID" Type="Edm.String" Nullable="false" MaxLength="10" sap:unicode="false" sap:label="Customer Number" sap:updatable="false" sap:sortable="false"/>
                <Property Name="Currency" Type="Edm.String" MaxLength="5" sap:unicode="false" sap:label="Currency" sap:updatable="false" sap:sortable="false" sap:filterable="false" sap:semantics="currency-code"/>
                <Property Name="IncoTerms1" Type="Edm.String" Nullable="false" MaxLength="3" sap:unicode="false" sap:label="INCOTERMS1" sap:creatable="false" sap:updatable="false" sap:sortable="false" sap:filterable="false"/>
                <Property Name="IncoTerms2" Type="Edm.String" Nullable="false" MaxLength="100" sap:unicode="false" sap:label="INCOTERMS2" sap:creatable="false" sap:updatable="false" sap:sortable="false" sap:filterable="false"/>
                <Property Name="ForwardingAgent" Type="Edm.String" Nullable="false" MaxLength="10" sap:unicode="false" sap:label="ForwardingAgent" sap:creatable="false" sap:updatable="false" sap:sortable="false" sap:filterable="false"/>
                <Property Name="MarketingAgent" Type="Edm.String" Nullable="false" MaxLength="10" sap:unicode="false" sap:label="MarketingAgent" sap:creatable="false" sap:updatable="false" sap:sortable="false" sap:filterable="false"/>
                <Property Name="Plant" Type="Edm.String" MaxLength="4" sap:unicode="false" sap:label="Plant" sap:creatable="false" sap:updatable="false" sap:sortable="false" sap:filterable="false"/>
                <Property Name="BillToParty" Type="Edm.String" Nullable="false" MaxLength="10" sap:unicode="false" sap:label="Bill to Party" sap:creatable="false" sap:updatable="false" sap:sortable="false" sap:filterable="false"/>
                <NavigationProperty Name="OrderItemSet" Relationship="YMSDOD_SALESORDER_COPY_N_SRV.SalesOrderOrderItem" FromRole="FromRole_SalesOrderOrderItem" ToRole="ToRole_SalesOrderOrderItem"/>
            </EntityType>
            <EntityType Name="ProductAttribute" sap:content-version="1">
                <Key>
                    <PropertyRef Name="ProductID"/>
                    <PropertyRef Name="SalesOrganization"/>
                    <PropertyRef Name="DistributionChannel"/>
                    <PropertyRef Name="CustomerNo"/>
                    <PropertyRef Name="Division"/>
                    <PropertyRef Name="Characteristic"/>
                </Key>
                <Property Name="ProductID" Type="Edm.String" Nullable="false" MaxLength="18" m:FC_TargetPath="SyndicationTitle" m:FC_KeepInContent="true" sap:unicode="false" sap:label="Product ID" sap:creatable="false" sap:updatable="false" sap:sortable="false"/>
                <Property Name="SalesOrganization" Type="Edm.String" Nullable="false" MaxLength="4" sap:unicode="false" sap:label="Sales Organization" sap:creatable="false" sap:updatable="false" sap:sortable="false" sap:filterable="false"/>
                <Property Name="DistributionChannel" Type="Edm.String" Nullable="false" MaxLength="2" sap:unicode="false" sap:label="Distribution Channel" sap:creatable="false" sap:updatable="false" sap:sortable="false" sap:filterable="false"/>
                <Property Name="CustomerNo" Type="Edm.String" Nullable="false" MaxLength="10" sap:unicode="false" sap:label="Customer Number" sap:creatable="false" sap:updatable="false" sap:sortable="false"/>
                <Property Name="Division" Type="Edm.String" Nullable="false" MaxLength="2" sap:unicode="false" sap:label="Division" sap:creatable="false" sap:updatable="false" sap:sortable="false" sap:filterable="false"/>
                <Property Name="Characteristic" Type="Edm.String" Nullable="false" MaxLength="30" sap:unicode="false" sap:label="Characteristics ID" sap:creatable="false" sap:updatable="false" sap:sortable="false" sap:filterable="false"/>
                <Property Name="CharactDescr" Type="Edm.String" MaxLength="30" sap:unicode="false" sap:label="Characteristics Name" sap:creatable="false" sap:updatable="false" sap:sortable="false" sap:filterable="false"/>
                <Property Name="ValueChar" Type="Edm.String" MaxLength="30" sap:unicode="false" sap:label="Characteristics Value" sap:creatable="false" sap:updatable="false" sap:sortable="false" sap:filterable="false"/>
            </EntityType>
            <EntityType Name="OrderItem" sap:content-version="1">
                <Key>
                    <PropertyRef Name="ItemNumber"/>
                    <PropertyRef Name="SalesOrderNumber"/>
                </Key>
                <Property Name="Werks" Type="Edm.String" Nullable="false" MaxLength="4" sap:unicode="false" sap:label="Plant" sap:creatable="false" sap:updatable="false" sap:sortable="false" sap:filterable="false"/>
                <Property Name="ItemNumber" Type="Edm.String" Nullable="false" MaxLength="6" sap:unicode="false" sap:label="Item Number" sap:updatable="false" sap:sortable="false" sap:filterable="false"/>
                <Property Name="SalesOrderNumber" Type="Edm.String" Nullable="false" MaxLength="10" m:FC_TargetPath="SyndicationTitle" m:FC_KeepInContent="true" sap:unicode="false" sap:label="Sales Order Number" sap:updatable="false" sap:sortable="false" sap:filterable="false"/>
                <Property Name="Product" Type="Edm.String" MaxLength="18" sap:unicode="false" sap:label="Product" sap:updatable="false" sap:sortable="false" sap:filterable="false"/>
                <Property Name="MaterialNumber" Type="Edm.String" MaxLength="18" sap:unicode="false" sap:label="Material Number" sap:updatable="false" sap:sortable="false" sap:filterable="false"/>
                <Property Name="ProductName" Type="Edm.String" sap:unicode="false" sap:label="Product Name" sap:updatable="false" sap:sortable="false" sap:filterable="false"/>
                <Property Name="Quantity" Type="Edm.Decimal" Precision="13" Scale="3" sap:unicode="false" sap:unit="UnitofMeasure" sap:label="Order quantity" sap:updatable="false" sap:sortable="false" sap:filterable="false"/>
                <Property Name="UnitofMeasure" Type="Edm.String" MaxLength="3" sap:unicode="false" sap:label="Sales unit" sap:updatable="false" sap:sortable="false" sap:filterable="false"/>
                <Property Name="NetAmount" Type="Edm.Decimal" Precision="16" Scale="3" sap:unicode="false" sap:unit="Currency" sap:label="Net Amount" sap:updatable="false" sap:sortable="false" sap:filterable="false"/>
                <Property Name="RequestedDeliveryDate" Type="Edm.String" MaxLength="8" sap:unicode="false" sap:label="Requested Delivery" sap:updatable="false" sap:sortable="false" sap:filterable="false"/>
                <Property Name="EstimatedDeliveryDate" Type="Edm.String" MaxLength="8" sap:unicode="false" sap:label="Estimated Delivery" sap:updatable="false" sap:sortable="false" sap:filterable="false"/>
                <Property Name="AvailableQuantity" Type="Edm.Decimal" Precision="13" Scale="3" sap:unicode="false" sap:unit="UnitofMeasure" sap:label="Available Quantity" sap:updatable="false" sap:sortable="false" sap:filterable="false"/>
                <Property Name="FinalPrice" Type="Edm.Decimal" Precision="16" Scale="3" sap:unicode="false" sap:unit="Currency" sap:label="Unit Price" sap:updatable="false" sap:sortable="false" sap:filterable="false"/>
                <Property Name="Currency" Type="Edm.String" MaxLength="5" sap:unicode="false" sap:label="Currency" sap:updatable="false" sap:sortable="false" sap:filterable="false" sap:semantics="currency-code"/>
                <Property Name="QuantityStatusCode" Type="Edm.String" MaxLength="1" sap:unicode="false" sap:label="Quantity Status Code" sap:creatable="false" sap:updatable="false" sap:sortable="false" sap:filterable="false"/>
                <Property Name="DeliveryStatusCode" Type="Edm.String" MaxLength="1" sap:unicode="false" sap:label="Delivery Status Code" sap:creatable="false" sap:updatable="false" sap:sortable="false" sap:filterable="false"/>
                <Property Name="ImageFlag" Type="Edm.String" MaxLength="1" sap:unicode="false" sap:label="Image Flag" sap:creatable="false" sap:updatable="false" sap:sortable="false" sap:filterable="false"/>
                <Property Name="UnitofMeasureTxt" Type="Edm.String" MaxLength="10" sap:unicode="false" sap:label="Sales Unit Text" sap:creatable="false" sap:updatable="false" sap:sortable="false" sap:filterable="false"/>
                <Property Name="LengthFrom" Type="Edm.String" Nullable="false" MaxLength="132" sap:unicode="false" sap:label="Length From" sap:creatable="false" sap:updatable="false" sap:sortable="false" sap:filterable="false"/>
                <Property Name="LengthTo" Type="Edm.String" Nullable="false" MaxLength="132" sap:unicode="false" sap:label="Length To" sap:creatable="false" sap:updatable="false" sap:sortable="false" sap:filterable="false"/>
                <Property Name="DateDisplay" Type="Edm.String" Nullable="false" MaxLength="14" sap:unicode="false" sap:label="Date for UI Display" sap:creatable="false" sap:updatable="false" sap:sortable="false" sap:filterable="false"/>
                <Property Name="BasePrice" Type="Edm.Decimal" Precision="28" Scale="4" sap:unicode="false" sap:unit="Currency" sap:label="BasePrice" sap:updatable="false" sap:sortable="false" sap:filterable="false"/>
                <Property Name="BasePriceCode" Type="Edm.String" Nullable="false" MaxLength="4" sap:unicode="false" sap:label="Base Price Code" sap:creatable="false" sap:updatable="false" sap:sortable="false" sap:filterable="false"/>
                <Property Name="FreightPrice" Type="Edm.Decimal" Precision="28" Scale="4" sap:unicode="false" sap:unit="Currency" sap:label="FreightPrice" sap:updatable="false" sap:sortable="false" sap:filterable="false"/>
                <Property Name="FreightPriceCode" Type="Edm.String" Nullable="false" MaxLength="4" sap:unicode="false" sap:label="Freight Price Code" sap:creatable="false" sap:updatable="false" sap:sortable="false" sap:filterable="false"/>
                <Property Name="MrktAgentCommission" Type="Edm.Decimal" Precision="28" Scale="4" sap:unicode="false" sap:unit="Currency" sap:label="MrktAgentCommision" sap:updatable="false" sap:sortable="false" sap:filterable="false"/>
                <Property Name="MrktAgentCommissionCode" Type="Edm.String" Nullable="false" MaxLength="4" sap:unicode="false" sap:label="MrktAgentCommision Code" sap:creatable="false" sap:updatable="false" sap:sortable="false" sap:filterable="false"/>
                <Property Name="BasePriceNew" Type="Edm.Decimal" Precision="28" Scale="4" sap:unicode="false" sap:unit="Currency" sap:label="Changed BasePrice" sap:updatable="false" sap:sortable="false" sap:filterable="false"/>
                <Property Name="FreightPriceNew" Type="Edm.Decimal" Precision="28" Scale="4" sap:unicode="false" sap:unit="Currency" sap:label="Changed FreightPrice" sap:updatable="false" sap:sortable="false" sap:filterable="false"/>
                <Property Name="MrktAgentCommissionNew" Type="Edm.Decimal" Precision="28" Scale="4" sap:unicode="false" sap:unit="Currency" sap:label="Changed MrktAgentCommision" sap:updatable="false" sap:sortable="false" sap:filterable="false"/>
            </EntityType>
            <EntityType Name="OrdrType" sap:content-version="1">
                <Key>
                    <PropertyRef Name="Auart"/>
                </Key>
                <Property Name="Auart" Type="Edm.String" Nullable="false" MaxLength="4" sap:unicode="false" sap:label="Sales Doc. Type" sap:creatable="false" sap:updatable="false" sap:sortable="false" sap:filterable="false"/>
                <Property Name="Text" Type="Edm.String" Nullable="false" MaxLength="30" sap:unicode="false" sap:label="Text" sap:creatable="false" sap:updatable="false" sap:sortable="false" sap:filterable="false"/>
            </EntityType>
            <EntityType Name="SalesOrg" sap:content-version="1">
                <Key>
                    <PropertyRef Name="Vkorg"/>
                </Key>
                <Property Name="Vkorg" Type="Edm.String" Nullable="false" MaxLength="4" sap:unicode="false" sap:label="Sales Org." sap:creatable="false" sap:updatable="false" sap:sortable="false" sap:filterable="false"/>
                <Property Name="Text" Type="Edm.String" Nullable="false" MaxLength="30" sap:unicode="false" sap:label="Text" sap:creatable="false" sap:updatable="false" sap:sortable="false" sap:filterable="false"/>
            </EntityType>
            <EntityType Name="DistChannel" sap:content-version="1">
                <Key>
                    <PropertyRef Name="Vtweg"/>
                </Key>
                <Property Name="Vtweg" Type="Edm.String" Nullable="false" MaxLength="2" sap:unicode="false" sap:label="Distr. Channel" sap:creatable="false" sap:updatable="false" sap:sortable="false" sap:filterable="false"/>
                <Property Name="Text" Type="Edm.String" Nullable="false" MaxLength="30" sap:unicode="false" sap:label="Text" sap:creatable="false" sap:updatable="false" sap:sortable="false" sap:filterable="false"/>
            </EntityType>
            <EntityType Name="Division" sap:content-version="1">
                <Key>
                    <PropertyRef Name="Spart"/>
                </Key>
                <Property Name="Spart" Type="Edm.String" Nullable="false" MaxLength="2" sap:unicode="false" sap:label="Division" sap:creatable="false" sap:updatable="false" sap:sortable="false" sap:filterable="false"/>
                <Property Name="Text" Type="Edm.String" Nullable="false" MaxLength="30" sap:unicode="false" sap:label="Text" sap:creatable="false" sap:updatable="false" sap:sortable="false" sap:filterable="false"/>
            </EntityType>
            <EntityType Name="Freight" sap:content-version="1">
                <Key>
                    <PropertyRef Name="KVGR1"/>
                </Key>
                <Property Name="KVGR1" Type="Edm.String" Nullable="false" MaxLength="3" sap:unicode="false" sap:creatable="false" sap:updatable="false" sap:sortable="false" sap:filterable="false"/>
                <Property Name="BEZEI" Type="Edm.String" Nullable="false" MaxLength="20" sap:unicode="false" sap:creatable="false" sap:updatable="false" sap:sortable="false" sap:filterable="false"/>
            </EntityType>
            <EntityType Name="FreightIndicator" sap:content-version="1">
                <Key>
                    <PropertyRef Name="KDKGR"/>
                </Key>
                <Property Name="KDKGR" Type="Edm.String" Nullable="false" MaxLength="2" sap:unicode="false" sap:creatable="false" sap:updatable="false" sap:sortable="false" sap:filterable="false"/>
                <Property Name="VTEXT" Type="Edm.String" Nullable="false" MaxLength="20" sap:unicode="false" sap:creatable="false" sap:updatable="false" sap:sortable="false" sap:filterable="false"/>
            </EntityType>
            <EntityType Name="ShipmentMode" sap:content-version="1">
                <Key>
                    <PropertyRef Name="VSBED"/>
                </Key>
                <Property Name="VSBED" Type="Edm.String" Nullable="false" MaxLength="2" sap:unicode="false" sap:creatable="false" sap:updatable="false" sap:sortable="false" sap:filterable="false"/>
                <Property Name="VTEXT" Type="Edm.String" Nullable="false" MaxLength="20" sap:unicode="false" sap:creatable="false" sap:updatable="false" sap:sortable="false" sap:filterable="false"/>
            </EntityType>
            <EntityType Name="Plant" sap:content-version="1">
                <Key>
                    <PropertyRef Name="MATNR"/>
                    <PropertyRef Name="WERKS"/>
                </Key>
                <Property Name="MATNR" Type="Edm.String" Nullable="false" MaxLength="18" sap:unicode="false" sap:creatable="false" sap:updatable="false" sap:sortable="false" sap:filterable="false"/>
                <Property Name="WERKS" Type="Edm.String" Nullable="false" MaxLength="4" sap:unicode="false" sap:creatable="false" sap:updatable="false" sap:sortable="false" sap:filterable="false"/>
                <Property Name="NAME" Type="Edm.String" Nullable="false" MaxLength="30" sap:unicode="false" sap:creatable="false" sap:updatable="false" sap:sortable="false" sap:filterable="false"/>
            </EntityType>
            <EntityType Name="OrderReason" sap:content-version="1">
                <Key>
                    <PropertyRef Name="AUGRU"/>
                </Key>
                <Property Name="AUGRU" Type="Edm.String" Nullable="false" MaxLength="3" sap:unicode="false" sap:label="Order Reason" sap:creatable="false" sap:updatable="false" sap:sortable="false" sap:filterable="false"/>
                <Property Name="Text" Type="Edm.String" Nullable="false" MaxLength="30" sap:unicode="false" sap:label="Text" sap:creatable="false" sap:updatable="false" sap:sortable="false" sap:filterable="false"/>
            </EntityType>
            <EntityType Name="PaymentGuarantee" sap:content-version="1">
                <Key>
                    <PropertyRef Name="ABSSC"/>
                </Key>
                <Property Name="ABSSC" Type="Edm.String" Nullable="false" MaxLength="6" sap:unicode="false" sap:label="Payment Guarantee" sap:creatable="false" sap:updatable="false" sap:sortable="false" sap:filterable="false"/>
            </EntityType>
            <EntityType Name="TestingAgent" sap:content-version="1">
                <Key>
                    <PropertyRef Name="KUNNR"/>
                </Key>
                <Property Name="KUNNR" Type="Edm.String" Nullable="false" MaxLength="10" sap:unicode="false" sap:label="KUNNR" sap:creatable="false" sap:updatable="false" sap:sortable="false" sap:filterable="false"/>
            </EntityType>
            <EntityType Name="InspectionAgent" sap:content-version="1">
                <Key>
                    <PropertyRef Name="KUNNR"/>
                </Key>
                <Property Name="KUNNR" Type="Edm.String" Nullable="false" MaxLength="10" sap:unicode="false" sap:label="KUNNR" sap:creatable="false" sap:updatable="false" sap:sortable="false" sap:filterable="false"/>
            </EntityType>
            <EntityType Name="RoadDestination" sap:content-version="1">
                <Key>
                    <PropertyRef Name="EMPST"/>
                </Key>
                <Property Name="EMPST" Type="Edm.String" Nullable="false" MaxLength="30" sap:unicode="false" sap:label="Road Destination" sap:creatable="false" sap:updatable="false" sap:sortable="false" sap:filterable="false"/>
                <Property Name="Text" Type="Edm.String" Nullable="false" MaxLength="30" sap:unicode="false" sap:label="Desc" sap:creatable="false" sap:updatable="false" sap:sortable="false" sap:filterable="false"/>
                <Property Name="KUNNR" Type="Edm.String" Nullable="false" MaxLength="10" sap:unicode="false" sap:creatable="false" sap:updatable="false" sap:sortable="false"/>
            </EntityType>
            <EntityType Name="RailDestination" sap:content-version="1">
                <Key>
                    <PropertyRef Name="EMPST"/>
                </Key>
                <Property Name="EMPST" Type="Edm.String" Nullable="false" MaxLength="30" sap:unicode="false" sap:label="Rail Destination" sap:creatable="false" sap:updatable="false" sap:sortable="false" sap:filterable="false"/>
                <Property Name="Text" Type="Edm.String" Nullable="false" MaxLength="30" sap:unicode="false" sap:label="Text" sap:creatable="false" sap:updatable="false" sap:sortable="false" sap:filterable="false"/>
                <Property Name="KUNNR" Type="Edm.String" Nullable="false" MaxLength="10" sap:unicode="false" sap:creatable="false" sap:updatable="false" sap:sortable="false"/>
            </EntityType>
            <EntityType Name="SalesOffice" sap:content-version="1">
                <Key>
                    <PropertyRef Name="VKBUR"/>
                </Key>
                <Property Name="VKBUR" Type="Edm.String" Nullable="false" MaxLength="4" sap:unicode="false" sap:label="Sales Office" sap:creatable="false" sap:updatable="false" sap:sortable="false" sap:filterable="false"/>
                <Property Name="TEXT" Type="Edm.String" Nullable="false" MaxLength="30" sap:unicode="false" sap:label="Description" sap:creatable="false" sap:updatable="false" sap:sortable="false" sap:filterable="false"/>
            </EntityType>
            <EntityType Name="PaymentTerm" sap:content-version="1">
                <Key>
                    <PropertyRef Name="ZTERM"/>
                </Key>
                <Property Name="ZTERM" Type="Edm.String" Nullable="false" MaxLength="4" sap:unicode="false" sap:label="Payment term" sap:creatable="false" sap:updatable="false" sap:sortable="false" sap:filterable="false"/>
                <Property Name="TEXT" Type="Edm.String" Nullable="false" MaxLength="30" sap:unicode="false" sap:label="Description" sap:creatable="false" sap:updatable="false" sap:sortable="false" sap:filterable="false"/>
            </EntityType>
            <EntityType Name="Payer" sap:content-version="1">
                <Key>
                    <PropertyRef Name="KUNN2"/>
                </Key>
                <Property Name="KUNN2" Type="Edm.String" Nullable="false" MaxLength="10" sap:unicode="false" sap:label="Customer No" sap:creatable="false" sap:updatable="false" sap:sortable="false" sap:filterable="false"/>
                <Property Name="VBELN" Type="Edm.String" Nullable="false" MaxLength="10" sap:unicode="false" sap:label="Sales Order Number" sap:creatable="false" sap:updatable="false" sap:sortable="false" sap:filterable="false"/>
                <Property Name="TEXT" Type="Edm.String" Nullable="false" MaxLength="35" sap:unicode="false" sap:label="Customer name" sap:creatable="false" sap:updatable="false" sap:sortable="false" sap:filterable="false"/>
            </EntityType>
            <EntityType Name="ExciseForm" sap:content-version="1">
                <Key>
                    <PropertyRef Name="KUNNR"/>
                </Key>
                <Property Name="KUNNR" Type="Edm.String" Nullable="false" MaxLength="10" sap:unicode="false" sap:label="Customer" sap:creatable="false" sap:updatable="false" sap:sortable="false" sap:filterable="false"/>
                <Property Name="TEXT" Type="Edm.String" Nullable="false" MaxLength="30" sap:unicode="false" sap:label="Description" sap:creatable="false" sap:updatable="false" sap:sortable="false" sap:filterable="false"/>
            </EntityType>
            <EntityType Name="Incoterm" sap:content-version="1">
                <Key>
                    <PropertyRef Name="INCO1"/>
                </Key>
                <Property Name="INCO1" Type="Edm.String" Nullable="false" MaxLength="3" sap:unicode="false" sap:label="Incoterm" sap:creatable="false" sap:updatable="false" sap:sortable="false" sap:filterable="false"/>
                <Property Name="BEZEI" Type="Edm.String" Nullable="false" sap:unicode="false" sap:label="Description" sap:creatable="false" sap:updatable="false" sap:sortable="false" sap:filterable="false"/>
            </EntityType>
            <EntityType Name="MarketingAgent" sap:content-version="1">
                <Key>
                    <PropertyRef Name="KUNNR"/>
                </Key>
                <Property Name="KUNNR" Type="Edm.String" Nullable="false" MaxLength="10" sap:unicode="false" sap:creatable="false" sap:updatable="false" sap:sortable="false" sap:filterable="false"/>
                <Property Name="TEXT" Type="Edm.String" Nullable="false" MaxLength="30" sap:unicode="false" sap:creatable="false" sap:updatable="false" sap:sortable="false" sap:filterable="false"/>
            </EntityType>
            <EntityType Name="ForwardingAgent" sap:content-version="1">
                <Key>
                    <PropertyRef Name="KUNNR"/>
                </Key>
                <Property Name="KUNNR" Type="Edm.String" Nullable="false" MaxLength="10" sap:unicode="false" sap:creatable="false" sap:updatable="false" sap:sortable="false" sap:filterable="false"/>
                <Property Name="TEXT" Type="Edm.String" Nullable="false" MaxLength="30" sap:unicode="false" sap:creatable="false" sap:updatable="false" sap:sortable="false" sap:filterable="false"/>
            </EntityType>
            <EntityType Name="MaterialNumbers" sap:content-version="1">
                <Key>
                    <PropertyRef Name="Matnr"/>
                </Key>
                <Property Name="Matnr" Type="Edm.String" Nullable="false" MaxLength="40" sap:unicode="false" sap:label="Material" sap:creatable="false" sap:updatable="false" sap:sortable="false"/>
                <Property Name="Pcode" Type="Edm.String" Nullable="false" MaxLength="3" sap:unicode="false" sap:label="Product Code" sap:creatable="false" sap:updatable="false" sap:sortable="false"/>
                <Property Name="Qcode" Type="Edm.String" Nullable="false" MaxLength="6" sap:unicode="false" sap:label="Quality code" sap:creatable="false" sap:updatable="false" sap:sortable="false"/>
                <Property Name="Bqcode" Type="Edm.String" Nullable="false" MaxLength="6" sap:unicode="false" sap:label="Base Qlty Code" sap:creatable="false" sap:updatable="false" sap:sortable="false"/>
                <Property Name="Sec1Max" Type="Edm.Decimal" Nullable="false" Precision="23" Scale="5" sap:unicode="false" sap:label="Max. Up Lmt." sap:creatable="false" sap:updatable="false" sap:sortable="false"/>
                <Property Name="Sec1Min" Type="Edm.Decimal" Nullable="false" Precision="8" Scale="3" sap:unicode="false" sap:label="Minimum" sap:creatable="false" sap:updatable="false" sap:sortable="false"/>
                <Property Name="Sec2Max" Type="Edm.Decimal" Nullable="false" Precision="23" Scale="5" sap:unicode="false" sap:label="Max. Up Lmt." sap:creatable="false" sap:updatable="false" sap:sortable="false"/>
                <Property Name="Sec2Min" Type="Edm.Decimal" Nullable="false" Precision="8" Scale="3" sap:unicode="false" sap:label="Minimum" sap:creatable="false" sap:updatable="false" sap:sortable="false"/>
                <Property Name="Sec3Max" Type="Edm.Decimal" Nullable="false" Precision="23" Scale="5" sap:unicode="false" sap:label="Max. Up Lmt." sap:creatable="false" sap:updatable="false" sap:sortable="false"/>
                <Property Name="Sec3Min" Type="Edm.Decimal" Nullable="false" Precision="8" Scale="3" sap:unicode="false" sap:label="Minimum" sap:creatable="false" sap:updatable="false" sap:sortable="false"/>
                <Property Name="Stage" Type="Edm.String" Nullable="false" MaxLength="5" sap:unicode="false" sap:label="Stage WIP" sap:creatable="false" sap:updatable="false" sap:sortable="false"/>
                <Property Name="WipInd" Type="Edm.String" Nullable="false" MaxLength="1" sap:unicode="false" sap:label="WIP Indicator" sap:creatable="false" sap:updatable="false" sap:sortable="false"/>
                <Property Name="Tdcno" Type="Edm.String" Nullable="false" MaxLength="5" sap:unicode="false" sap:label="TDC NUMBER" sap:creatable="false" sap:updatable="false" sap:sortable="false"/>
                <Property Name="GiClass" Type="Edm.String" Nullable="false" MaxLength="1" sap:unicode="false" sap:label="GI - Class" sap:creatable="false" sap:updatable="false" sap:sortable="false"/>
                <Property Name="Matkl" Type="Edm.String" Nullable="false" MaxLength="9" sap:unicode="false" sap:label="Material Group" sap:creatable="false" sap:updatable="false" sap:sortable="false"/>
                <Property Name="MAKTX" Type="Edm.String" Nullable="false" MaxLength="40" sap:unicode="false" sap:label="Material Description" sap:creatable="false" sap:updatable="false" sap:sortable="false"/>
                <Property Name="MatType" Type="Edm.String" Nullable="false" MaxLength="1" sap:unicode="false" sap:label="Material Types" sap:creatable="false" sap:updatable="false" sap:sortable="false" sap:filterable="false"/>
            </EntityType>
            <EntityType Name="BillToParty" sap:content-version="1">
                <Key>
                    <PropertyRef Name="KUNN2"/>
                </Key>
                <Property Name="KUNN2" Type="Edm.String" Nullable="false" MaxLength="10" sap:unicode="false" sap:label="Customer No" sap:creatable="false" sap:updatable="false" sap:sortable="false" sap:filterable="false"/>
                <Property Name="VBELN" Type="Edm.String" Nullable="false" MaxLength="10" sap:unicode="false" sap:label="Sales Order Number" sap:creatable="false" sap:updatable="false" sap:sortable="false" sap:filterable="false"/>
                <Property Name="TEXT" Type="Edm.String" Nullable="false" MaxLength="35" sap:unicode="false" sap:label="Customer name" sap:creatable="false" sap:updatable="false" sap:sortable="false" sap:filterable="false"/>
            </EntityType>
            <Association Name="CustomerSalesOrder" sap:content-version="1">
                <End Type="YMSDOD_SALESORDER_COPY_N_SRV.Customer" Multiplicity="1" Role="FromRole_CustomerSalesOrder"/>
                <End Type="YMSDOD_SALESORDER_COPY_N_SRV.SalesOrder" Multiplicity="*" Role="ToRole_CustomerSalesOrder"/>
                <ReferentialConstraint>
                    <Principal Role="FromRole_CustomerSalesOrder">
                        <PropertyRef Name="Division"/>
                        <PropertyRef Name="DistributionChannel"/>
                        <PropertyRef Name="SalesOrganization"/>
                        <PropertyRef Name="CustomerID"/>
                    </Principal>
                    <Dependent Role="ToRole_CustomerSalesOrder">
                        <PropertyRef Name="Division"/>
                        <PropertyRef Name="DistributionChannel"/>
                        <PropertyRef Name="SalesOrganization"/>
                        <PropertyRef Name="CustomerID"/>
                    </Dependent>
                </ReferentialConstraint>
            </Association>
            <Association Name="CustomerPartnerAddress" sap:content-version="1">
                <End Type="YMSDOD_SALESORDER_COPY_N_SRV.Customer" Multiplicity="1" Role="FromRole_CustomerPartnerAddress"/>
                <End Type="YMSDOD_SALESORDER_COPY_N_SRV.PartnerAddress" Multiplicity="*" Role="ToRole_CustomerPartnerAddress"/>
                <ReferentialConstraint>
                    <Principal Role="FromRole_CustomerPartnerAddress">
                        <PropertyRef Name="CustomerID"/>
                        <PropertyRef Name="SalesOrganization"/>
                        <PropertyRef Name="Division"/>
                        <PropertyRef Name="DistributionChannel"/>
                    </Principal>
                    <Dependent Role="ToRole_CustomerPartnerAddress">
                        <PropertyRef Name="CustomerID"/>
                        <PropertyRef Name="SalesOrganization"/>
                        <PropertyRef Name="Division"/>
                        <PropertyRef Name="DistributionChannel"/>
                    </Dependent>
                </ReferentialConstraint>
            </Association>
            <Association Name="SalesOrderOrderItem" sap:content-version="1">
                <End Type="YMSDOD_SALESORDER_COPY_N_SRV.SalesOrder" Multiplicity="1" Role="FromRole_SalesOrderOrderItem"/>
                <End Type="YMSDOD_SALESORDER_COPY_N_SRV.OrderItem" Multiplicity="*" Role="ToRole_SalesOrderOrderItem"/>
                <ReferentialConstraint>
                    <Principal Role="FromRole_SalesOrderOrderItem">
                        <PropertyRef Name="SalesOrderNumber"/>
                    </Principal>
                    <Dependent Role="ToRole_SalesOrderOrderItem">
                        <PropertyRef Name="SalesOrderNumber"/>
                    </Dependent>
                </ReferentialConstraint>
            </Association>
            <Association Name="ProductProductAttribute" sap:content-version="1">
                <End Type="YMSDOD_SALESORDER_COPY_N_SRV.Product" Multiplicity="1" Role="FromRole_ProductProductAttribute"/>
                <End Type="YMSDOD_SALESORDER_COPY_N_SRV.ProductAttribute" Multiplicity="*" Role="ToRole_ProductProductAttribute"/>
                <ReferentialConstraint>
                    <Principal Role="FromRole_ProductProductAttribute">
                        <PropertyRef Name="CustomerNo"/>
                        <PropertyRef Name="ProductID"/>
                        <PropertyRef Name="Division"/>
                        <PropertyRef Name="SalesOrganization"/>
                        <PropertyRef Name="DistributionChannel"/>
                    </Principal>
                    <Dependent Role="ToRole_ProductProductAttribute">
                        <PropertyRef Name="CustomerNo"/>
                        <PropertyRef Name="ProductID"/>
                        <PropertyRef Name="Division"/>
                        <PropertyRef Name="SalesOrganization"/>
                        <PropertyRef Name="DistributionChannel"/>
                    </Dependent>
                </ReferentialConstraint>
            </Association>
            <EntityContainer Name="YMSDOD_SALESORDER_COPY_N_SRV_Entities" m:IsDefaultEntityContainer="true" sap:supported-formats="atom json xlsx">
                <EntitySet Name="ConfigurationSet" EntityType="YMSDOD_SALESORDER_COPY_N_SRV.Configuration" sap:creatable="false" sap:updatable="false" sap:deletable="false" sap:pageable="false" sap:content-version="1"/>
                <EntitySet Name="ConfigurationBapiCuvalSet" EntityType="YMSDOD_SALESORDER_COPY_N_SRV.ConfigurationBapiCuval" sap:creatable="false" sap:updatable="false" sap:deletable="false" sap:pageable="false" sap:addressable="false" sap:content-version="1"/>
                <EntitySet Name="PartnerAddresses" EntityType="YMSDOD_SALESORDER_COPY_N_SRV.PartnerAddress" sap:creatable="false" sap:updatable="false" sap:deletable="false" sap:pageable="false" sap:addressable="false" sap:content-version="1"/>
                <EntitySet Name="Customers" EntityType="YMSDOD_SALESORDER_COPY_N_SRV.Customer" sap:creatable="false" sap:updatable="false" sap:deletable="false" sap:pageable="false" sap:addressable="false" sap:content-version="1"/>
                <EntitySet Name="Products" EntityType="YMSDOD_SALESORDER_COPY_N_SRV.Product" sap:creatable="false" sap:updatable="false" sap:deletable="false" sap:pageable="false" sap:addressable="false" sap:content-version="1"/>
                <EntitySet Name="ProductImages" EntityType="YMSDOD_SALESORDER_COPY_N_SRV.ProductImage" sap:creatable="false" sap:updatable="false" sap:deletable="false" sap:pageable="false" sap:addressable="false" sap:content-version="1"/>
                <EntitySet Name="SalesOrders" EntityType="YMSDOD_SALESORDER_COPY_N_SRV.SalesOrder" sap:updatable="false" sap:deletable="false" sap:pageable="false" sap:addressable="false" sap:content-version="1"/>
                <EntitySet Name="ProductAttributes" EntityType="YMSDOD_SALESORDER_COPY_N_SRV.ProductAttribute" sap:creatable="false" sap:updatable="false" sap:deletable="false" sap:pageable="false" sap:addressable="false" sap:content-version="1"/>
                <EntitySet Name="OrderItems" EntityType="YMSDOD_SALESORDER_COPY_N_SRV.OrderItem" sap:updatable="false" sap:deletable="false" sap:pageable="false" sap:addressable="false" sap:content-version="1"/>
                <EntitySet Name="OrdrTypes" EntityType="YMSDOD_SALESORDER_COPY_N_SRV.OrdrType" sap:creatable="false" sap:updatable="false" sap:deletable="false" sap:pageable="false" sap:addressable="false" sap:content-version="1"/>
                <EntitySet Name="SalesOrgs" EntityType="YMSDOD_SALESORDER_COPY_N_SRV.SalesOrg" sap:creatable="false" sap:updatable="false" sap:deletable="false" sap:pageable="false" sap:addressable="false" sap:content-version="1"/>
                <EntitySet Name="DistChannels" EntityType="YMSDOD_SALESORDER_COPY_N_SRV.DistChannel" sap:creatable="false" sap:updatable="false" sap:deletable="false" sap:pageable="false" sap:addressable="false" sap:content-version="1"/>
                <EntitySet Name="Divisions" EntityType="YMSDOD_SALESORDER_COPY_N_SRV.Division" sap:creatable="false" sap:updatable="false" sap:deletable="false" sap:pageable="false" sap:addressable="false" sap:content-version="1"/>
                <EntitySet Name="Freights" EntityType="YMSDOD_SALESORDER_COPY_N_SRV.Freight" sap:creatable="false" sap:updatable="false" sap:deletable="false" sap:pageable="false" sap:addressable="false" sap:content-version="1"/>
                <EntitySet Name="FreightIndicators" EntityType="YMSDOD_SALESORDER_COPY_N_SRV.FreightIndicator" sap:creatable="false" sap:updatable="false" sap:deletable="false" sap:pageable="false" sap:addressable="false" sap:content-version="1"/>
                <EntitySet Name="ShipmentModes" EntityType="YMSDOD_SALESORDER_COPY_N_SRV.ShipmentMode" sap:creatable="false" sap:updatable="false" sap:deletable="false" sap:pageable="false" sap:addressable="false" sap:content-version="1"/>
                <EntitySet Name="Plants" EntityType="YMSDOD_SALESORDER_COPY_N_SRV.Plant" sap:creatable="false" sap:updatable="false" sap:deletable="false" sap:pageable="false" sap:addressable="false" sap:content-version="1"/>
                <EntitySet Name="OrderReasons" EntityType="YMSDOD_SALESORDER_COPY_N_SRV.OrderReason" sap:creatable="false" sap:updatable="false" sap:deletable="false" sap:pageable="false" sap:addressable="false" sap:content-version="1"/>
                <EntitySet Name="PaymentGuarantees" EntityType="YMSDOD_SALESORDER_COPY_N_SRV.PaymentGuarantee" sap:creatable="false" sap:updatable="false" sap:deletable="false" sap:pageable="false" sap:addressable="false" sap:content-version="1"/>
                <EntitySet Name="TestingAgents" EntityType="YMSDOD_SALESORDER_COPY_N_SRV.TestingAgent" sap:creatable="false" sap:updatable="false" sap:deletable="false" sap:pageable="false" sap:addressable="false" sap:content-version="1"/>
                <EntitySet Name="InspectionAgents" EntityType="YMSDOD_SALESORDER_COPY_N_SRV.InspectionAgent" sap:creatable="false" sap:updatable="false" sap:deletable="false" sap:pageable="false" sap:addressable="false" sap:content-version="1"/>
                <EntitySet Name="RoadDestinations" EntityType="YMSDOD_SALESORDER_COPY_N_SRV.RoadDestination" sap:creatable="false" sap:updatable="false" sap:deletable="false" sap:pageable="false" sap:addressable="false" sap:content-version="1"/>
                <EntitySet Name="RailDestinations" EntityType="YMSDOD_SALESORDER_COPY_N_SRV.RailDestination" sap:creatable="false" sap:updatable="false" sap:deletable="false" sap:pageable="false" sap:addressable="false" sap:content-version="1"/>
                <EntitySet Name="SalesOffices" EntityType="YMSDOD_SALESORDER_COPY_N_SRV.SalesOffice" sap:creatable="false" sap:updatable="false" sap:deletable="false" sap:pageable="false" sap:addressable="false" sap:content-version="1"/>
                <EntitySet Name="PaymentTerms" EntityType="YMSDOD_SALESORDER_COPY_N_SRV.PaymentTerm" sap:creatable="false" sap:updatable="false" sap:deletable="false" sap:pageable="false" sap:addressable="false" sap:content-version="1"/>
                <EntitySet Name="Payers" EntityType="YMSDOD_SALESORDER_COPY_N_SRV.Payer" sap:creatable="false" sap:updatable="false" sap:deletable="false" sap:pageable="false" sap:addressable="false" sap:content-version="1"/>
                <EntitySet Name="ExciseForms" EntityType="YMSDOD_SALESORDER_COPY_N_SRV.ExciseForm" sap:creatable="false" sap:updatable="false" sap:deletable="false" sap:pageable="false" sap:addressable="false" sap:content-version="1"/>
                <EntitySet Name="IncotermSet" EntityType="YMSDOD_SALESORDER_COPY_N_SRV.Incoterm" sap:creatable="false" sap:updatable="false" sap:deletable="false" sap:pageable="false" sap:addressable="false" sap:content-version="1"/>
                <EntitySet Name="MarketingAgentSet" EntityType="YMSDOD_SALESORDER_COPY_N_SRV.MarketingAgent" sap:creatable="false" sap:updatable="false" sap:deletable="false" sap:pageable="false" sap:addressable="false" sap:content-version="1"/>
                <EntitySet Name="ForwardingAgentSet" EntityType="YMSDOD_SALESORDER_COPY_N_SRV.ForwardingAgent" sap:creatable="false" sap:updatable="false" sap:deletable="false" sap:pageable="false" sap:addressable="false" sap:content-version="1"/>
                <EntitySet Name="MaterialNumbersSet" EntityType="YMSDOD_SALESORDER_COPY_N_SRV.MaterialNumbers" sap:creatable="false" sap:updatable="false" sap:deletable="false" sap:pageable="false" sap:addressable="false" sap:content-version="1"/>
                <EntitySet Name="BillToPartySet" EntityType="YMSDOD_SALESORDER_COPY_N_SRV.BillToParty" sap:creatable="false" sap:updatable="false" sap:deletable="false" sap:pageable="false" sap:addressable="false" sap:content-version="1"/>
                <AssociationSet Name="CustomerPartnerAddressSet" Association="YMSDOD_SALESORDER_COPY_N_SRV.CustomerPartnerAddress" sap:creatable="false" sap:updatable="false" sap:deletable="false" sap:content-version="1">
                    <End EntitySet="Customers" Role="FromRole_CustomerPartnerAddress"/>
                    <End EntitySet="PartnerAddresses" Role="ToRole_CustomerPartnerAddress"/>
                </AssociationSet>
                <AssociationSet Name="ProductProductAttributeSet" Association="YMSDOD_SALESORDER_COPY_N_SRV.ProductProductAttribute" sap:creatable="false" sap:updatable="false" sap:deletable="false" sap:content-version="1">
                    <End EntitySet="Products" Role="FromRole_ProductProductAttribute"/>
                    <End EntitySet="ProductAttributes" Role="ToRole_ProductProductAttribute"/>
                </AssociationSet>
                <AssociationSet Name="SalesOrderOrderItemSet" Association="YMSDOD_SALESORDER_COPY_N_SRV.SalesOrderOrderItem" sap:creatable="false" sap:updatable="false" sap:deletable="false" sap:content-version="1">
                    <End EntitySet="SalesOrders" Role="FromRole_SalesOrderOrderItem"/>
                    <End EntitySet="OrderItems" Role="ToRole_SalesOrderOrderItem"/>
                </AssociationSet>
                <AssociationSet Name="CustomerSalesOrderSet" Association="YMSDOD_SALESORDER_COPY_N_SRV.CustomerSalesOrder" sap:creatable="false" sap:updatable="false" sap:deletable="false" sap:content-version="1">
                    <End EntitySet="Customers" Role="FromRole_CustomerSalesOrder"/>
                    <End EntitySet="SalesOrders" Role="ToRole_CustomerSalesOrder"/>
                </AssociationSet>
            </EntityContainer>
            <atom:link
                xmlns:atom="http://www.w3.org/2005/Atom" rel="self" href="./sap/YMSDOD_SALESORDER_COPY_N_SRV/$metadata"/>
                <atom:link
                    xmlns:atom="http://www.w3.org/2005/Atom" rel="latest-version" href="./sap/YMSDOD_SALESORDER_COPY_N_SRV/$metadata"/>
                </Schema>
            </edmx:DataServices>
        </edmx:Edmx>