{
  "projectType": [
    "sap.watt.uitools.ide.plugin",
    "sap.watt.saptoolsets.fiori.project.ui5template.smartProject",
    "sap.watt.uitools.ide.fiori",
    "sap.watt.uitools.ide.web",
    "com.watt.common.builder.sapui5clientbuild"
  ],
  "generation": [
    {
      "templateId": "ui5template.basicSAPUI5ApplicationProjectCommon",
      "templateVersion": "1.32.0",
      "dateTimeStamp": "Tue, 07 Aug 2018 09:13:00 GMT"
    },
    {
      "templateId": "ui5template.basicSAPUI5ApplicationProject",
      "templateVersion": "1.40.12",
      "dateTimeStamp": "Tue, 07 Aug 2018 09:13:02 GMT"
    }
  ],
  "build": {
    "buildRequired": true,
    "sourceFolder": "webapp",
    "targetFolder": "dist",
    "excludedFolders": [],
    "excludedFiles": [],
    "lastBuildDateTime": "Wed, 08 Aug 2018 07:16:41 GMT"
  },
  "translation": {
    "translationDomain": "",
    "supportedLanguages": "en,fr,de",
    "defaultLanguage": "en",
    "defaultI18NPropertyFile": "i18n.properties",
    "resourceModelName": "i18n"
  },
  "basevalidator": {
    "services": {
      "xml": "fioriXmlAnalysis",
      "js": "fioriJsValidator"
    }
  },
  "codeCheckingTriggers": {
    "notifyBeforePush": true,
    "notifyBeforePushLevel": "Error",
    "blockPush": false,
    "blockPushLevel": "Error"
  },
  "hybrid": {
    "FacadeConfig": {
      "cordova-plugin-device-orientation": false,
      "accelerometer": {},
      "compass": {}
    }
  }
}