<edmx:Edmx
    xmlns:edmx="http://schemas.microsoft.com/ado/2007/06/edmx"
    xmlns:m="http://schemas.microsoft.com/ado/2007/08/dataservices/metadata"
    xmlns:sap="http://www.sap.com/Protocols/SAPData" Version="1.0">
    <edmx:DataServices m:DataServiceVersion="2.0">
        <Schema
            xmlns="http://schemas.microsoft.com/ado/2008/09/edm" Namespace="YMSDOD_DELIVERYORDER_CREATE_SRV" xml:lang="en" sap:schema-version="1">
            <EntityType Name="Plant" sap:content-version="1">
                <Key>
                    <PropertyRef Name="MATNR"/>
                    <PropertyRef Name="WERKS"/>
                </Key>
                <Property Name="MATNR" Type="Edm.String" Nullable="false" MaxLength="18" sap:unicode="false" sap:creatable="false" sap:updatable="false" sap:sortable="false" sap:filterable="false"/>
                <Property Name="WERKS" Type="Edm.String" Nullable="false" MaxLength="4" sap:unicode="false" sap:creatable="false" sap:updatable="false" sap:sortable="false" sap:filterable="false"/>
                <Property Name="NAME" Type="Edm.String" Nullable="false" MaxLength="30" sap:unicode="false" sap:creatable="false" sap:updatable="false" sap:sortable="false" sap:filterable="false"/>
            </EntityType>
            <EntityType Name="Payer" sap:content-version="1">
                <Key>
                    <PropertyRef Name="KUNN2"/>
                </Key>
                <Property Name="Division" Type="Edm.String" Nullable="false" MaxLength="2" sap:unicode="false" sap:label="Division" sap:creatable="false" sap:updatable="false" sap:sortable="false"/>
                <Property Name="DistributionChannel" Type="Edm.String" Nullable="false" MaxLength="2" sap:unicode="false" sap:label="Distribution Channel" sap:creatable="false" sap:updatable="false" sap:sortable="false"/>
                <Property Name="SalesOrganization" Type="Edm.String" Nullable="false" MaxLength="4" sap:unicode="false" sap:label="Sales Organization" sap:creatable="false" sap:updatable="false" sap:sortable="false"/>
                <Property Name="KUNN2" Type="Edm.String" Nullable="false" MaxLength="10" sap:unicode="false" sap:label="Customer No" sap:creatable="false" sap:updatable="false" sap:sortable="false" sap:filterable="false"/>
                <Property Name="TEXT" Type="Edm.String" Nullable="false" MaxLength="35" sap:unicode="false" sap:label="Customer name" sap:creatable="false" sap:updatable="false" sap:sortable="false" sap:filterable="false"/>
            </EntityType>
            <EntityType Name="TestingAgent" sap:content-version="1">
                <Key>
                    <PropertyRef Name="KUNNR"/>
                </Key>
                <Property Name="KUNNR" Type="Edm.String" Nullable="false" MaxLength="10" sap:unicode="false" sap:label="KUNNR" sap:creatable="false" sap:updatable="false" sap:sortable="false" sap:filterable="false"/>
            </EntityType>
            <EntityType Name="DistChannel" sap:content-version="1">
                <Key>
                    <PropertyRef Name="Vtweg"/>
                </Key>
                <Property Name="Vtweg" Type="Edm.String" Nullable="false" MaxLength="2" sap:unicode="false" sap:label="Distr. Channel" sap:creatable="false" sap:updatable="false" sap:sortable="false" sap:filterable="false"/>
                <Property Name="Text" Type="Edm.String" Nullable="false" MaxLength="30" sap:unicode="false" sap:label="Text" sap:creatable="false" sap:updatable="false" sap:sortable="false" sap:filterable="false"/>
            </EntityType>
            <EntityType Name="Division" sap:content-version="1">
                <Key>
                    <PropertyRef Name="Spart"/>
                </Key>
                <Property Name="Spart" Type="Edm.String" Nullable="false" MaxLength="2" sap:unicode="false" sap:label="Division" sap:creatable="false" sap:updatable="false" sap:sortable="false" sap:filterable="false"/>
                <Property Name="Text" Type="Edm.String" Nullable="false" MaxLength="30" sap:unicode="false" sap:label="Text" sap:creatable="false" sap:updatable="false" sap:sortable="false" sap:filterable="false"/>
            </EntityType>
            <EntityType Name="OrdrType" sap:content-version="1">
                <Key>
                    <PropertyRef Name="Auart"/>
                </Key>
                <Property Name="Auart" Type="Edm.String" Nullable="false" MaxLength="4" sap:unicode="false" sap:label="Sales Doc. Type" sap:creatable="false" sap:updatable="false" sap:sortable="false" sap:filterable="false"/>
                <Property Name="Text" Type="Edm.String" Nullable="false" MaxLength="30" sap:unicode="false" sap:label="Text" sap:creatable="false" sap:updatable="false" sap:sortable="false" sap:filterable="false"/>
            </EntityType>
            <EntityType Name="SalesOffice" sap:content-version="1">
                <Key>
                    <PropertyRef Name="VKBUR"/>
                </Key>
                <Property Name="VKBUR" Type="Edm.String" Nullable="false" MaxLength="4" sap:unicode="false" sap:label="Sales Office" sap:creatable="false" sap:updatable="false" sap:sortable="false" sap:filterable="false"/>
                <Property Name="TEXT" Type="Edm.String" Nullable="false" MaxLength="30" sap:unicode="false" sap:label="Description" sap:creatable="false" sap:updatable="false" sap:sortable="false" sap:filterable="false"/>
            </EntityType>
            <EntityType Name="SalesOrg" sap:content-version="1">
                <Key>
                    <PropertyRef Name="Vkorg"/>
                </Key>
                <Property Name="Vkorg" Type="Edm.String" Nullable="false" MaxLength="4" sap:unicode="false" sap:label="Sales Org." sap:creatable="false" sap:updatable="false" sap:sortable="false" sap:filterable="false"/>
                <Property Name="Text" Type="Edm.String" Nullable="false" MaxLength="30" sap:unicode="false" sap:label="Text" sap:creatable="false" sap:updatable="false" sap:sortable="false" sap:filterable="false"/>
            </EntityType>
            <EntityType Name="SalesOrder" sap:content-version="1">
                <Key>
                    <PropertyRef Name="SalesOrganization"/>
                    <PropertyRef Name="SalesOrderNumber"/>
                    <PropertyRef Name="Division"/>
                    <PropertyRef Name="DistributionChannel"/>
                    <PropertyRef Name="SalesOffice"/>
                    <PropertyRef Name="OrderType"/>
                </Key>
                <Property Name="OrderPartnersOut" Type="YMSDOD_DELIVERYORDER_CREATE_SRV.OrderPartnersOut" Nullable="false"/>
                <Property Name="Paymentterm" Type="Edm.String" Nullable="false" MaxLength="4" sap:unicode="false" sap:label="Payt Terms" sap:creatable="false" sap:updatable="false" sap:sortable="false" sap:filterable="false"/>
                <Property Name="Raildestination" Type="Edm.String" Nullable="false" MaxLength="25" sap:unicode="false" sap:label="Rail Dest. Code" sap:creatable="false" sap:updatable="false" sap:sortable="false" sap:filterable="false"/>
                <Property Name="Custgrp1" Type="Edm.String" Nullable="false" MaxLength="3" sap:unicode="false" sap:label="Freight" sap:creatable="false" sap:updatable="false" sap:sortable="false" sap:filterable="false"/>
                <Property Name="Freightindicator" Type="Edm.String" Nullable="false" MaxLength="2" sap:unicode="false" sap:label="CustomerCondGrp" sap:creatable="false" sap:updatable="false" sap:sortable="false" sap:filterable="false"/>
                <Property Name="Payers" Type="Edm.String" Nullable="false" MaxLength="10" sap:unicode="false" sap:label="Customer" sap:creatable="false" sap:updatable="false" sap:sortable="false" sap:filterable="false"/>
                <Property Name="Roaddestination" Type="Edm.String" Nullable="false" MaxLength="25" sap:unicode="false" sap:label="Road Dest. Code" sap:creatable="false" sap:updatable="false" sap:sortable="false" sap:filterable="false"/>
                <Property Name="TotalAmount" Type="Edm.Decimal" Precision="16" Scale="3" sap:unicode="false" sap:unit="Currency" sap:label="Total Amount" sap:updatable="false" sap:sortable="false" sap:filterable="false"/>
                <Property Name="Exciseform" Type="Edm.String" Nullable="false" MaxLength="10" sap:unicode="false" sap:label="Customer" sap:creatable="false" sap:updatable="false" sap:sortable="false" sap:filterable="false"/>
                <Property Name="Orderreason" Type="Edm.String" Nullable="false" MaxLength="3" sap:unicode="false" sap:label="Order reason" sap:creatable="false" sap:updatable="false" sap:sortable="false" sap:filterable="false"/>
                <Property Name="Shipmentmode" Type="Edm.String" Nullable="false" MaxLength="2" sap:unicode="false" sap:label="Shp.Mode." sap:creatable="false" sap:updatable="false" sap:sortable="false" sap:filterable="false"/>
                <Property Name="Salesemp" Type="Edm.String" Nullable="false" MaxLength="8" sap:unicode="false" sap:label="Personnel No." sap:creatable="false" sap:updatable="false" sap:sortable="false" sap:filterable="false"/>
                <Property Name="Paymentguarantee" Type="Edm.String" Nullable="false" MaxLength="6" sap:unicode="false" sap:label="Paym.guar.proc." sap:creatable="false" sap:updatable="false" sap:sortable="false" sap:filterable="false"/>
                <Property Name="Tax" Type="Edm.Decimal" Precision="16" Scale="3" sap:unicode="false" sap:unit="Currency" sap:label="Tax" sap:creatable="false" sap:updatable="false" sap:sortable="false" sap:filterable="false"/>
                <Property Name="Testingagent" Type="Edm.String" Nullable="false" MaxLength="10" sap:unicode="false" sap:label="Customer" sap:creatable="false" sap:updatable="false" sap:sortable="false" sap:filterable="false"/>
                <Property Name="Status" Type="Edm.String" Nullable="false" MaxLength="1" sap:unicode="false" sap:label="Status" sap:creatable="false" sap:updatable="false" sap:sortable="false" sap:filterable="false"/>
                <Property Name="Inspectionagent" Type="Edm.String" Nullable="false" MaxLength="10" sap:unicode="false" sap:label="Customer" sap:creatable="false" sap:updatable="false" sap:sortable="false" sap:filterable="false"/>
                <Property Name="SingleShipment" Type="Edm.Boolean" sap:unicode="false" sap:label="Single Shipment" sap:updatable="false" sap:sortable="false" sap:filterable="false"/>
                <Property Name="ShipToRegion" Type="Edm.String" Nullable="false" sap:unicode="false" sap:label="Ship to Region" sap:creatable="false" sap:updatable="false" sap:sortable="false" sap:filterable="false"/>
                <Property Name="ShipToPostalCode" Type="Edm.String" Nullable="false" MaxLength="10" sap:unicode="false" sap:label="Ship to postal code" sap:creatable="false" sap:updatable="false" sap:sortable="false" sap:filterable="false"/>
                <Property Name="ShipToPartnerName" Type="Edm.String" MaxLength="35" sap:unicode="false" sap:label="Ship to Partner Name" sap:creatable="false" sap:updatable="false" sap:sortable="false" sap:filterable="false"/>
                <Property Name="ShipToPartnerID" Type="Edm.String" MaxLength="10" sap:unicode="false" sap:label="Ship to Partner ID" sap:updatable="false" sap:sortable="false" sap:filterable="false"/>
                <Property Name="ShipToCountry" Type="Edm.String" Nullable="false" MaxLength="3" sap:unicode="false" sap:label="Ship to Country" sap:creatable="false" sap:updatable="false" sap:sortable="false" sap:filterable="false"/>
                <Property Name="ShipToContact" Type="Edm.String" sap:unicode="false" sap:label="Ship to Contact" sap:creatable="false" sap:updatable="false" sap:sortable="false" sap:filterable="false"/>
                <Property Name="ShipToCity" Type="Edm.String" Nullable="false" sap:unicode="false" sap:label="Ship to City" sap:creatable="false" sap:updatable="false" sap:sortable="false" sap:filterable="false"/>
                <Property Name="ShipToAddressLine2" Type="Edm.String" Nullable="false" MaxLength="35" sap:unicode="false" sap:label="Ship to Address Line 2" sap:creatable="false" sap:updatable="false" sap:sortable="false" sap:filterable="false"/>
                <Property Name="ShipToAddressLine1" Type="Edm.String" Nullable="false" MaxLength="35" sap:unicode="false" sap:label="Ship to Address Line 1" sap:creatable="false" sap:updatable="false" sap:sortable="false" sap:filterable="false"/>
                <Property Name="ShippingIncoTerms" Type="Edm.String" Nullable="false" sap:unicode="false" sap:label="Shipping Inco Terms" sap:creatable="false" sap:updatable="false" sap:sortable="false" sap:filterable="false"/>
                <Property Name="ShippingCarrier" Type="Edm.String" Nullable="false" sap:unicode="false" sap:label="Shipping Carrier" sap:creatable="false" sap:updatable="false" sap:sortable="false" sap:filterable="false"/>
                <Property Name="ShipmentInstruction" Type="Edm.String" MaxLength="132" sap:unicode="false" sap:label="Shipment Instructions" sap:updatable="false" sap:sortable="false" sap:filterable="false"/>
                <Property Name="SalesOrganization" Type="Edm.String" Nullable="false" MaxLength="4" sap:unicode="false" sap:label="Sales Organization" sap:updatable="false" sap:sortable="false"/>
                <Property Name="SalesOrderSimulation" Type="Edm.Boolean" sap:unicode="false" sap:label="Sales Order Simulation" sap:updatable="false" sap:sortable="false" sap:filterable="false"/>
                <Property Name="SalesOrderNumber" Type="Edm.String" Nullable="false" MaxLength="10" sap:unicode="false" sap:label="Sales Order No." sap:updatable="false" sap:sortable="false" sap:filterable="false"/>
                <Property Name="RequestedDate" Type="Edm.String" MaxLength="8" sap:unicode="false" sap:label="Requested Date" sap:updatable="false" sap:sortable="false" sap:filterable="false"/>
                <Property Name="PromotionCode" Type="Edm.String" sap:unicode="false" sap:label="Promotion Code" sap:updatable="false" sap:sortable="false" sap:filterable="false"/>
                <Property Name="PO" Type="Edm.String" MaxLength="35" sap:unicode="false" sap:label="Purchase Order" sap:updatable="false" sap:sortable="false" sap:filterable="false"/>
                <Property Name="PaymentTerms" Type="Edm.String" MaxLength="3" sap:unicode="false" sap:label="Payment Terms" sap:updatable="false" sap:sortable="false" sap:filterable="false"/>
                <Property Name="OrderItemCount" Type="Edm.Int32" sap:unicode="false" sap:label="OrderItemCoun" sap:updatable="false" sap:sortable="false" sap:filterable="false"/>
                <Property Name="OrderDate" Type="Edm.String" MaxLength="8" sap:unicode="false" sap:label="Order Date" sap:creatable="false" sap:updatable="false" sap:sortable="false" sap:filterable="false"/>
                <Property Name="NotesToReceiver" Type="Edm.String" MaxLength="132" sap:unicode="false" sap:label="Notes To Receiver" sap:updatable="false" sap:sortable="false" sap:filterable="false"/>
                <Property Name="GrandTotal" Type="Edm.Decimal" Precision="16" Scale="3" sap:unicode="false" sap:unit="Currency" sap:label="Grand Total" sap:creatable="false" sap:updatable="false" sap:sortable="false" sap:filterable="false"/>
                <Property Name="Freight" Type="Edm.Decimal" Precision="16" Scale="3" sap:unicode="false" sap:unit="Currency" sap:label="Freight" sap:creatable="false" sap:updatable="false" sap:sortable="false" sap:filterable="false"/>
                <Property Name="FormattedAddress9" Type="Edm.String" sap:unicode="false" sap:label="Formatted Address Line 9" sap:creatable="false" sap:updatable="false" sap:sortable="false" sap:filterable="false"/>
                <Property Name="FormattedAddress8" Type="Edm.String" sap:unicode="false" sap:label="Formatted Address Line 8" sap:creatable="false" sap:updatable="false" sap:sortable="false" sap:filterable="false"/>
                <Property Name="FormattedAddress7" Type="Edm.String" sap:unicode="false" sap:label="Formatted Address Line 7" sap:creatable="false" sap:updatable="false" sap:sortable="false" sap:filterable="false"/>
                <Property Name="FormattedAddress6" Type="Edm.String" sap:unicode="false" sap:label="Formatted Address Line 6" sap:creatable="false" sap:updatable="false" sap:sortable="false" sap:filterable="false"/>
                <Property Name="FormattedAddress5" Type="Edm.String" sap:unicode="false" sap:label="Formatted Address Line 5" sap:creatable="false" sap:updatable="false" sap:sortable="false" sap:filterable="false"/>
                <Property Name="FormattedAddress4" Type="Edm.String" sap:unicode="false" sap:label="Formatted Address Line 4" sap:creatable="false" sap:updatable="false" sap:sortable="false" sap:filterable="false"/>
                <Property Name="FormattedAddress3" Type="Edm.String" sap:unicode="false" sap:label="Formatted Address Line 3" sap:creatable="false" sap:updatable="false" sap:sortable="false" sap:filterable="false"/>
                <Property Name="FormattedAddress2" Type="Edm.String" sap:unicode="false" sap:label="Formatted Address Line 2" sap:creatable="false" sap:updatable="false" sap:sortable="false" sap:filterable="false"/>
                <Property Name="FormattedAddress1" Type="Edm.String" sap:unicode="false" sap:label="Formatted Address Line 1" sap:creatable="false" sap:updatable="false" sap:sortable="false" sap:filterable="false"/>
                <Property Name="Division" Type="Edm.String" Nullable="false" MaxLength="2" sap:unicode="false" sap:label="Division" sap:updatable="false" sap:sortable="false"/>
                <Property Name="DistributionChannel" Type="Edm.String" Nullable="false" MaxLength="2" sap:unicode="false" sap:label="Distribution Channel" sap:updatable="false" sap:sortable="false"/>
                <Property Name="CustomerName" Type="Edm.String" MaxLength="35" sap:unicode="false" sap:label="Customer Name" sap:creatable="false" sap:updatable="false" sap:sortable="false" sap:filterable="false"/>
                <Property Name="CustomerID" Type="Edm.String" Nullable="false" MaxLength="10" sap:unicode="false" sap:label="Customer Number" sap:updatable="false" sap:sortable="false"/>
                <Property Name="Currency" Type="Edm.String" MaxLength="5" sap:unicode="false" sap:label="Currency" sap:updatable="false" sap:sortable="false" sap:filterable="false" sap:semantics="currency-code"/>
                <Property Name="IncoTerms1" Type="Edm.String" Nullable="false" MaxLength="3" sap:unicode="false" sap:label="INCOTERMS1" sap:creatable="false" sap:updatable="false" sap:sortable="false" sap:filterable="false"/>
                <Property Name="IncoTerms2" Type="Edm.String" Nullable="false" MaxLength="100" sap:unicode="false" sap:label="INCOTERMS2" sap:creatable="false" sap:updatable="false" sap:sortable="false" sap:filterable="false"/>
                <Property Name="ForwardingAgent" Type="Edm.String" Nullable="false" MaxLength="10" sap:unicode="false" sap:label="ForwardingAgent" sap:creatable="false" sap:updatable="false" sap:sortable="false" sap:filterable="false"/>
                <Property Name="MarketingAgent" Type="Edm.String" Nullable="false" MaxLength="10" sap:unicode="false" sap:label="MarketingAgent" sap:creatable="false" sap:updatable="false" sap:sortable="false" sap:filterable="false"/>
                <Property Name="SalesOffice" Type="Edm.String" Nullable="false" MaxLength="4" sap:unicode="false" sap:label="Sales Office" sap:creatable="false" sap:updatable="false" sap:sortable="false" sap:filterable="false"/>
                <Property Name="OrderType" Type="Edm.String" Nullable="false" MaxLength="4" sap:unicode="false" sap:label="Sales Doc. Type" sap:creatable="false" sap:updatable="false" sap:sortable="false" sap:filterable="false"/>
                <Property Name="PhoneNumber" Type="Edm.String" Nullable="false" MaxLength="16" sap:unicode="false" sap:label="Telephone" sap:creatable="false" sap:updatable="false" sap:sortable="false" sap:filterable="false"/>
                <Property Name="BillToParty" Type="Edm.String" Nullable="false" MaxLength="10" sap:unicode="false" sap:label="Bill to Party" sap:creatable="false" sap:updatable="false" sap:sortable="false" sap:filterable="false"/>
                <NavigationProperty Name="OrderItemSet" Relationship="YMSDOD_DELIVERYORDER_CREATE_SRV.SalesOrderOrderItem" FromRole="FromRole_SalesOrderOrderItem" ToRole="ToRole_SalesOrderOrderItem"/>
            </EntityType>
            <EntityType Name="OrderItem" sap:content-version="1">
                <Key>
                    <PropertyRef Name="SalesOrderNumber"/>
                    <PropertyRef Name="SalesOrganization"/>
                    <PropertyRef Name="Division"/>
                    <PropertyRef Name="DistributionChannel"/>
                    <PropertyRef Name="SalesOffice"/>
                    <PropertyRef Name="OrderType"/>
                </Key>
                <Property Name="Werks" Type="Edm.String" Nullable="false" MaxLength="4" sap:unicode="false" sap:label="Plant" sap:creatable="false" sap:updatable="false" sap:sortable="false" sap:filterable="false"/>
                <Property Name="ItemNumber" Type="Edm.String" Nullable="false" MaxLength="6" sap:unicode="false" sap:label="Item Number" sap:updatable="false" sap:sortable="false" sap:filterable="false"/>
                <Property Name="SalesOrderNumber" Type="Edm.String" Nullable="false" MaxLength="10" sap:unicode="false" sap:label="Sales Order Number" sap:updatable="false" sap:sortable="false" sap:filterable="false"/>
                <Property Name="Product" Type="Edm.String" MaxLength="18" sap:unicode="false" sap:label="Product" sap:updatable="false" sap:sortable="false" sap:filterable="false"/>
                <Property Name="MaterialNumber" Type="Edm.String" MaxLength="18" sap:unicode="false" sap:label="Material Number" sap:updatable="false" sap:sortable="false" sap:filterable="false"/>
                <Property Name="ProductName" Type="Edm.String" sap:unicode="false" sap:label="Product Name" sap:updatable="false" sap:sortable="false" sap:filterable="false"/>
                <Property Name="Quantity" Type="Edm.Decimal" Precision="13" Scale="3" sap:unicode="false" sap:unit="UnitofMeasure" sap:label="Order quantity" sap:updatable="false" sap:sortable="false" sap:filterable="false"/>
                <Property Name="UnitofMeasure" Type="Edm.String" MaxLength="3" sap:unicode="false" sap:label="Sales unit" sap:updatable="false" sap:sortable="false" sap:filterable="false"/>
                <Property Name="NetAmount" Type="Edm.Decimal" Precision="16" Scale="3" sap:unicode="false" sap:unit="Currency" sap:label="Net Amount" sap:updatable="false" sap:sortable="false" sap:filterable="false"/>
                <Property Name="RequestedDeliveryDate" Type="Edm.String" MaxLength="8" sap:unicode="false" sap:label="Requested Delivery" sap:updatable="false" sap:sortable="false" sap:filterable="false"/>
                <Property Name="EstimatedDeliveryDate" Type="Edm.String" MaxLength="8" sap:unicode="false" sap:label="Estimated Delivery" sap:updatable="false" sap:sortable="false" sap:filterable="false"/>
                <Property Name="AvailableQuantity" Type="Edm.Decimal" Precision="13" Scale="3" sap:unicode="false" sap:unit="UnitofMeasure" sap:label="Available Quantity" sap:updatable="false" sap:sortable="false" sap:filterable="false"/>
                <Property Name="FinalPrice" Type="Edm.Decimal" Precision="16" Scale="3" sap:unicode="false" sap:unit="Currency" sap:label="Unit Price" sap:updatable="false" sap:sortable="false" sap:filterable="false"/>
                <Property Name="Currency" Type="Edm.String" MaxLength="5" sap:unicode="false" sap:label="Currency" sap:updatable="false" sap:sortable="false" sap:filterable="false" sap:semantics="currency-code"/>
                <Property Name="QuantityStatusCode" Type="Edm.String" MaxLength="1" sap:unicode="false" sap:label="Quantity Status Code" sap:creatable="false" sap:updatable="false" sap:sortable="false" sap:filterable="false"/>
                <Property Name="DeliveryStatusCode" Type="Edm.String" MaxLength="1" sap:unicode="false" sap:label="Delivery Status Code" sap:creatable="false" sap:updatable="false" sap:sortable="false" sap:filterable="false"/>
                <Property Name="ImageFlag" Type="Edm.String" MaxLength="1" sap:unicode="false" sap:label="Image Flag" sap:creatable="false" sap:updatable="false" sap:sortable="false" sap:filterable="false"/>
                <Property Name="UnitofMeasureTxt" Type="Edm.String" MaxLength="10" sap:unicode="false" sap:label="Sales Unit Text" sap:creatable="false" sap:updatable="false" sap:sortable="false" sap:filterable="false"/>
                <Property Name="LengthFrom" Type="Edm.String" Nullable="false" MaxLength="132" sap:unicode="false" sap:label="Length From" sap:creatable="false" sap:updatable="false" sap:sortable="false" sap:filterable="false"/>
                <Property Name="LengthTo" Type="Edm.String" Nullable="false" MaxLength="132" sap:unicode="false" sap:label="Length To" sap:creatable="false" sap:updatable="false" sap:sortable="false" sap:filterable="false"/>
                <Property Name="DateDisplay" Type="Edm.String" Nullable="false" MaxLength="14" sap:unicode="false" sap:label="Date for UI Display" sap:creatable="false" sap:updatable="false" sap:sortable="false" sap:filterable="false"/>
                <Property Name="BasePrice" Type="Edm.Decimal" Precision="28" Scale="4" sap:unicode="false" sap:unit="Currency" sap:label="BasePrice" sap:updatable="false" sap:sortable="false" sap:filterable="false"/>
                <Property Name="BasePriceCode" Type="Edm.String" Nullable="false" MaxLength="4" sap:unicode="false" sap:label="Base Price Code" sap:creatable="false" sap:updatable="false" sap:sortable="false" sap:filterable="false"/>
                <Property Name="FreightPrice" Type="Edm.Decimal" Precision="28" Scale="4" sap:unicode="false" sap:unit="Currency" sap:label="FreightPrice" sap:updatable="false" sap:sortable="false" sap:filterable="false"/>
                <Property Name="FreightPriceCode" Type="Edm.String" Nullable="false" MaxLength="4" sap:unicode="false" sap:label="Freight Price Code" sap:creatable="false" sap:updatable="false" sap:sortable="false" sap:filterable="false"/>
                <Property Name="MrktAgentCommission" Type="Edm.Decimal" Precision="28" Scale="4" sap:unicode="false" sap:unit="Currency" sap:label="MrktAgentCommision" sap:updatable="false" sap:sortable="false" sap:filterable="false"/>
                <Property Name="MrktAgentCommissionCode" Type="Edm.String" Nullable="false" MaxLength="4" sap:unicode="false" sap:label="MrktAgentCommision Code" sap:creatable="false" sap:updatable="false" sap:sortable="false" sap:filterable="false"/>
                <Property Name="BasePriceNew" Type="Edm.Decimal" Precision="28" Scale="4" sap:unicode="false" sap:unit="Currency" sap:label="Changed BasePrice" sap:updatable="false" sap:sortable="false" sap:filterable="false"/>
                <Property Name="FreightPriceNew" Type="Edm.Decimal" Precision="28" Scale="4" sap:unicode="false" sap:unit="Currency" sap:label="Changed FreightPrice" sap:updatable="false" sap:sortable="false" sap:filterable="false"/>
                <Property Name="SalesOrganization" Type="Edm.String" Nullable="false" MaxLength="4" sap:unicode="false" sap:label="Sales Organization" sap:updatable="false" sap:sortable="false"/>
                <Property Name="Division" Type="Edm.String" Nullable="false" MaxLength="2" sap:unicode="false" sap:label="Division" sap:updatable="false" sap:sortable="false"/>
                <Property Name="DistributionChannel" Type="Edm.String" Nullable="false" MaxLength="2" sap:unicode="false" sap:label="Distribution Channel" sap:updatable="false" sap:sortable="false"/>
                <Property Name="CustomerID" Type="Edm.String" Nullable="false" MaxLength="10" sap:unicode="false" sap:label="Customer Number" sap:updatable="false" sap:sortable="false"/>
                <Property Name="SalesOffice" Type="Edm.String" Nullable="false" MaxLength="4" sap:unicode="false" sap:label="Sales Office" sap:creatable="false" sap:updatable="false" sap:sortable="false" sap:filterable="false"/>
                <Property Name="OrderType" Type="Edm.String" Nullable="false" MaxLength="4" sap:unicode="false" sap:label="Sales Doc. Type" sap:creatable="false" sap:updatable="false" sap:sortable="false" sap:filterable="false"/>
                <Property Name="MrktAgentCommissionNew" Type="Edm.Decimal" Precision="28" Scale="4" sap:unicode="false" sap:unit="Currency" sap:label="Changed MrktAgentCommision" sap:updatable="false" sap:sortable="false" sap:filterable="false"/>
            </EntityType>
            <EntityType Name="BillToParty" sap:content-version="1">
                <Key>
                    <PropertyRef Name="KUNN2"/>
                </Key>
                <Property Name="KUNN2" Type="Edm.String" Nullable="false" MaxLength="10" sap:unicode="false" sap:label="Customer No" sap:creatable="false" sap:updatable="false" sap:sortable="false" sap:filterable="false"/>
                <Property Name="TEXT" Type="Edm.String" MaxLength="35" sap:unicode="false" sap:label="Customer name" sap:creatable="false" sap:updatable="false" sap:sortable="false" sap:filterable="false"/>
                <Property Name="VBELN" Type="Edm.String" Nullable="false" MaxLength="10" sap:unicode="false" sap:label="Sales Order Number" sap:creatable="false" sap:updatable="false" sap:sortable="false" sap:filterable="false"/>
                <Property Name="SalesOrganization" Type="Edm.String" MaxLength="4" sap:unicode="false" sap:label="Sales Organization" sap:creatable="false" sap:updatable="false" sap:sortable="false"/>
                <Property Name="Division" Type="Edm.String" MaxLength="2" sap:unicode="false" sap:label="Division" sap:creatable="false" sap:updatable="false" sap:sortable="false"/>
                <Property Name="DistributionChannel" Type="Edm.String" MaxLength="2" sap:unicode="false" sap:label="Distribution Channel" sap:creatable="false" sap:updatable="false" sap:sortable="false"/>
            </EntityType>
            <EntityType Name="Customer" sap:content-version="1">
                <Key>
                    <PropertyRef Name="CustomerID"/>
                    <PropertyRef Name="SalesOrganization"/>
                    <PropertyRef Name="DistributionChannel"/>
                    <PropertyRef Name="Division"/>
                </Key>
                <Property Name="CustomerID" Type="Edm.String" Nullable="false" MaxLength="10" sap:unicode="false" sap:label="Customer Number" sap:creatable="false" sap:updatable="false" sap:sortable="false" sap:filterable="false"/>
                <Property Name="CustomerName" Type="Edm.String" MaxLength="35" sap:unicode="false" sap:label="Customer" sap:creatable="false" sap:updatable="false" sap:sortable="false" sap:filterable="false"/>
                <Property Name="SalesOrganization" Type="Edm.String" Nullable="false" MaxLength="4" sap:unicode="false" sap:label="Sales Organization" sap:creatable="false" sap:updatable="false" sap:sortable="false" sap:filterable="false"/>
                <Property Name="DistributionChannel" Type="Edm.String" Nullable="false" MaxLength="2" sap:unicode="false" sap:label="Distribution Channel" sap:creatable="false" sap:updatable="false" sap:sortable="false" sap:filterable="false"/>
                <Property Name="Division" Type="Edm.String" Nullable="false" MaxLength="2" sap:unicode="false" sap:label="Division" sap:creatable="false" sap:updatable="false" sap:sortable="false" sap:filterable="false"/>
                <Property Name="SalesOrganizationName" Type="Edm.String" MaxLength="20" sap:unicode="false" sap:label="SalesOrganizationName" sap:creatable="false" sap:updatable="false" sap:sortable="false" sap:filterable="false"/>
                <Property Name="DistributionChannelName" Type="Edm.String" MaxLength="20" sap:unicode="false" sap:label="DistributionChannelName" sap:creatable="false" sap:updatable="false" sap:sortable="false" sap:filterable="false"/>
                <Property Name="DivisionName" Type="Edm.String" MaxLength="20" sap:unicode="false" sap:label="DviisionName" sap:creatable="false" sap:updatable="false" sap:sortable="false" sap:filterable="false"/>
                <Property Name="City" Type="Edm.String" MaxLength="40" sap:unicode="false" sap:label="City" sap:creatable="false" sap:updatable="false" sap:sortable="false" sap:filterable="false"/>
                <Property Name="PostalCode" Type="Edm.String" MaxLength="10" sap:unicode="false" sap:label="Postal Code" sap:creatable="false" sap:updatable="false" sap:sortable="false" sap:filterable="false"/>
                <Property Name="CityZip" Type="Edm.String" MaxLength="51" sap:unicode="false" sap:label="City/Zip" sap:creatable="false" sap:updatable="false" sap:sortable="false" sap:filterable="false"/>
                <Property Name="ShipToCarrier" Type="Edm.String" sap:unicode="false" sap:label="Ship to Carrier" sap:creatable="false" sap:updatable="false" sap:sortable="false" sap:filterable="false"/>
                <Property Name="ShipToIncoTerms" Type="Edm.String" sap:unicode="false" sap:label="Ship to Incoterms" sap:creatable="false" sap:updatable="false" sap:sortable="false" sap:filterable="false"/>
                <Property Name="ShipToAccountNo" Type="Edm.String" sap:unicode="false" sap:label="Ship to Account number" sap:creatable="false" sap:updatable="false" sap:sortable="false" sap:filterable="false"/>
                <Property Name="ShipToInstructions" Type="Edm.String" MaxLength="132" sap:unicode="false" sap:label="Ship to Instructions" sap:creatable="false" sap:updatable="false" sap:sortable="false" sap:filterable="false"/>
                <Property Name="ShipToReceiverNotes" Type="Edm.String" MaxLength="132" sap:unicode="false" sap:label="Ship to Receiver notes" sap:creatable="false" sap:updatable="false" sap:sortable="false" sap:filterable="false"/>
                <Property Name="Plant" Type="Edm.String" MaxLength="4" sap:unicode="false" sap:label="Plant" sap:creatable="false" sap:updatable="false" sap:sortable="false" sap:filterable="false"/>
                <Property Name="Currency" Type="Edm.String" MaxLength="5" sap:unicode="false" sap:label="Currency" sap:creatable="false" sap:updatable="false" sap:sortable="false" sap:filterable="false"/>
                <NavigationProperty Name="PartnerAddressSet" Relationship="YMSDOD_DELIVERYORDER_CREATE_SRV.CustomerPartnerAddress" FromRole="FromRole_CustomerPartnerAddress" ToRole="ToRole_CustomerPartnerAddress"/>
            </EntityType>
            <EntityType Name="PartnerAddress" sap:content-version="1">
                <Key>
                    <PropertyRef Name="CustomerID"/>
                    <PropertyRef Name="PartnerID"/>
                </Key>
                <Property Name="CustomerID" Type="Edm.String" Nullable="false" MaxLength="10" sap:unicode="false" sap:label="Customer ID" sap:creatable="false" sap:updatable="false" sap:sortable="false" sap:filterable="false"/>
                <Property Name="PartnerID" Type="Edm.String" Nullable="false" sap:unicode="false" sap:label="Partner ID" sap:creatable="false" sap:updatable="false" sap:sortable="false" sap:filterable="false"/>
                <Property Name="SalesOrganization" Type="Edm.String" sap:unicode="false" sap:label="Sales Organization" sap:creatable="false" sap:updatable="false" sap:sortable="false" sap:filterable="false"/>
                <Property Name="DistributionChannel" Type="Edm.String" sap:unicode="false" sap:label="Distribution Channel" sap:creatable="false" sap:updatable="false" sap:sortable="false" sap:filterable="false"/>
                <Property Name="Division" Type="Edm.String" sap:unicode="false" sap:label="Division" sap:creatable="false" sap:updatable="false" sap:sortable="false" sap:filterable="false"/>
                <Property Name="VBELN" Type="Edm.String" Nullable="false" MaxLength="10" sap:unicode="false" sap:label="Sales Order Number" sap:creatable="false" sap:updatable="false" sap:sortable="false" sap:filterable="false"/>
                <Property Name="PartnerType" Type="Edm.String" sap:unicode="false" sap:label="Partner Type" sap:creatable="false" sap:updatable="false" sap:sortable="false" sap:filterable="false"/>
                <Property Name="PartnerName" Type="Edm.String" sap:unicode="false" sap:label="Partner Name" sap:creatable="false" sap:updatable="false" sap:sortable="false" sap:filterable="false"/>
                <Property Name="PartnerName2" Type="Edm.String" sap:unicode="false" sap:label="Partner Name 2" sap:creatable="false" sap:updatable="false" sap:sortable="false" sap:filterable="false"/>
                <Property Name="ShipToAddress1" Type="Edm.String" MaxLength="35" sap:unicode="false" sap:label="Ship to Address Line 1" sap:creatable="false" sap:updatable="false" sap:sortable="false" sap:filterable="false"/>
                <Property Name="ShipToAddress2" Type="Edm.String" MaxLength="35" sap:unicode="false" sap:label="Ship to Address Line 2" sap:creatable="false" sap:updatable="false" sap:sortable="false" sap:filterable="false"/>
                <Property Name="ShipToCity" Type="Edm.String" MaxLength="35" sap:unicode="false" sap:label="Ship to City" sap:creatable="false" sap:updatable="false" sap:sortable="false" sap:filterable="false"/>
                <Property Name="ShipToCountryCode" Type="Edm.String" MaxLength="3" sap:unicode="false" sap:label="Ship to Country" sap:creatable="false" sap:updatable="false" sap:sortable="false" sap:filterable="false"/>
                <Property Name="ShipToCountryName" Type="Edm.String" sap:unicode="false" sap:label="Ship to Country" sap:creatable="false" sap:updatable="false" sap:sortable="false" sap:filterable="false"/>
                <Property Name="ShipToRegionCode" Type="Edm.String" MaxLength="3" sap:unicode="false" sap:label="Ship to Region" sap:creatable="false" sap:updatable="false" sap:sortable="false" sap:filterable="false"/>
                <Property Name="ShipToRegionName" Type="Edm.String" sap:unicode="false" sap:label="Ship to Region" sap:creatable="false" sap:updatable="false" sap:sortable="false" sap:filterable="false"/>
                <Property Name="ShipToPostalCode" Type="Edm.String" MaxLength="10" sap:unicode="false" sap:label="Ship to Postal Code" sap:creatable="false" sap:updatable="false" sap:sortable="false" sap:filterable="false"/>
                <Property Name="ShipToTelephone" Type="Edm.String" MaxLength="16" sap:unicode="false" sap:label="Ship to Telephone" sap:creatable="false" sap:updatable="false" sap:sortable="false" sap:filterable="false"/>
                <Property Name="FormattedAddress1" Type="Edm.String" sap:unicode="false" sap:label="Formatted Address Line 1" sap:creatable="false" sap:updatable="false" sap:sortable="false" sap:filterable="false"/>
                <Property Name="FormattedAddress2" Type="Edm.String" sap:unicode="false" sap:label="Formatted Address Line 2" sap:creatable="false" sap:updatable="false" sap:sortable="false" sap:filterable="false"/>
                <Property Name="FormattedAddress3" Type="Edm.String" sap:unicode="false" sap:label="Formatted Address Line 3" sap:creatable="false" sap:updatable="false" sap:sortable="false" sap:filterable="false"/>
                <Property Name="FormattedAddress4" Type="Edm.String" sap:unicode="false" sap:label="Formatted Address Line 4" sap:creatable="false" sap:updatable="false" sap:sortable="false" sap:filterable="false"/>
                <Property Name="FormattedAddress5" Type="Edm.String" sap:unicode="false" sap:label="Formatted Address Line 5" sap:creatable="false" sap:updatable="false" sap:sortable="false" sap:filterable="false"/>
                <Property Name="FormattedAddress6" Type="Edm.String" sap:unicode="false" sap:label="Formatted Address Line 6" sap:creatable="false" sap:updatable="false" sap:sortable="false" sap:filterable="false"/>
                <Property Name="FormattedAddress7" Type="Edm.String" sap:unicode="false" sap:label="Formatted Address Line 7" sap:creatable="false" sap:updatable="false" sap:sortable="false" sap:filterable="false"/>
                <Property Name="FormattedAddress8" Type="Edm.String" sap:unicode="false" sap:label="Formatted Address Line 8" sap:creatable="false" sap:updatable="false" sap:sortable="false" sap:filterable="false"/>
                <Property Name="FormattedAddress9" Type="Edm.String" sap:unicode="false" sap:label="Formatted Address Line 9" sap:creatable="false" sap:updatable="false" sap:sortable="false" sap:filterable="false"/>
            </EntityType>
            <EntityType Name="Product" sap:content-version="1">
                <Key>
                    <PropertyRef Name="ProductID"/>
                    <PropertyRef Name="CustomerNo"/>
                    <PropertyRef Name="SalesOrganization"/>
                    <PropertyRef Name="DistributionChannel"/>
                    <PropertyRef Name="Division"/>
                </Key>
                <Property Name="ProductID" Type="Edm.String" Nullable="false" MaxLength="18" sap:unicode="false" sap:label="Product No." sap:creatable="false" sap:updatable="false" sap:sortable="false" sap:filterable="false"/>
                <Property Name="ProductDesc" Type="Edm.String" MaxLength="40" sap:unicode="false" sap:label="Product Descriptiion" sap:creatable="false" sap:updatable="false" sap:sortable="false" sap:filterable="false"/>
                <Property Name="CustomerNo" Type="Edm.String" Nullable="false" MaxLength="10" sap:unicode="false" sap:label="Customer Number" sap:creatable="false" sap:updatable="false" sap:sortable="false" sap:filterable="false"/>
                <Property Name="SalesOrganization" Type="Edm.String" Nullable="false" MaxLength="4" sap:unicode="false" sap:label="Sales Organization" sap:creatable="false" sap:updatable="false" sap:sortable="false"/>
                <Property Name="DistributionChannel" Type="Edm.String" Nullable="false" MaxLength="2" sap:unicode="false" sap:label="Distribution Channel" sap:creatable="false" sap:updatable="false" sap:sortable="false"/>
                <Property Name="Division" Type="Edm.String" Nullable="false" MaxLength="2" sap:unicode="false" sap:label="Division" sap:creatable="false" sap:updatable="false" sap:sortable="false" sap:filterable="false"/>
                <Property Name="UOM" Type="Edm.String" MaxLength="3" sap:unicode="false" sap:label="Unit of Measure" sap:creatable="false" sap:updatable="false" sap:sortable="false" sap:filterable="false"/>
                <Property Name="UOMDesc" Type="Edm.String" MaxLength="30" sap:unicode="false" sap:label="Unit of Measure Description" sap:creatable="false" sap:updatable="false" sap:sortable="false" sap:filterable="false"/>
                <Property Name="NetPrice" Type="Edm.Decimal" Precision="23" Scale="2" sap:unicode="false" sap:label="Net Price" sap:creatable="false" sap:updatable="false" sap:sortable="false" sap:filterable="false"/>
                <Property Name="Currency" Type="Edm.String" MaxLength="5" sap:unicode="false" sap:label="Currency" sap:creatable="false" sap:updatable="false" sap:sortable="false" sap:filterable="false"/>
                <Property Name="CustomerProductNo" Type="Edm.String" MaxLength="35" sap:unicode="false" sap:label="Customer Product Number" sap:creatable="false" sap:updatable="false" sap:sortable="false" sap:filterable="false"/>
                <Property Name="ProductReferenceNo" Type="Edm.String" MaxLength="18" sap:unicode="false" sap:label="Product Reference Number" sap:creatable="false" sap:updatable="false" sap:sortable="false" sap:filterable="false"/>
                <Property Name="ImageFlag" Type="Edm.Boolean" sap:unicode="false" sap:label="Flag for image" sap:creatable="false" sap:updatable="false" sap:sortable="false" sap:filterable="false"/>
            </EntityType>
            <EntityType Name="ForwardingAgent" sap:content-version="1">
                <Key>
                    <PropertyRef Name="KUNNR"/>
                </Key>
                <Property Name="KUNNR" Type="Edm.String" Nullable="false" MaxLength="10" sap:unicode="false" sap:creatable="false" sap:updatable="false" sap:sortable="false" sap:filterable="false"/>
                <Property Name="TEXT" Type="Edm.String" Nullable="false" MaxLength="30" sap:unicode="false" sap:creatable="false" sap:updatable="false" sap:sortable="false" sap:filterable="false"/>
            </EntityType>
            <EntityType Name="MarketingAgent" sap:content-version="1">
                <Key>
                    <PropertyRef Name="KUNNR"/>
                </Key>
                <Property Name="KUNNR" Type="Edm.String" Nullable="false" MaxLength="10" sap:unicode="false" sap:creatable="false" sap:updatable="false" sap:sortable="false" sap:filterable="false"/>
                <Property Name="TEXT" Type="Edm.String" Nullable="false" MaxLength="30" sap:unicode="false" sap:creatable="false" sap:updatable="false" sap:sortable="false" sap:filterable="false"/>
            </EntityType>
            <EntityType Name="InspectionAgent" sap:content-version="1">
                <Key>
                    <PropertyRef Name="KUNNR"/>
                </Key>
                <Property Name="KUNNR" Type="Edm.String" Nullable="false" MaxLength="10" sap:unicode="false" sap:label="KUNNR" sap:creatable="false" sap:updatable="false" sap:sortable="false" sap:filterable="false"/>
            </EntityType>
            <ComplexType Name="OrderPartnersOut">
                <Property Name="Operation" Type="Edm.String" Nullable="false" MaxLength="3" sap:label="Function" sap:creatable="false" sap:updatable="false" sap:sortable="false" sap:filterable="false"/>
                <Property Name="SdDoc" Type="Edm.String" Nullable="false" MaxLength="10" sap:label="SD Document" sap:creatable="false" sap:updatable="false" sap:sortable="false" sap:filterable="false"/>
                <Property Name="ItmNumber" Type="Edm.String" Nullable="false" MaxLength="6" sap:label="Item" sap:creatable="false" sap:updatable="false" sap:sortable="false" sap:filterable="false"/>
                <Property Name="PartnRole" Type="Edm.String" Nullable="false" MaxLength="2" sap:label="Partner Functn" sap:creatable="false" sap:updatable="false" sap:sortable="false" sap:filterable="false"/>
                <Property Name="Customer" Type="Edm.String" Nullable="false" MaxLength="10" sap:label="Customer" sap:creatable="false" sap:updatable="false" sap:sortable="false" sap:filterable="false"/>
                <Property Name="VendorNo" Type="Edm.String" Nullable="false" MaxLength="10" sap:label="Vendor" sap:creatable="false" sap:updatable="false" sap:sortable="false" sap:filterable="false"/>
                <Property Name="PersonNo" Type="Edm.String" Nullable="false" MaxLength="8" sap:label="Personnel No." sap:creatable="false" sap:updatable="false" sap:sortable="false" sap:filterable="false"/>
                <Property Name="Contact" Type="Edm.String" Nullable="false" MaxLength="10" sap:label="Contact Person" sap:creatable="false" sap:updatable="false" sap:sortable="false" sap:filterable="false"/>
                <Property Name="Address" Type="Edm.String" Nullable="false" MaxLength="10" sap:label="Address" sap:creatable="false" sap:updatable="false" sap:sortable="false" sap:filterable="false"/>
                <Property Name="UnloadPt" Type="Edm.String" Nullable="false" MaxLength="25" sap:label="Road Dest. Code" sap:creatable="false" sap:updatable="false" sap:sortable="false" sap:filterable="false"/>
                <Property Name="Country" Type="Edm.String" Nullable="false" MaxLength="3" sap:label="Country" sap:creatable="false" sap:updatable="false" sap:sortable="false" sap:filterable="false"/>
                <Property Name="Countryiso" Type="Edm.String" Nullable="false" MaxLength="2" sap:label="ISO code" sap:creatable="false" sap:updatable="false" sap:sortable="false" sap:filterable="false"/>
                <Property Name="AddreIndi" Type="Edm.String" Nullable="false" MaxLength="1" sap:label="Adress ind." sap:creatable="false" sap:updatable="false" sap:sortable="false" sap:filterable="false"/>
                <Property Name="Acc1Time" Type="Edm.Boolean" Nullable="false" sap:label="One-time acct" sap:creatable="false" sap:updatable="false" sap:sortable="false" sap:filterable="false"/>
                <Property Name="Custhityp" Type="Edm.String" Nullable="false" MaxLength="1" sap:label="Hierarchy type" sap:creatable="false" sap:updatable="false" sap:sortable="false" sap:filterable="false"/>
                <Property Name="PricRel" Type="Edm.Boolean" Nullable="false" sap:label="Price determin." sap:creatable="false" sap:updatable="false" sap:sortable="false" sap:filterable="false"/>
                <Property Name="RebateRel" Type="Edm.Boolean" Nullable="false" sap:label="Rebate" sap:creatable="false" sap:updatable="false" sap:sortable="false" sap:filterable="false"/>
                <Property Name="LevelNr" Type="Edm.String" Nullable="false" MaxLength="2" sap:label="Hierarchy level" sap:creatable="false" sap:updatable="false" sap:sortable="false" sap:filterable="false"/>
                <Property Name="DescPartn" Type="Edm.String" Nullable="false" MaxLength="30" sap:label="Partner desc." sap:creatable="false" sap:updatable="false" sap:sortable="false" sap:filterable="false"/>
                <Property Name="Transpzone" Type="Edm.String" Nullable="false" MaxLength="10" sap:label="Transport Zone" sap:creatable="false" sap:updatable="false" sap:sortable="false" sap:filterable="false"/>
                <Property Name="AssignHi" Type="Edm.String" Nullable="false" MaxLength="2" sap:label="Hier.assignment" sap:creatable="false" sap:updatable="false" sap:sortable="false" sap:filterable="false"/>
                <Property Name="VatRegNo" Type="Edm.String" Nullable="false" MaxLength="20" sap:label="VAT Reg. No." sap:creatable="false" sap:updatable="false" sap:sortable="false" sap:filterable="false"/>
                <Property Name="Furtherpar" Type="Edm.Boolean" Nullable="false" sap:label="F.partners" sap:creatable="false" sap:updatable="false" sap:sortable="false" sap:filterable="false"/>
                <Property Name="PersNo" Type="Edm.String" Nullable="false" MaxLength="10" sap:label="Person number" sap:creatable="false" sap:updatable="false" sap:sortable="false" sap:filterable="false"/>
                <Property Name="CalendUpd" Type="Edm.String" Nullable="false" MaxLength="1" sap:label="Appointments" sap:creatable="false" sap:updatable="false" sap:sortable="false" sap:filterable="false"/>
            </ComplexType>
            <Association Name="CustomerPartnerAddress" sap:content-version="1">
                <End Type="YMSDOD_DELIVERYORDER_CREATE_SRV.Customer" Multiplicity="1" Role="FromRole_CustomerPartnerAddress"/>
                <End Type="YMSDOD_DELIVERYORDER_CREATE_SRV.PartnerAddress" Multiplicity="*" Role="ToRole_CustomerPartnerAddress"/>
                <ReferentialConstraint>
                    <Principal Role="FromRole_CustomerPartnerAddress">
                        <PropertyRef Name="Division"/>
                        <PropertyRef Name="DistributionChannel"/>
                        <PropertyRef Name="SalesOrganization"/>
                        <PropertyRef Name="CustomerID"/>
                    </Principal>
                    <Dependent Role="ToRole_CustomerPartnerAddress">
                        <PropertyRef Name="Division"/>
                        <PropertyRef Name="DistributionChannel"/>
                        <PropertyRef Name="SalesOrganization"/>
                        <PropertyRef Name="CustomerID"/>
                    </Dependent>
                </ReferentialConstraint>
            </Association>
            <Association Name="SalesOrderOrderItem" sap:content-version="1">
                <End Type="YMSDOD_DELIVERYORDER_CREATE_SRV.SalesOrder" Multiplicity="1" Role="FromRole_SalesOrderOrderItem"/>
                <End Type="YMSDOD_DELIVERYORDER_CREATE_SRV.OrderItem" Multiplicity="*" Role="ToRole_SalesOrderOrderItem"/>
                <ReferentialConstraint>
                    <Principal Role="FromRole_SalesOrderOrderItem">
                        <PropertyRef Name="OrderType"/>
                        <PropertyRef Name="DistributionChannel"/>
                        <PropertyRef Name="Division"/>
                        <PropertyRef Name="SalesOrderNumber"/>
                        <PropertyRef Name="SalesOrganization"/>
                        <PropertyRef Name="SalesOffice"/>
                    </Principal>
                    <Dependent Role="ToRole_SalesOrderOrderItem">
                        <PropertyRef Name="OrderType"/>
                        <PropertyRef Name="DistributionChannel"/>
                        <PropertyRef Name="Division"/>
                        <PropertyRef Name="SalesOrderNumber"/>
                        <PropertyRef Name="SalesOrganization"/>
                        <PropertyRef Name="SalesOffice"/>
                    </Dependent>
                </ReferentialConstraint>
            </Association>
            <EntityContainer Name="YMSDOD_DELIVERYORDER_CREATE_SRV_Entities" m:IsDefaultEntityContainer="true" sap:supported-formats="atom json xlsx">
                <EntitySet Name="SalesOrders" EntityType="YMSDOD_DELIVERYORDER_CREATE_SRV.SalesOrder" sap:creatable="false" sap:updatable="false" sap:deletable="false" sap:pageable="false" sap:addressable="false" sap:content-version="1"/>
                <EntitySet Name="OrderItems" EntityType="YMSDOD_DELIVERYORDER_CREATE_SRV.OrderItem" sap:creatable="false" sap:updatable="false" sap:deletable="false" sap:pageable="false" sap:addressable="false" sap:content-version="1"/>
                <EntitySet Name="BillToPartySet" EntityType="YMSDOD_DELIVERYORDER_CREATE_SRV.BillToParty" sap:creatable="false" sap:updatable="false" sap:deletable="false" sap:pageable="false" sap:addressable="false" sap:content-version="1"/>
                <EntitySet Name="Customers" EntityType="YMSDOD_DELIVERYORDER_CREATE_SRV.Customer" sap:creatable="false" sap:updatable="false" sap:deletable="false" sap:pageable="false" sap:addressable="false" sap:content-version="1"/>
                <EntitySet Name="PartnerAddresses" EntityType="YMSDOD_DELIVERYORDER_CREATE_SRV.PartnerAddress" sap:creatable="false" sap:updatable="false" sap:deletable="false" sap:pageable="false" sap:addressable="false" sap:content-version="1"/>
                <EntitySet Name="Products" EntityType="YMSDOD_DELIVERYORDER_CREATE_SRV.Product" sap:creatable="false" sap:updatable="false" sap:deletable="false" sap:pageable="false" sap:addressable="false" sap:content-version="1"/>
                <EntitySet Name="ForwardingAgentSet" EntityType="YMSDOD_DELIVERYORDER_CREATE_SRV.ForwardingAgent" sap:creatable="false" sap:updatable="false" sap:deletable="false" sap:pageable="false" sap:addressable="false" sap:content-version="1"/>
                <EntitySet Name="MarketingAgentSet" EntityType="YMSDOD_DELIVERYORDER_CREATE_SRV.MarketingAgent" sap:creatable="false" sap:updatable="false" sap:deletable="false" sap:pageable="false" sap:addressable="false" sap:content-version="1"/>
                <EntitySet Name="InspectionAgents" EntityType="YMSDOD_DELIVERYORDER_CREATE_SRV.InspectionAgent" sap:creatable="false" sap:updatable="false" sap:deletable="false" sap:pageable="false" sap:addressable="false" sap:content-version="1"/>
                <EntitySet Name="Plants" EntityType="YMSDOD_DELIVERYORDER_CREATE_SRV.Plant" sap:creatable="false" sap:updatable="false" sap:deletable="false" sap:pageable="false" sap:addressable="false" sap:content-version="1"/>
                <EntitySet Name="Payers" EntityType="YMSDOD_DELIVERYORDER_CREATE_SRV.Payer" sap:creatable="false" sap:updatable="false" sap:deletable="false" sap:pageable="false" sap:addressable="false" sap:content-version="1"/>
                <EntitySet Name="TestingAgents" EntityType="YMSDOD_DELIVERYORDER_CREATE_SRV.TestingAgent" sap:creatable="false" sap:updatable="false" sap:deletable="false" sap:pageable="false" sap:addressable="false" sap:content-version="1"/>
                <EntitySet Name="DistChannels" EntityType="YMSDOD_DELIVERYORDER_CREATE_SRV.DistChannel" sap:creatable="false" sap:updatable="false" sap:deletable="false" sap:pageable="false" sap:addressable="false" sap:content-version="1"/>
                <EntitySet Name="Divisions" EntityType="YMSDOD_DELIVERYORDER_CREATE_SRV.Division" sap:creatable="false" sap:updatable="false" sap:deletable="false" sap:pageable="false" sap:addressable="false" sap:content-version="1"/>
                <EntitySet Name="OrdrTypes" EntityType="YMSDOD_DELIVERYORDER_CREATE_SRV.OrdrType" sap:creatable="false" sap:updatable="false" sap:deletable="false" sap:pageable="false" sap:addressable="false" sap:content-version="1"/>
                <EntitySet Name="SalesOffices" EntityType="YMSDOD_DELIVERYORDER_CREATE_SRV.SalesOffice" sap:creatable="false" sap:updatable="false" sap:deletable="false" sap:pageable="false" sap:addressable="false" sap:content-version="1"/>
                <EntitySet Name="SalesOrgs" EntityType="YMSDOD_DELIVERYORDER_CREATE_SRV.SalesOrg" sap:creatable="false" sap:updatable="false" sap:deletable="false" sap:pageable="false" sap:addressable="false" sap:content-version="1"/>
                <AssociationSet Name="CustomerPartnerAddressSet" Association="YMSDOD_DELIVERYORDER_CREATE_SRV.CustomerPartnerAddress" sap:creatable="false" sap:updatable="false" sap:deletable="false" sap:content-version="1">
                    <End EntitySet="Customers" Role="FromRole_CustomerPartnerAddress"/>
                    <End EntitySet="PartnerAddresses" Role="ToRole_CustomerPartnerAddress"/>
                </AssociationSet>
                <AssociationSet Name="SalesOrderOrderItemSet" Association="YMSDOD_DELIVERYORDER_CREATE_SRV.SalesOrderOrderItem" sap:creatable="false" sap:updatable="false" sap:deletable="false" sap:content-version="1">
                    <End EntitySet="SalesOrders" Role="FromRole_SalesOrderOrderItem"/>
                    <End EntitySet="OrderItems" Role="ToRole_SalesOrderOrderItem"/>
                </AssociationSet>
            </EntityContainer>
            <atom:link
                xmlns:atom="http://www.w3.org/2005/Atom" rel="self" href="./sap/YMSDOD_DELIVERYORDER_CREATE_SRV/$metadata"/>
                <atom:link
                    xmlns:atom="http://www.w3.org/2005/Atom" rel="latest-version" href="./sap/YMSDOD_DELIVERYORDER_CREATE_SRV/$metadata"/>
                </Schema>
            </edmx:DataServices>
        </edmx:Edmx>