<edmx:Edmx
    xmlns:edmx="http://schemas.microsoft.com/ado/2007/06/edmx"
    xmlns:m="http://schemas.microsoft.com/ado/2007/08/dataservices/metadata"
    xmlns:sap="http://www.sap.com/Protocols/SAPData" Version="1.0">
    <edmx:DataServices m:DataServiceVersion="2.0">
        <Schema
            xmlns="http://schemas.microsoft.com/ado/2008/09/edm" Namespace="YMPCO_SCRAP_APROV_SRV" xml:lang="en" sap:schema-version="1">
            <EntityType Name="Approve" sap:content-version="1">
                <Key>
                    <PropertyRef Name="Werks"/>
                    <PropertyRef Name="Budat"/>
                </Key>
                <Property Name="Werks" Type="Edm.String" Nullable="false" MaxLength="4" sap:unicode="false" sap:label="Plant" sap:creatable="false" sap:updatable="false" sap:sortable="false" sap:filterable="false"/>
                <Property Name="Budat" Type="Edm.DateTime" Nullable="false" Precision="7" sap:unicode="false" sap:label="Posting Date" sap:creatable="false" sap:updatable="false" sap:sortable="false" sap:filterable="false"/>
                <Property Name="ReturnMsg" Type="Edm.String" Nullable="false" sap:unicode="false" sap:label="Return Message" sap:creatable="false" sap:updatable="false" sap:sortable="false" sap:filterable="false"/>
                <NavigationProperty Name="ScrapApproval" Relationship="YMPCO_SCRAP_APROV_SRV.ScrapApproval" FromRole="FromRole_ScrapApproval" ToRole="ToRole_ScrapApproval"/>
            </EntityType>
            <EntityType Name="Scrap" sap:content-version="1">
                <Key>
                    <PropertyRef Name="Werks"/>
                </Key>
                <Property Name="Mandt" Type="Edm.String" Nullable="false" MaxLength="3" sap:unicode="false" sap:label="Client" sap:creatable="false" sap:updatable="false" sap:sortable="false" sap:filterable="false"/>
                <Property Name="DaccNo" Type="Edm.String" Nullable="false" MaxLength="10" sap:unicode="false" sap:label="DACC No." sap:creatable="false" sap:updatable="false" sap:sortable="false" sap:filterable="false"/>
                <Property Name="Mjahr" Type="Edm.String" Nullable="false" MaxLength="4" sap:unicode="false" sap:label="Mat. Doc. Year" sap:creatable="false" sap:updatable="false" sap:sortable="false" sap:filterable="false"/>
                <Property Name="Ebeln" Type="Edm.String" Nullable="false" MaxLength="10" sap:unicode="false" sap:label="Purchasing Doc." sap:creatable="false" sap:updatable="false" sap:sortable="false" sap:filterable="false"/>
                <Property Name="Matnr" Type="Edm.String" Nullable="false" MaxLength="40" sap:unicode="false" sap:label="Material" sap:creatable="false" sap:updatable="false" sap:sortable="false" sap:filterable="false"/>
                <Property Name="Werks" Type="Edm.String" Nullable="false" MaxLength="4" sap:unicode="false" sap:label="Plant" sap:creatable="false" sap:updatable="false" sap:sortable="false" sap:filterable="false"/>
                <Property Name="Lgort" Type="Edm.String" Nullable="false" MaxLength="4" sap:unicode="false" sap:label="Stor. location" sap:creatable="false" sap:updatable="false" sap:sortable="false" sap:filterable="false"/>
                <Property Name="Charg" Type="Edm.String" Nullable="false" MaxLength="10" sap:unicode="false" sap:label="Batch" sap:creatable="false" sap:updatable="false" sap:sortable="false" sap:filterable="false"/>
                <Property Name="Kostl" Type="Edm.String" Nullable="false" MaxLength="10" sap:unicode="false" sap:label="Cost Center" sap:creatable="false" sap:updatable="false" sap:sortable="false" sap:filterable="false"/>
                <Property Name="Menge" Type="Edm.Decimal" Nullable="false" Precision="13" Scale="3" sap:unicode="false" sap:unit="Meins" sap:label="Quantity" sap:creatable="false" sap:updatable="false" sap:sortable="false" sap:filterable="false"/>
                <Property Name="Budat" Type="Edm.DateTime" Precision="7" sap:unicode="false" sap:label="Posting Date" sap:creatable="false" sap:updatable="false" sap:sortable="false" sap:filterable="false"/>
                <Property Name="ConfirmS" Type="Edm.String" Nullable="false" MaxLength="1" sap:unicode="false" sap:label="Confirm Status" sap:creatable="false" sap:updatable="false" sap:sortable="false" sap:filterable="false"/>
                <Property Name="Ernam" Type="Edm.String" Nullable="false" MaxLength="12" sap:unicode="false" sap:label="Created by" sap:creatable="false" sap:updatable="false" sap:sortable="false" sap:filterable="false"/>
                <Property Name="Erdat" Type="Edm.DateTime" Precision="7" sap:unicode="false" sap:label="Created on" sap:creatable="false" sap:updatable="false" sap:sortable="false" sap:filterable="false"/>
                <Property Name="Meins" Type="Edm.String" Nullable="false" MaxLength="3" sap:unicode="false" sap:label="Base Unit" sap:creatable="false" sap:updatable="false" sap:sortable="false" sap:filterable="false" sap:semantics="unit-of-measure"/>
                <Property Name="ErrorMsg" Type="Edm.String" Nullable="false" MaxLength="75" sap:unicode="false" sap:label="Error Message" sap:creatable="false" sap:updatable="false" sap:sortable="false" sap:filterable="false"/>
                <Property Name="TfrMatDoc" Type="Edm.String" Nullable="false" MaxLength="10" sap:unicode="false" sap:label="Material Doc." sap:creatable="false" sap:updatable="false" sap:sortable="false" sap:filterable="false"/>
                <Property Name="TfrMatDocYear" Type="Edm.String" Nullable="false" MaxLength="4" sap:unicode="false" sap:label="Mat. Doc. Year" sap:creatable="false" sap:updatable="false" sap:sortable="false" sap:filterable="false"/>
            </EntityType>
            <Association Name="ScrapApproval" sap:content-version="1">
                <End Type="YMPCO_SCRAP_APROV_SRV.Approve" Multiplicity="*" Role="FromRole_ScrapApproval"/>
                <End Type="YMPCO_SCRAP_APROV_SRV.Scrap" Multiplicity="*" Role="ToRole_ScrapApproval"/>
                <ReferentialConstraint>
                    <Principal Role="FromRole_ScrapApproval">
                        <PropertyRef Name="Budat"/>
                        <PropertyRef Name="Werks"/>
                    </Principal>
                    <Dependent Role="ToRole_ScrapApproval">
                        <PropertyRef Name="Budat"/>
                        <PropertyRef Name="Werks"/>
                    </Dependent>
                </ReferentialConstraint>
            </Association>
            <EntityContainer Name="YMPCO_SCRAP_APROV_SRV_Entities" m:IsDefaultEntityContainer="true" sap:supported-formats="atom json xlsx">
                <EntitySet Name="ApproveSet" EntityType="YMPCO_SCRAP_APROV_SRV.Approve" sap:creatable="false" sap:updatable="false" sap:deletable="false" sap:pageable="false" sap:addressable="false" sap:content-version="1"/>
                <EntitySet Name="ScrapSet" EntityType="YMPCO_SCRAP_APROV_SRV.Scrap" sap:creatable="false" sap:updatable="false" sap:deletable="false" sap:pageable="false" sap:content-version="1"/>
                <AssociationSet Name="ScrapApprovalSet" Association="YMPCO_SCRAP_APROV_SRV.ScrapApproval" sap:creatable="false" sap:updatable="false" sap:deletable="false" sap:content-version="1">
                    <End EntitySet="ApproveSet" Role="FromRole_ScrapApproval"/>
                    <End EntitySet="ScrapSet" Role="ToRole_ScrapApproval"/>
                </AssociationSet>
            </EntityContainer>
            <atom:link
                xmlns:atom="http://www.w3.org/2005/Atom" rel="self" href="./sap/YMPCO_SCRAP_APROV_SRV/$metadata"/>
                <atom:link
                    xmlns:atom="http://www.w3.org/2005/Atom" rel="latest-version" href="./sap/YMPCO_SCRAP_APROV_SRV/$metadata"/>
                </Schema>
            </edmx:DataServices>
        </edmx:Edmx>