[{
	"Mandt": "600",
	"DaccNo": "35182",
	"Mjahr": "2018",
	"Ebeln": "3000114759",
	"Matnr": "000000000140000236",
	"Werks": "041",
	"Lgort": "CR01",
	"Menge": 0.001,
	"Budat": "/Date(1514745000000)/",
	"ConfirmS": "A",
	"Ernam": "146380_D",
	"Erdat": "/Date(1514745000000)/",
	"Meins": "TO",
	"TfrMatDocYear": "0000"
}, {
	"Mandt": "600",
	"DaccNo": "2808",
	"Mjahr": "2018",
	"Ebeln": "3000114759",
	"Matnr": "000000000140000236",
	"Werks": "041",
	"Lgort": "CR01",
	"Menge": 0.001,
	"Budat": "/Date(1514745000000)/",
	"ConfirmS": "A",
	"Ernam": "146380_D",
	"Meins": "TO",
	"TfrMatDocYear": "0000"
}]